utc_timestamp,N1,N2,N3,N4
2018-01-01 00:00,0,-0.021737749,-0.03438775,-0.018693826
2018-01-01 01:00,0,-0.021332501,-0.033726443,-0.017781552
2018-01-01 02:00,0,-0.020693062,-0.032618863,-0.016453683
2018-01-01 03:00,0,-0.019951476,-0.031501945,-0.014650066
2018-01-01 04:00,0,-0.019216149,-0.029985634,-0.014199678
2018-01-01 05:00,0,-0.019043634,-0.029911416,-0.014355839
2018-01-01 06:00,0,-0.019898987,-0.029502253,-0.015545202
2018-01-01 07:00,0,-0.02059197,-0.030078041,-0.016712059
2018-01-01 08:00,0,-0.021440503,-0.030865702,-0.017735577
2018-01-01 09:00,0,-0.022358788,-0.03154953,-0.017238018
2018-01-01 10:00,0,-0.021235352,-0.031231424,-0.015549596
2018-01-01 11:00,0,-0.018503024,-0.031443451,-0.013621023
2018-01-01 12:00,0,-0.021123942,-0.033108257,-0.013262588
2018-01-01 13:00,0,-0.022728709,-0.033949207,-0.014898034
2018-01-01 14:00,0,-0.022473883,-0.034813377,-0.016246976
2018-01-01 15:00,0,-0.022925308,-0.034317187,-0.017574055
2018-01-01 16:00,0,-0.022633611,-0.034059107,-0.01645274
2018-01-01 17:00,0,-0.021301541,-0.033670671,-0.016352048
2018-01-01 18:00,0,-0.020517068,-0.033529334,-0.017844725
2018-01-01 19:00,0,-0.02130236,-0.033686414,-0.018861996
2018-01-01 20:00,0,-0.021560752,-0.03403904,-0.019685312
2018-01-01 21:00,0,-0.022066916,-0.035445683,-0.019755871
2018-01-01 22:00,0,-0.021850405,-0.036568906,-0.019084067
2018-01-01 23:00,0,-0.021803045,-0.035668443,-0.018001378
2018-01-02 00:00,0,-0.021059212,-0.034185072,-0.017564758
2018-01-02 01:00,0,-0.020785717,-0.033076396,-0.01726087
2018-01-02 02:00,0,-0.020586504,-0.032422204,-0.016552003
2018-01-02 03:00,0,-0.020520795,-0.032081834,-0.015459531
2018-01-02 04:00,0,-0.020810744,-0.03180386,-0.015855404
2018-01-02 05:00,0,-0.021986529,-0.032576397,-0.017519107
2018-01-02 06:00,0,-0.02377963,-0.034300098,-0.020035722
2018-01-02 07:00,0,-0.024913611,-0.036197464,-0.021678745
2018-01-02 08:00,0,-0.025592091,-0.037656584,-0.022439324
2018-01-02 09:00,0,-0.026066211,-0.03820704,-0.0215414
2018-01-02 10:00,0,-0.024426216,-0.037590863,-0.019462432
2018-01-02 11:00,0,-0.021530174,-0.03702238,-0.01803849
2018-01-02 12:00,0,-0.024169437,-0.037627389,-0.0174546
2018-01-02 13:00,0,-0.025863467,-0.038668295,-0.019154097
2018-01-02 14:00,0,-0.025741355,-0.039375472,-0.020263346
2018-01-02 15:00,0,-0.026124119,-0.038474397,-0.020371497
2018-01-02 16:00,0,-0.025644651,-0.038012986,-0.018488874
2018-01-02 17:00,0,-0.023517043,-0.037603987,-0.01786925
2018-01-02 18:00,0,-0.022483574,-0.03704687,-0.020106248
2018-01-02 19:00,0,-0.023227692,-0.036912458,-0.021436639
2018-01-02 20:00,0,-0.02347853,-0.036697343,-0.021829543
2018-01-02 21:00,0,-0.023967645,-0.037850947,-0.022539741
2018-01-02 22:00,0,-0.023431761,-0.03826467,-0.020316954
2018-01-02 23:00,0,-0.023239427,-0.037485054,-0.019095065
2018-01-03 00:00,0,-0.022568481,-0.036043409,-0.018513739
2018-01-03 01:00,0,-0.022238141,-0.03566025,-0.018155995
2018-01-03 02:00,0,-0.02196477,-0.034079562,-0.017523767
2018-01-03 03:00,0,-0.02174918,-0.034297302,-0.016460791
2018-01-03 04:00,0,-0.021976591,-0.033726899,-0.017197025
2018-01-03 05:00,0,-0.023010748,-0.033947739,-0.019107013
2018-01-03 06:00,0,-0.024777841,-0.036007525,-0.021307066
2018-01-03 07:00,0,-0.025742877,-0.037828743,-0.022605161
2018-01-03 08:00,0,-0.026264084,-0.038890591,-0.023022266
2018-01-03 09:00,0,-0.026878178,-0.039381373,-0.021974995
2018-01-03 10:00,0,-0.025190278,-0.038636022,-0.020082953
2018-01-03 11:00,0,-0.022322567,-0.037534096,-0.018807653
2018-01-03 12:00,0,-0.025259723,-0.038817491,-0.01809112
2018-01-03 13:00,0,-0.02698637,-0.039752637,-0.019599073
2018-01-03 14:00,0,-0.026467629,-0.040101141,-0.020391779
2018-01-03 15:00,0,-0.026810416,-0.039578194,-0.020798716
2018-01-03 16:00,0,-0.026111816,-0.039651404,-0.019328593
2018-01-03 17:00,0,-0.023869813,-0.039170701,-0.019029611
2018-01-03 18:00,0,-0.022575336,-0.038243911,-0.020728772
2018-01-03 19:00,0,-0.023543207,-0.037997846,-0.022199049
2018-01-03 20:00,0,-0.023747704,-0.037759844,-0.022411514
2018-01-03 21:00,0,-0.02400627,-0.038895486,-0.022287625
2018-01-03 22:00,0,-0.023570056,-0.039522536,-0.020770511
2018-01-03 23:00,0,-0.023497852,-0.038991374,-0.019490566
2018-01-04 00:00,0,-0.022806862,-0.037580019,-0.018939836
2018-01-04 01:00,0,-0.022369956,-0.036765794,-0.018643863
2018-01-04 02:00,0,-0.021898298,-0.036082618,-0.017965948
2018-01-04 03:00,0,-0.02176798,-0.035549679,-0.016837819
2018-01-04 04:00,0,-0.021964343,-0.034984625,-0.017721094
2018-01-04 05:00,0,-0.023050748,-0.036025757,-0.019727225
2018-01-04 06:00,0,-0.024613263,-0.037683095,-0.021796462
2018-01-04 07:00,0,-0.025568456,-0.03982564,-0.023018707
2018-01-04 08:00,0,-0.026214066,-0.041421963,-0.023448117
2018-01-04 09:00,0,-0.026811549,-0.04180216,-0.022736119
2018-01-04 10:00,0,-0.025242652,-0.040534446,-0.020715211
2018-01-04 11:00,0,-0.022350426,-0.039142806,-0.01919027
2018-01-04 12:00,0,-0.025087578,-0.040043924,-0.019069452
2018-01-04 13:00,0,-0.026759941,-0.040553887,-0.020634481
2018-01-04 14:00,0,-0.02665579,-0.040980279,-0.021288196
2018-01-04 15:00,0,-0.027082574,-0.040133809,-0.021215466
2018-01-04 16:00,0,-0.026160689,-0.039988278,-0.019634783
2018-01-04 17:00,0,-0.023896644,-0.039787093,-0.019429732
2018-01-04 18:00,0,-0.02274444,-0.038873795,-0.021261838
2018-01-04 19:00,0,-0.023570607,-0.038405433,-0.022595755
2018-01-04 20:00,0,-0.023780632,-0.038418662,-0.022647822
2018-01-04 21:00,0,-0.024015478,-0.039692007,-0.022207139
2018-01-04 22:00,0,-0.023649446,-0.040108893,-0.021447917
2018-01-04 23:00,0,-0.023440012,-0.03921591,-0.020186883
2018-01-05 00:00,0,-0.022658552,-0.037641977,-0.019704398
2018-01-05 01:00,0,-0.022300458,-0.036913952,-0.019471685
2018-01-05 02:00,0,-0.021979559,-0.035877556,-0.018765391
2018-01-05 03:00,0,-0.02168849,-0.035457055,-0.017732333
2018-01-05 04:00,0,-0.021843185,-0.03524665,-0.018521408
2018-01-05 05:00,0,-0.023052908,-0.036159904,-0.020575831
2018-01-05 06:00,0,-0.024679011,-0.03779293,-0.022426054
2018-01-05 07:00,0,-0.025659302,-0.040006448,-0.023207259
2018-01-05 08:00,0,-0.026129629,-0.040991064,-0.022920216
2018-01-05 09:00,0,-0.026444564,-0.041626733,-0.021770148
2018-01-05 10:00,0,-0.024569245,-0.039999784,-0.019628898
2018-01-05 11:00,0,-0.021348385,-0.039405933,-0.018346016
2018-01-05 12:00,0,-0.024097121,-0.039605694,-0.01808907
2018-01-05 13:00,0,-0.025943968,-0.040686537,-0.019698353
2018-01-05 14:00,0,-0.025684628,-0.040401131,-0.020764926
2018-01-05 15:00,0,-0.026185999,-0.040133974,-0.021042971
2018-01-05 16:00,0,-0.025646372,-0.040164159,-0.019045512
2018-01-05 17:00,0,-0.023333645,-0.039558983,-0.018932232
2018-01-05 18:00,0,-0.022143621,-0.038840866,-0.020614432
2018-01-05 19:00,0,-0.022930216,-0.038365405,-0.021847529
2018-01-05 20:00,0,-0.023122911,-0.038083779,-0.022295516
2018-01-05 21:00,0,-0.023191032,-0.039830057,-0.022476993
2018-01-05 22:00,0,-0.022987005,-0.040812364,-0.021345227
2018-01-05 23:00,0,-0.022747241,-0.039355515,-0.019942199
2018-01-06 00:00,0,-0.022099412,-0.037941524,-0.019519658
2018-01-06 01:00,0,-0.021744141,-0.037341135,-0.019304704
2018-01-06 02:00,0,-0.021314011,-0.036430381,-0.018580574
2018-01-06 03:00,0,-0.020854277,-0.035429214,-0.017212081
2018-01-06 04:00,0,-0.020491562,-0.034240747,-0.016865526
2018-01-06 05:00,0,-0.020358723,-0.033723258,-0.01764712
2018-01-06 06:00,0,-0.021359761,-0.034077917,-0.019940389
2018-01-06 07:00,0,-0.022238036,-0.035661688,-0.021236502
2018-01-06 08:00,0,-0.022970762,-0.037468511,-0.021394724
2018-01-06 09:00,0,-0.023479699,-0.038622203,-0.020179817
2018-01-06 10:00,0,-0.022013302,-0.037905063,-0.018112038
2018-01-06 11:00,0,-0.018891641,-0.037205489,-0.016355026
2018-01-06 12:00,0,-0.021091414,-0.037813244,-0.016073454
2018-01-06 13:00,0,-0.022665079,-0.038191287,-0.017311407
2018-01-06 14:00,0,-0.022725429,-0.038354646,-0.018574711
2018-01-06 15:00,0,-0.023215079,-0.037930729,-0.020166658
2018-01-06 16:00,0,-0.023186401,-0.038204062,-0.019189485
2018-01-06 17:00,0,-0.021659667,-0.037832464,-0.018576307
2018-01-06 18:00,0,-0.020938102,-0.037063395,-0.019799689
2018-01-06 19:00,0,-0.021734366,-0.036620395,-0.020608374
2018-01-06 20:00,0,-0.022082553,-0.036516936,-0.021362409
2018-01-06 21:00,0,-0.022459158,-0.037603843,-0.021506305
2018-01-06 22:00,0,-0.02226187,-0.038497529,-0.020862569
2018-01-06 23:00,0,-0.022067797,-0.036911525,-0.019822449
2018-01-07 00:00,0,-0.021508629,-0.035847431,-0.019333123
2018-01-07 01:00,0,-0.021183478,-0.034562859,-0.018802185
2018-01-07 02:00,0,-0.020780737,-0.033768034,-0.018121173
2018-01-07 03:00,0,-0.020391329,-0.033002534,-0.016785547
2018-01-07 04:00,0,-0.019987924,-0.031291023,-0.016153484
2018-01-07 05:00,0,-0.01990098,-0.030406127,-0.016958757
2018-01-07 06:00,0,-0.020891068,-0.030692783,-0.018997161
2018-01-07 07:00,0,-0.021801242,-0.032393581,-0.020692734
2018-01-07 08:00,0,-0.022914218,-0.033918812,-0.021074545
2018-01-07 09:00,0,-0.023797817,-0.035334751,-0.020324131
2018-01-07 10:00,0,-0.02235635,-0.035146369,-0.018433434
2018-01-07 11:00,0,-0.019531518,-0.03495604,-0.016833623
2018-01-07 12:00,0,-0.021732946,-0.035656579,-0.016224731
2018-01-07 13:00,0,-0.023148841,-0.03613051,-0.017943155
2018-01-07 14:00,0,-0.023003223,-0.036060521,-0.019246367
2018-01-07 15:00,0,-0.023448754,-0.035908413,-0.020950568
2018-01-07 16:00,0,-0.023239685,-0.036570783,-0.019996728
2018-01-07 17:00,0,-0.021772857,-0.036761206,-0.019261063
2018-01-07 18:00,0,-0.020951415,-0.036733411,-0.020604401
2018-01-07 19:00,0,-0.021954954,-0.036518437,-0.021553865
2018-01-07 20:00,0,-0.022207399,-0.036270283,-0.021779261
2018-01-07 21:00,0,-0.022751318,-0.037213649,-0.021561376
2018-01-07 22:00,0,-0.022501669,-0.038011268,-0.020651249
2018-01-07 23:00,0,-0.022385335,-0.036735333,-0.019364891
2018-01-08 00:00,0,-0.021902903,-0.035872559,-0.018998595
2018-01-08 01:00,0,-0.021776882,-0.035232503,-0.018489725
2018-01-08 02:00,0,-0.021435235,-0.034497898,-0.017834263
2018-01-08 03:00,0,-0.021436553,-0.033748157,-0.017030367
2018-01-08 04:00,0,-0.022153259,-0.033266561,-0.018944144
2018-01-08 05:00,0,-0.024342767,-0.036210883,-0.021227638
2018-01-08 06:00,0,-0.026533896,-0.038790417,-0.023402376
2018-01-08 07:00,0,-0.027439029,-0.040825,-0.024435087
2018-01-08 08:00,0,-0.02772595,-0.041638793,-0.024394692
2018-01-08 09:00,0,-0.028066124,-0.041839827,-0.023228922
2018-01-08 10:00,0,-0.026305262,-0.040548291,-0.021220301
2018-01-08 11:00,0,-0.023028889,-0.039386844,-0.019616152
2018-01-08 12:00,0,-0.025914523,-0.040351756,-0.019565171
2018-01-08 13:00,0,-0.027597355,-0.0410179,-0.021120405
2018-01-08 14:00,0,-0.027438378,-0.041115289,-0.021665436
2018-01-08 15:00,0,-0.027663406,-0.040457786,-0.021387803
2018-01-08 16:00,0,-0.026759659,-0.0404855,-0.020223522
2018-01-08 17:00,0,-0.024546243,-0.039475387,-0.019688057
2018-01-08 18:00,0,-0.023275219,-0.039091179,-0.021681845
2018-01-08 19:00,0,-0.024049874,-0.039407091,-0.022781448
2018-01-08 20:00,0,-0.02427069,-0.039101318,-0.022929728
2018-01-08 21:00,0,-0.024275945,-0.040048961,-0.022706415
2018-01-08 22:00,0,-0.023859975,-0.040416907,-0.021390652
2018-01-08 23:00,0,-0.023697966,-0.039611583,-0.020142255
2018-01-09 00:00,0,-0.023124795,-0.038290891,-0.019688115
2018-01-09 01:00,0,-0.022875076,-0.037365027,-0.019279472
2018-01-09 02:00,0,-0.022507194,-0.036586045,-0.018710071
2018-01-09 03:00,0,-0.022345765,-0.036092699,-0.017790249
2018-01-09 04:00,0,-0.022684031,-0.035482856,-0.018792992
2018-01-09 05:00,0,-0.024380857,-0.037105303,-0.02100865
2018-01-09 06:00,0,-0.0264975,-0.039640191,-0.023172031
2018-01-09 07:00,0,-0.027364935,-0.040804253,-0.024248432
2018-01-09 08:00,0,-0.027507836,-0.041043091,-0.024325049
2018-01-09 09:00,0,-0.027800202,-0.041124756,-0.023246618
2018-01-09 10:00,0,-0.026148374,-0.039983803,-0.021365034
2018-01-09 11:00,0,-0.022837948,-0.038612059,-0.02013323
2018-01-09 12:00,0,-0.025592766,-0.039761861,-0.019796544
2018-01-09 13:00,0,-0.027336366,-0.0407066,-0.021822281
2018-01-09 14:00,0,-0.027240101,-0.040915986,-0.022363536
2018-01-09 15:00,0,-0.02742139,-0.0403258,-0.022133739
2018-01-09 16:00,0,-0.026722621,-0.040686946,-0.020375549
2018-01-09 17:00,0,-0.024469643,-0.040306469,-0.020020583
2018-01-09 18:00,0,-0.023223272,-0.03932235,-0.022053772
2018-01-09 19:00,0,-0.024094495,-0.039058821,-0.02297523
2018-01-09 20:00,0,-0.024163536,-0.038631925,-0.023239044
2018-01-09 21:00,0,-0.024091044,-0.039715887,-0.022827072
2018-01-09 22:00,0,-0.02347763,-0.040188007,-0.021511598
2018-01-09 23:00,0,-0.023135852,-0.039611546,-0.020263708
2018-01-10 00:00,0,-0.022650916,-0.038293828,-0.019772224
2018-01-10 01:00,0,-0.022458937,-0.037061707,-0.019437806
2018-01-10 02:00,0,-0.022152172,-0.036166509,-0.018698334
2018-01-10 03:00,0,-0.02207755,-0.03571284,-0.017774104
2018-01-10 04:00,0,-0.02260299,-0.035158059,-0.018759736
2018-01-10 05:00,0,-0.024506709,-0.036723452,-0.020770768
2018-01-10 06:00,0,-0.026484545,-0.038933244,-0.022899885
2018-01-10 07:00,0,-0.027467856,-0.040243867,-0.024005508
2018-01-10 08:00,0,-0.027866879,-0.040960453,-0.024189493
2018-01-10 09:00,0,-0.028234916,-0.040841497,-0.023383468
2018-01-10 10:00,0,-0.026197055,-0.039609906,-0.021508288
2018-01-10 11:00,0,-0.023117948,-0.038811103,-0.020324376
2018-01-10 12:00,0,-0.025632334,-0.040035317,-0.020278984
2018-01-10 13:00,0,-0.027344623,-0.041281522,-0.021719413
2018-01-10 14:00,0,-0.027278159,-0.041804593,-0.022146089
2018-01-10 15:00,0,-0.02749782,-0.04095105,-0.022291117
2018-01-10 16:00,0,-0.026975649,-0.041180715,-0.020226547
2018-01-10 17:00,0,-0.024762225,-0.0407634,-0.019906249
2018-01-10 18:00,0,-0.023558325,-0.039920043,-0.021702717
2018-01-10 19:00,0,-0.024228014,-0.039745273,-0.022679468
2018-01-10 20:00,0,-0.024381538,-0.039359416,-0.023012759
2018-01-10 21:00,0,-0.024343232,-0.040361532,-0.021853874
2018-01-10 22:00,0,-0.023768434,-0.040891544,-0.021226563
2018-01-10 23:00,0,-0.023465094,-0.039771109,-0.02004597
2018-01-11 00:00,0,-0.022859894,-0.038401123,-0.019307956
2018-01-11 01:00,0,-0.022589063,-0.037632495,-0.019044807
2018-01-11 02:00,0,-0.022201126,-0.03683575,-0.018440448
2018-01-11 03:00,0,-0.02212624,-0.036603213,-0.017392797
2018-01-11 04:00,0,-0.022462258,-0.036061312,-0.018234924
2018-01-11 05:00,0,-0.024245269,-0.037626313,-0.020139864
2018-01-11 06:00,0,-0.026529538,-0.040058296,-0.022230883
2018-01-11 07:00,0,-0.027397063,-0.041701154,-0.023429269
2018-01-11 08:00,0,-0.027637156,-0.041869154,-0.023642046
2018-01-11 09:00,0,-0.027937195,-0.041877049,-0.022856096
2018-01-11 10:00,0,-0.026190556,-0.040688095,-0.021066531
2018-01-11 11:00,0,-0.022681566,-0.039431891,-0.019865999
2018-01-11 12:00,0,-0.025654163,-0.04049167,-0.019591705
2018-01-11 13:00,0,-0.027424862,-0.041428182,-0.021237213
2018-01-11 14:00,0,-0.027296376,-0.041673328,-0.021543713
2018-01-11 15:00,0,-0.027594289,-0.041029189,-0.021542402
2018-01-11 16:00,0,-0.026714297,-0.041375524,-0.019221532
2018-01-11 17:00,0,-0.024374241,-0.041121747,-0.019087352
2018-01-11 18:00,0,-0.023340846,-0.040292177,-0.020903222
2018-01-11 19:00,0,-0.024080159,-0.040045114,-0.022380203
2018-01-11 20:00,0,-0.02422241,-0.039567073,-0.022678528
2018-01-11 21:00,0,-0.024156192,-0.040801254,-0.022391518
2018-01-11 22:00,0,-0.02368182,-0.041116229,-0.021157441
2018-01-11 23:00,0,-0.023481706,-0.03983748,-0.019949125
2018-01-12 00:00,0,-0.022977061,-0.038371075,-0.019313157
2018-01-12 01:00,0,-0.02268638,-0.037354425,-0.018786117
2018-01-12 02:00,0,-0.022399488,-0.036844581,-0.018245115
2018-01-12 03:00,0,-0.022271008,-0.036341222,-0.017171076
2018-01-12 04:00,0,-0.022665606,-0.035844893,-0.018018903
2018-01-12 05:00,0,-0.024359665,-0.03743261,-0.020052315
2018-01-12 06:00,0,-0.026598082,-0.039874186,-0.02217982
2018-01-12 07:00,0,-0.027546088,-0.041267867,-0.023304189
2018-01-12 08:00,0,-0.027785106,-0.041559382,-0.023472287
2018-01-12 09:00,0,-0.028167648,-0.041630377,-0.02268724
2018-01-12 10:00,0,-0.026261134,-0.040394973,-0.020726347
2018-01-12 11:00,0,-0.022996579,-0.039177627,-0.019818974
2018-01-12 12:00,0,-0.025596853,-0.039992681,-0.01957488
2018-01-12 13:00,0,-0.027089916,-0.040478358,-0.021041206
2018-01-12 14:00,0,-0.026853375,-0.04064658,-0.02179812
2018-01-12 15:00,0,-0.027315578,-0.040319574,-0.021412092
2018-01-12 16:00,0,-0.026655899,-0.04033087,-0.019579674
2018-01-12 17:00,0,-0.024092394,-0.039902826,-0.019188403
2018-01-12 18:00,0,-0.022890646,-0.038953673,-0.020669072
2018-01-12 19:00,0,-0.023700888,-0.038820034,-0.022009577
2018-01-12 20:00,0,-0.023755311,-0.038591754,-0.022385305
2018-01-12 21:00,0,-0.023904754,-0.039751473,-0.022542704
2018-01-12 22:00,0,-0.023410648,-0.040344319,-0.02129328
2018-01-12 23:00,0,-0.023112693,-0.039301578,-0.020053123
2018-01-13 00:00,0,-0.022444465,-0.037957415,-0.019507267
2018-01-13 01:00,0,-0.022116218,-0.036752859,-0.019158879
2018-01-13 02:00,0,-0.021847582,-0.035795657,-0.018312114
2018-01-13 03:00,0,-0.02143586,-0.03479843,-0.016764666
2018-01-13 04:00,0,-0.021013919,-0.033241814,-0.016384731
2018-01-13 05:00,0,-0.021162274,-0.032566726,-0.017283009
2018-01-13 06:00,0,-0.022615655,-0.033254574,-0.019754426
2018-01-13 07:00,0,-0.023926074,-0.035272034,-0.021800857
2018-01-13 08:00,0,-0.024891922,-0.036882141,-0.022841286
2018-01-13 09:00,0,-0.025594371,-0.037568895,-0.022453985
2018-01-13 10:00,0,-0.024017326,-0.036768527,-0.020508135
2018-01-13 11:00,0,-0.020925756,-0.036179519,-0.019546428
2018-01-13 12:00,0,-0.023421275,-0.036883232,-0.018991906
2018-01-13 13:00,0,-0.024957641,-0.03747323,-0.020469494
2018-01-13 14:00,0,-0.024730389,-0.037351965,-0.021170855
2018-01-13 15:00,0,-0.024943712,-0.036926813,-0.021593763
2018-01-13 16:00,0,-0.024622452,-0.037911506,-0.020190041
2018-01-13 17:00,0,-0.022711668,-0.037703186,-0.019563689
2018-01-13 18:00,0,-0.021639181,-0.036978366,-0.020704078
2018-01-13 19:00,0,-0.022401832,-0.036525349,-0.02159551
2018-01-13 20:00,0,-0.02257612,-0.036096092,-0.022242339
2018-01-13 21:00,0,-0.02300023,-0.037482971,-0.022606659
2018-01-13 22:00,0,-0.02289216,-0.038613536,-0.021097614
2018-01-13 23:00,0,-0.022657172,-0.037849459,-0.02000421
2018-01-14 00:00,0,-0.021994275,-0.036624009,-0.019460989
2018-01-14 01:00,0,-0.021664435,-0.035571048,-0.018968292
2018-01-14 02:00,0,-0.021240617,-0.034542579,-0.018183288
2018-01-14 03:00,0,-0.020767793,-0.033537764,-0.016625223
2018-01-14 04:00,0,-0.020137958,-0.031774595,-0.015846511
2018-01-14 05:00,0,-0.01997156,-0.030839012,-0.0167396
2018-01-14 06:00,0,-0.021259775,-0.031501098,-0.01921213
2018-01-14 07:00,0,-0.022252628,-0.032868474,-0.021341642
2018-01-14 08:00,0,-0.023361965,-0.034501251,-0.022370531
2018-01-14 09:00,0,-0.024385762,-0.035684371,-0.022171208
2018-01-14 10:00,0,-0.023031435,-0.034805144,-0.020816255
2018-01-14 11:00,0,-0.019845811,-0.034432422,-0.019511301
2018-01-14 12:00,0,-0.022133613,-0.034681128,-0.019119164
2018-01-14 13:00,0,-0.023536447,-0.035090901,-0.02071278
2018-01-14 14:00,0,-0.023170325,-0.035620619,-0.021526549
2018-01-14 15:00,0,-0.023565717,-0.035135534,-0.022658474
2018-01-14 16:00,0,-0.023518587,-0.035870486,-0.021568
2018-01-14 17:00,0,-0.022258306,-0.03665476,-0.020978544
2018-01-14 18:00,0,-0.021461998,-0.036661984,-0.022427099
2018-01-14 19:00,0,-0.022316256,-0.036852754,-0.023115067
2018-01-14 20:00,0,-0.022835854,-0.036447162,-0.023426699
2018-01-14 21:00,0,-0.023390698,-0.037450429,-0.023043616
2018-01-14 22:00,0,-0.023241491,-0.038017171,-0.021771714
2018-01-14 23:00,0,-0.023235812,-0.037480883,-0.020539027
2018-01-15 00:00,0,-0.022700891,-0.03634137,-0.020015998
2018-01-15 01:00,0,-0.022473174,-0.035621588,-0.019631497
2018-01-15 02:00,0,-0.022238621,-0.034832336,-0.01893182
2018-01-15 03:00,0,-0.022288522,-0.034107602,-0.01794981
2018-01-15 04:00,0,-0.022465249,-0.033648927,-0.019778343
2018-01-15 05:00,0,-0.02449613,-0.036079446,-0.022139218
2018-01-15 06:00,0,-0.026720453,-0.038939439,-0.024593006
2018-01-15 07:00,0,-0.027589753,-0.040375249,-0.025840375
2018-01-15 08:00,0,-0.027791661,-0.04093809,-0.026207763
2018-01-15 09:00,0,-0.028210363,-0.040741219,-0.025241072
2018-01-15 10:00,0,-0.026357865,-0.039815704,-0.023314726
2018-01-15 11:00,0,-0.023361971,-0.038731746,-0.022223043
2018-01-15 12:00,0,-0.026027614,-0.039771849,-0.022197006
2018-01-15 13:00,0,-0.027867787,-0.040615672,-0.023205815
2018-01-15 14:00,0,-0.027630481,-0.041066338,-0.023618416
2018-01-15 15:00,0,-0.027980515,-0.040667768,-0.023303942
2018-01-15 16:00,0,-0.027418489,-0.04055821,-0.021153197
2018-01-15 17:00,0,-0.025055844,-0.040149724,-0.021394369
2018-01-15 18:00,0,-0.024130935,-0.039293374,-0.023246337
2018-01-15 19:00,0,-0.024825527,-0.038733393,-0.024279499
2018-01-15 20:00,0,-0.024952703,-0.038212575,-0.024445939
2018-01-15 21:00,0,-0.024931226,-0.039499661,-0.024238382
2018-01-15 22:00,0,-0.024446609,-0.039382497,-0.022932362
2018-01-15 23:00,0,-0.024190036,-0.038826179,-0.021636918
2018-01-16 00:00,0,-0.023682596,-0.037751204,-0.021046265
2018-01-16 01:00,0,-0.023463212,-0.036759931,-0.020571129
2018-01-16 02:00,0,-0.023060325,-0.035727396,-0.019976397
2018-01-16 03:00,0,-0.022844227,-0.035488245,-0.018833689
2018-01-16 04:00,0,-0.023268113,-0.035111714,-0.019829302
2018-01-16 05:00,0,-0.024803772,-0.03682524,-0.021800816
2018-01-16 06:00,0,-0.026813459,-0.0390418,-0.023791526
2018-01-16 07:00,0,-0.027671235,-0.040012744,-0.024896838
2018-01-16 08:00,0,-0.027933868,-0.040413673,-0.024812604
2018-01-16 09:00,0,-0.028351173,-0.040248453,-0.023576009
2018-01-16 10:00,0,-0.02668682,-0.039362178,-0.021545673
2018-01-16 11:00,0,-0.023415724,-0.037795538,-0.020382822
2018-01-16 12:00,0,-0.026070981,-0.038464784,-0.019948245
2018-01-16 13:00,0,-0.027623471,-0.039864837,-0.021608631
2018-01-16 14:00,0,-0.027453947,-0.040291074,-0.022434848
2018-01-16 15:00,0,-0.027766672,-0.039822034,-0.022281299
2018-01-16 16:00,0,-0.027152547,-0.040327306,-0.020904183
2018-01-16 17:00,0,-0.02496099,-0.040403932,-0.020739137
2018-01-16 18:00,0,-0.023423138,-0.039476238,-0.022690833
2018-01-16 19:00,0,-0.024372324,-0.039106729,-0.023677886
2018-01-16 20:00,0,-0.024607163,-0.038587723,-0.023776358
2018-01-16 21:00,0,-0.024503846,-0.039913849,-0.022780534
2018-01-16 22:00,0,-0.024046474,-0.040174153,-0.022120139
2018-01-16 23:00,0,-0.023749671,-0.038883326,-0.02086182
2018-01-17 00:00,0,-0.023405889,-0.037451225,-0.020481738
2018-01-17 01:00,0,-0.023065276,-0.036562642,-0.020109181
2018-01-17 02:00,0,-0.022763587,-0.035763499,-0.019592255
2018-01-17 03:00,0,-0.022489656,-0.035481196,-0.018492211
2018-01-17 04:00,0,-0.022911633,-0.035218693,-0.019513546
2018-01-17 05:00,0,-0.02489738,-0.036897589,-0.021737026
2018-01-17 06:00,0,-0.026910432,-0.039051424,-0.023617009
2018-01-17 07:00,0,-0.027634522,-0.040643212,-0.024364138
2018-01-17 08:00,0,-0.027941039,-0.041371191,-0.024038483
2018-01-17 09:00,0,-0.028375332,-0.041343931,-0.022743139
2018-01-17 10:00,0,-0.026755182,-0.040452482,-0.020828301
2018-01-17 11:00,0,-0.023622776,-0.038975894,-0.019285699
2018-01-17 12:00,0,-0.026224276,-0.039916038,-0.019049888
2018-01-17 13:00,0,-0.028099115,-0.040517047,-0.020530093
2018-01-17 14:00,0,-0.027726109,-0.040908181,-0.021269538
2018-01-17 15:00,0,-0.027965729,-0.040445744,-0.021460837
2018-01-17 16:00,0,-0.027457281,-0.040793782,-0.019900925
2018-01-17 17:00,0,-0.025111766,-0.040880418,-0.019398507
2018-01-17 18:00,0,-0.023751675,-0.039723563,-0.02141452
2018-01-17 19:00,0,-0.024680709,-0.039147498,-0.02252838
2018-01-17 20:00,0,-0.024954801,-0.038688015,-0.02283157
2018-01-17 21:00,0,-0.024997394,-0.039630861,-0.022409912
2018-01-17 22:00,0,-0.024439191,-0.040185536,-0.021052374
2018-01-17 23:00,0,-0.024380866,-0.03946673,-0.019980486
2018-01-18 00:00,0,-0.023744229,-0.038235933,-0.019022058
2018-01-18 01:00,0,-0.023526397,-0.037312348,-0.018798076
2018-01-18 02:00,0,-0.02307959,-0.036604517,-0.018349462
2018-01-18 03:00,0,-0.022958317,-0.036330517,-0.017353976
2018-01-18 04:00,0,-0.023249351,-0.035729236,-0.018258519
2018-01-18 05:00,0,-0.025025642,-0.037117604,-0.020352252
2018-01-18 06:00,0,-0.026797601,-0.039631672,-0.022655579
2018-01-18 07:00,0,-0.027462294,-0.041024628,-0.024208874
2018-01-18 08:00,0,-0.027778151,-0.041345206,-0.024695473
2018-01-18 09:00,0,-0.028212722,-0.040642893,-0.023541005
2018-01-18 10:00,0,-0.026559976,-0.039579819,-0.021114558
2018-01-18 11:00,0,-0.023424207,-0.038257669,-0.019867029
2018-01-18 12:00,0,-0.026250675,-0.039414551,-0.019327161
2018-01-18 13:00,0,-0.027744399,-0.040277544,-0.020718732
2018-01-18 14:00,0,-0.027273521,-0.040516438,-0.021183331
2018-01-18 15:00,0,-0.027434628,-0.04061294,-0.021200319
2018-01-18 16:00,0,-0.026855422,-0.040911105,-0.020171234
2018-01-18 17:00,0,-0.024707773,-0.040625753,-0.019967661
2018-01-18 18:00,0,-0.023297271,-0.03937776,-0.021752305
2018-01-18 19:00,0,-0.024047771,-0.038887096,-0.022791553
2018-01-18 20:00,0,-0.024328746,-0.039049017,-0.023098115
2018-01-18 21:00,0,-0.024486812,-0.040186118,-0.023032628
2018-01-18 22:00,0,-0.024048314,-0.040507515,-0.022188607
2018-01-18 23:00,0,-0.023912655,-0.039048547,-0.020975706
2018-01-19 00:00,0,-0.023341086,-0.037416085,-0.020470744
2018-01-19 01:00,0,-0.022995469,-0.036539556,-0.020050361
2018-01-19 02:00,0,-0.022442821,-0.03583585,-0.019487442
2018-01-19 03:00,0,-0.022402422,-0.035633589,-0.018457359
2018-01-19 04:00,0,-0.022905325,-0.035221789,-0.019272492
2018-01-19 05:00,0,-0.02462138,-0.036869051,-0.021303876
2018-01-19 06:00,0,-0.026800921,-0.039374203,-0.023115569
2018-01-19 07:00,0,-0.027847602,-0.040400427,-0.023111194
2018-01-19 08:00,0,-0.028188537,-0.040641098,-0.022333133
2018-01-19 09:00,0,-0.028511622,-0.040431049,-0.020719206
2018-01-19 10:00,0,-0.026566231,-0.038990236,-0.018409991
2018-01-19 11:00,0,-0.023054551,-0.037433559,-0.016732058
2018-01-19 12:00,0,-0.025434154,-0.038285997,-0.01668071
2018-01-19 13:00,0,-0.026999179,-0.039084866,-0.018688665
2018-01-19 14:00,0,-0.026623468,-0.039304745,-0.019779573
2018-01-19 15:00,0,-0.026953423,-0.038790904,-0.020662623
2018-01-19 16:00,0,-0.02674774,-0.038857086,-0.019579779
2018-01-19 17:00,0,-0.024359777,-0.038845549,-0.01931143
2018-01-19 18:00,0,-0.02336712,-0.038223683,-0.021276913
2018-01-19 19:00,0,-0.023952089,-0.038366586,-0.022369278
2018-01-19 20:00,0,-0.024070272,-0.038074048,-0.022845691
2018-01-19 21:00,0,-0.02420701,-0.039329164,-0.023049347
2018-01-19 22:00,0,-0.023935824,-0.039961141,-0.021857739
2018-01-19 23:00,0,-0.023755306,-0.038986368,-0.020580947
2018-01-20 00:00,0,-0.023069529,-0.037651701,-0.019897566
2018-01-20 01:00,0,-0.022807105,-0.036511847,-0.019579709
2018-01-20 02:00,0,-0.02228247,-0.035692176,-0.018886517
2018-01-20 03:00,0,-0.021842713,-0.034907067,-0.017270388
2018-01-20 04:00,0,-0.0212921,-0.032831087,-0.016936098
2018-01-20 05:00,0,-0.021595283,-0.032183942,-0.018021443
2018-01-20 06:00,0,-0.022883426,-0.032702878,-0.020491028
2018-01-20 07:00,0,-0.023945919,-0.034720827,-0.022039323
2018-01-20 08:00,0,-0.024790664,-0.036703417,-0.022940919
2018-01-20 09:00,0,-0.025358727,-0.037857239,-0.022219667
2018-01-20 10:00,0,-0.023589894,-0.037357834,-0.020725486
2018-01-20 11:00,0,-0.020540505,-0.037071058,-0.019279267
2018-01-20 12:00,0,-0.022893489,-0.037540537,-0.018876195
2018-01-20 13:00,0,-0.02437839,-0.038467934,-0.020374295
2018-01-20 14:00,0,-0.024162045,-0.03840837,-0.021474607
2018-01-20 15:00,0,-0.024336063,-0.037635604,-0.022138366
2018-01-20 16:00,0,-0.024505512,-0.038209313,-0.020591298
2018-01-20 17:00,0,-0.022735458,-0.038335626,-0.020056006
2018-01-20 18:00,0,-0.02160837,-0.037248411,-0.0214454
2018-01-20 19:00,0,-0.022204498,-0.036911353,-0.021846022
2018-01-20 20:00,0,-0.022428697,-0.036724233,-0.022231416
2018-01-20 21:00,0,-0.022923594,-0.037772323,-0.022403145
2018-01-20 22:00,0,-0.02271255,-0.039219159,-0.021403652
2018-01-20 23:00,0,-0.022383093,-0.038247961,-0.020535909
2018-01-21 00:00,0,-0.021866395,-0.037143521,-0.01994875
2018-01-21 01:00,0,-0.021487357,-0.03593222,-0.019536628
2018-01-21 02:00,0,-0.021187421,-0.034816634,-0.018815117
2018-01-21 03:00,0,-0.020735478,-0.034076841,-0.017164753
2018-01-21 04:00,0,-0.019983456,-0.032496731,-0.016551829
2018-01-21 05:00,0,-0.01982922,-0.031504209,-0.017409895
2018-01-21 06:00,0,-0.02096637,-0.032147827,-0.019840173
2018-01-21 07:00,0,-0.022011,-0.033327139,-0.022082181
2018-01-21 08:00,0,-0.022972593,-0.034921917,-0.023072548
2018-01-21 09:00,0,-0.023865258,-0.036074009,-0.022679339
2018-01-21 10:00,0,-0.022502876,-0.035729661,-0.021078817
2018-01-21 11:00,0,-0.019356875,-0.03533876,-0.020015658
2018-01-21 12:00,0,-0.021785924,-0.035607492,-0.019476519
2018-01-21 13:00,0,-0.023231114,-0.03619453,-0.021175619
2018-01-21 14:00,0,-0.023039178,-0.036806273,-0.022048993
2018-01-21 15:00,0,-0.023266243,-0.035910406,-0.022845387
2018-01-21 16:00,0,-0.023267582,-0.036282901,-0.021170362
2018-01-21 17:00,0,-0.022058404,-0.036830759,-0.02063234
2018-01-21 18:00,0,-0.021301827,-0.036536386,-0.021997485
2018-01-21 19:00,0,-0.022325323,-0.036588929,-0.02258318
2018-01-21 20:00,0,-0.022638242,-0.036095373,-0.022889824
2018-01-21 21:00,0,-0.023415534,-0.03735057,-0.022583495
2018-01-21 22:00,0,-0.023262775,-0.038459173,-0.020847672
2018-01-21 23:00,0,-0.023177538,-0.037979597,-0.019721719
2018-01-22 00:00,0,-0.0225932,-0.036701221,-0.019137482
2018-01-22 01:00,0,-0.022471075,-0.035812113,-0.018847248
2018-01-22 02:00,0,-0.022179013,-0.034816475,-0.018224726
2018-01-22 03:00,0,-0.022229229,-0.034399998,-0.017365715
2018-01-22 04:00,0,-0.022709047,-0.033765318,-0.019074714
2018-01-22 05:00,0,-0.024724462,-0.036523113,-0.021044835
2018-01-22 06:00,0,-0.026945379,-0.039411949,-0.023420031
2018-01-22 07:00,0,-0.027741412,-0.04096724,-0.024764374
2018-01-22 08:00,0,-0.028029831,-0.041659735,-0.024943149
2018-01-22 09:00,0,-0.028397344,-0.041744485,-0.023992958
2018-01-22 10:00,0,-0.026470977,-0.040641564,-0.022025276
2018-01-22 11:00,0,-0.02332234,-0.039287977,-0.020819359
2018-01-22 12:00,0,-0.026223704,-0.040060097,-0.020547999
2018-01-22 13:00,0,-0.02791609,-0.040204632,-0.021975094
2018-01-22 14:00,0,-0.027709274,-0.040391723,-0.022660253
2018-01-22 15:00,0,-0.027752933,-0.039758181,-0.022004534
2018-01-22 16:00,0,-0.0272081,-0.040026407,-0.020195764
2018-01-22 17:00,0,-0.025120123,-0.040194789,-0.019861265
2018-01-22 18:00,0,-0.023738444,-0.039396063,-0.021951729
2018-01-22 19:00,0,-0.024304503,-0.039004992,-0.022926506
2018-01-22 20:00,0,-0.024398499,-0.038347054,-0.023106499
2018-01-22 21:00,0,-0.024355829,-0.039559916,-0.022954711
2018-01-22 22:00,0,-0.023854808,-0.039923009,-0.021335362
2018-01-22 23:00,0,-0.023529041,-0.039735138,-0.020256721
2018-01-23 00:00,0,-0.022979327,-0.038275629,-0.019797366
2018-01-23 01:00,0,-0.022654491,-0.037222044,-0.019576264
2018-01-23 02:00,0,-0.022399998,-0.036746046,-0.018915234
2018-01-23 03:00,0,-0.022223437,-0.035989835,-0.017970266
2018-01-23 04:00,0,-0.022620203,-0.035589678,-0.018823804
2018-01-23 05:00,0,-0.0246217,-0.037579887,-0.020715346
2018-01-23 06:00,0,-0.026795899,-0.039495468,-0.022799008
2018-01-23 07:00,0,-0.027665746,-0.040744357,-0.023681087
2018-01-23 08:00,0,-0.027915083,-0.041151799,-0.023549525
2018-01-23 09:00,0,-0.028089163,-0.040787846,-0.022510192
2018-01-23 10:00,0,-0.026495737,-0.039207719,-0.020129067
2018-01-23 11:00,0,-0.022896712,-0.03742089,-0.018813815
2018-01-23 12:00,0,-0.025713816,-0.038757979,-0.018842401
2018-01-23 13:00,0,-0.027363318,-0.040205515,-0.020574342
2018-01-23 14:00,0,-0.027191258,-0.040497305,-0.021593536
2018-01-23 15:00,0,-0.027314711,-0.039677182,-0.021347323
2018-01-23 16:00,0,-0.026757541,-0.039713813,-0.019675605
2018-01-23 17:00,0,-0.024632278,-0.039967764,-0.019674142
2018-01-23 18:00,0,-0.023497327,-0.039144474,-0.02140849
2018-01-23 19:00,0,-0.024162202,-0.038541056,-0.022758365
2018-01-23 20:00,0,-0.024358727,-0.038222541,-0.023306657
2018-01-23 21:00,0,-0.024494861,-0.039304531,-0.023255619
2018-01-23 22:00,0,-0.024110871,-0.039849763,-0.021450132
2018-01-23 23:00,0,-0.023980846,-0.039509601,-0.020298527
2018-01-24 00:00,0,-0.023312158,-0.038212434,-0.019879034
2018-01-24 01:00,0,-0.023040009,-0.03723843,-0.01958236
2018-01-24 02:00,0,-0.022752993,-0.036413121,-0.019024585
2018-01-24 03:00,0,-0.022594735,-0.035830171,-0.017718327
2018-01-24 04:00,0,-0.022978348,-0.035374163,-0.018589514
2018-01-24 05:00,0,-0.02475805,-0.037002644,-0.020675306
2018-01-24 06:00,0,-0.026654332,-0.039431414,-0.022825011
2018-01-24 07:00,0,-0.027428457,-0.040644715,-0.023770528
2018-01-24 08:00,0,-0.027820378,-0.041335966,-0.023645821
2018-01-24 09:00,0,-0.028174327,-0.04136211,-0.022501642
2018-01-24 10:00,0,-0.02615917,-0.04036388,-0.020455496
2018-01-24 11:00,0,-0.022700935,-0.039270399,-0.019261189
2018-01-24 12:00,0,-0.025227437,-0.040309575,-0.0189489
2018-01-24 13:00,0,-0.02691457,-0.040997946,-0.02052658
2018-01-24 14:00,0,-0.026715544,-0.0412778,-0.021325785
2018-01-24 15:00,0,-0.026833523,-0.040708967,-0.021533229
2018-01-24 16:00,0,-0.026762011,-0.040332574,-0.020607905
2018-01-24 17:00,0,-0.024804054,-0.040781822,-0.020586596
2018-01-24 18:00,0,-0.023597453,-0.039450353,-0.022606453
2018-01-24 19:00,0,-0.024552827,-0.0389698,-0.024084936
2018-01-24 20:00,0,-0.024748748,-0.038833986,-0.024175469
2018-01-24 21:00,0,-0.024857149,-0.040098053,-0.023022792
2018-01-24 22:00,0,-0.024345313,-0.040539302,-0.022335568
2018-01-24 23:00,0,-0.024191188,-0.039542181,-0.021228313
2018-01-25 00:00,0,-0.02356782,-0.037957906,-0.020742767
2018-01-25 01:00,0,-0.023255109,-0.036848997,-0.020409755
2018-01-25 02:00,0,-0.02294943,-0.036094171,-0.019900854
2018-01-25 03:00,0,-0.022823575,-0.035758063,-0.018780357
2018-01-25 04:00,0,-0.023222553,-0.035645808,-0.019571143
2018-01-25 05:00,0,-0.025097055,-0.037866209,-0.02195924
2018-01-25 06:00,0,-0.026834294,-0.040217019,-0.024165612
2018-01-25 07:00,0,-0.027517096,-0.041075051,-0.025037638
2018-01-25 08:00,0,-0.027653823,-0.041844975,-0.024671087
2018-01-25 09:00,0,-0.027925678,-0.041807787,-0.023423487
2018-01-25 10:00,0,-0.025994607,-0.040939435,-0.021070471
2018-01-25 11:00,0,-0.02265994,-0.039378031,-0.01978953
2018-01-25 12:00,0,-0.025295928,-0.040639206,-0.019257924
2018-01-25 13:00,0,-0.02712711,-0.041488599,-0.020737302
2018-01-25 14:00,0,-0.027057725,-0.042221557,-0.021625238
2018-01-25 15:00,0,-0.027174582,-0.041794096,-0.021700906
2018-01-25 16:00,0,-0.027013159,-0.041455576,-0.020810408
2018-01-25 17:00,0,-0.025047129,-0.041459057,-0.021039478
2018-01-25 18:00,0,-0.023738416,-0.040720335,-0.023108382
2018-01-25 19:00,0,-0.024367554,-0.040290946,-0.024175859
2018-01-25 20:00,0,-0.024415874,-0.039845923,-0.02448163
2018-01-25 21:00,0,-0.024374744,-0.040900757,-0.024377872
2018-01-25 22:00,0,-0.023896213,-0.041245648,-0.023094067
2018-01-25 23:00,0,-0.023578296,-0.039632489,-0.021792762
2018-01-26 00:00,0,-0.022984286,-0.038337677,-0.021309009
2018-01-26 01:00,0,-0.022612762,-0.037436675,-0.020902446
2018-01-26 02:00,0,-0.022366172,-0.037063916,-0.020374772
2018-01-26 03:00,0,-0.022292048,-0.036448716,-0.019187172
2018-01-26 04:00,0,-0.022695213,-0.036097721,-0.019883714
2018-01-26 05:00,0,-0.024571683,-0.037841279,-0.022203572
2018-01-26 06:00,0,-0.026800796,-0.040185156,-0.024090098
2018-01-26 07:00,0,-0.027585538,-0.041050027,-0.02493369
2018-01-26 08:00,0,-0.027929171,-0.041678648,-0.02466298
2018-01-26 09:00,0,-0.028406572,-0.04166983,-0.023286277
2018-01-26 10:00,0,-0.026529935,-0.040507423,-0.021025335
2018-01-26 11:00,0,-0.023220365,-0.038979592,-0.019462001
2018-01-26 12:00,0,-0.025442728,-0.03998586,-0.018956015
2018-01-26 13:00,0,-0.027092466,-0.041235886,-0.020581524
2018-01-26 14:00,0,-0.026833816,-0.041361553,-0.021384748
2018-01-26 15:00,0,-0.026954653,-0.040736276,-0.021744614
2018-01-26 16:00,0,-0.02658572,-0.040309339,-0.020643472
2018-01-26 17:00,0,-0.024286985,-0.040191667,-0.020360882
2018-01-26 18:00,0,-0.023171873,-0.039175667,-0.022399858
2018-01-26 19:00,0,-0.023683264,-0.038964557,-0.023683068
2018-01-26 20:00,0,-0.023875052,-0.038587823,-0.02407701
2018-01-26 21:00,0,-0.023975523,-0.040126834,-0.024133755
2018-01-26 22:00,0,-0.023595644,-0.040829343,-0.023139744
2018-01-26 23:00,0,-0.023492624,-0.039746993,-0.022043684
2018-01-27 00:00,0,-0.022792843,-0.038335594,-0.021400933
2018-01-27 01:00,0,-0.022503498,-0.037330667,-0.021025991
2018-01-27 02:00,0,-0.021910863,-0.036404529,-0.020205522
2018-01-27 03:00,0,-0.021479135,-0.035445943,-0.01859236
2018-01-27 04:00,0,-0.021122958,-0.034096939,-0.018320988
2018-01-27 05:00,0,-0.021384296,-0.033472272,-0.019442215
2018-01-27 06:00,0,-0.022805483,-0.034004907,-0.021920424
2018-01-27 07:00,0,-0.02406822,-0.035676038,-0.023263448
2018-01-27 08:00,0,-0.025059441,-0.037400711,-0.023460955
2018-01-27 09:00,0,-0.025614888,-0.037745689,-0.022187484
2018-01-27 10:00,0,-0.023938976,-0.036983926,-0.0200561
2018-01-27 11:00,0,-0.020626974,-0.035856458,-0.018365395
2018-01-27 12:00,0,-0.022934803,-0.03578429,-0.017524602
2018-01-27 13:00,0,-0.024453042,-0.036277679,-0.018813254
2018-01-27 14:00,0,-0.024270081,-0.036693359,-0.02005225
2018-01-27 15:00,0,-0.024324223,-0.036244501,-0.021080003
2018-01-27 16:00,0,-0.02437976,-0.036522473,-0.020849648
2018-01-27 17:00,0,-0.022665223,-0.037068491,-0.020490785
2018-01-27 18:00,0,-0.021637882,-0.036222288,-0.022122323
2018-01-27 19:00,0,-0.022479933,-0.036164235,-0.022798255
2018-01-27 20:00,0,-0.02284575,-0.035886504,-0.023253952
2018-01-27 21:00,0,-0.023095279,-0.037092214,-0.023274983
2018-01-27 22:00,0,-0.022747352,-0.038097715,-0.022599088
2018-01-27 23:00,0,-0.022773387,-0.038106171,-0.021514863
2018-01-28 00:00,0,-0.022174716,-0.036669867,-0.020931676
2018-01-28 01:00,0,-0.021920449,-0.035823931,-0.020571914
2018-01-28 02:00,0,-0.021433635,-0.034861124,-0.019717509
2018-01-28 03:00,0,-0.020974407,-0.033858401,-0.018316722
2018-01-28 04:00,0,-0.020407581,-0.032744517,-0.017636166
2018-01-28 05:00,0,-0.02030391,-0.032070709,-0.0185675
2018-01-28 06:00,0,-0.021352511,-0.032439852,-0.021130872
2018-01-28 07:00,0,-0.022309718,-0.033641442,-0.022854267
2018-01-28 08:00,0,-0.023302818,-0.035347635,-0.02315582
2018-01-28 09:00,0,-0.024015251,-0.036431666,-0.022125464
2018-01-28 10:00,0,-0.022556776,-0.035952431,-0.020097957
2018-01-28 11:00,0,-0.01932567,-0.035407924,-0.018537179
2018-01-28 12:00,0,-0.021790851,-0.035885846,-0.017945677
2018-01-28 13:00,0,-0.023248353,-0.036505909,-0.019121595
2018-01-28 14:00,0,-0.022963564,-0.036735411,-0.020475989
2018-01-28 15:00,0,-0.023074281,-0.036016452,-0.021752102
2018-01-28 16:00,0,-0.023254284,-0.036091193,-0.021675071
2018-01-28 17:00,0,-0.022122227,-0.03684946,-0.02132958
2018-01-28 18:00,0,-0.021385856,-0.037005104,-0.022573852
2018-01-28 19:00,0,-0.022166841,-0.037002772,-0.023089305
2018-01-28 20:00,0,-0.022550938,-0.036606541,-0.023207025
2018-01-28 21:00,0,-0.023072523,-0.037490193,-0.022879249
2018-01-28 22:00,0,-0.022814431,-0.038078788,-0.021862546
2018-01-28 23:00,0,-0.022854784,-0.037187467,-0.020710523
2018-01-29 00:00,0,-0.022311153,-0.036007437,-0.020188737
2018-01-29 01:00,0,-0.022196725,-0.03541046,-0.019672494
2018-01-29 02:00,0,-0.021889968,-0.034473188,-0.018918119
2018-01-29 03:00,0,-0.021916351,-0.033942421,-0.017980243
2018-01-29 04:00,0,-0.02256795,-0.033864479,-0.019763403
2018-01-29 05:00,0,-0.024761147,-0.036797,-0.021986547
2018-01-29 06:00,0,-0.026816306,-0.039571774,-0.024192308
2018-01-29 07:00,0,-0.027552508,-0.041179287,-0.024815204
2018-01-29 08:00,0,-0.027665554,-0.041609788,-0.024469733
2018-01-29 09:00,0,-0.027803557,-0.04179826,-0.023066538
2018-01-29 10:00,0,-0.025699173,-0.04100005,-0.020609887
2018-01-29 11:00,0,-0.022372355,-0.039677145,-0.019129976
2018-01-29 12:00,0,-0.024875638,-0.040930896,-0.01871512
2018-01-29 13:00,0,-0.02667492,-0.04159254,-0.019974602
2018-01-29 14:00,0,-0.026402077,-0.041755307,-0.0204659
2018-01-29 15:00,0,-0.026569029,-0.040638007,-0.020208323
2018-01-29 16:00,0,-0.026464269,-0.040337331,-0.019555511
2018-01-29 17:00,0,-0.024745339,-0.040496126,-0.019374812
2018-01-29 18:00,0,-0.023462681,-0.040070667,-0.021414635
2018-01-29 19:00,0,-0.024296358,-0.039997106,-0.022473517
2018-01-29 20:00,0,-0.024406479,-0.039717449,-0.022970937
2018-01-29 21:00,0,-0.024473287,-0.040454812,-0.022517814
2018-01-29 22:00,0,-0.023870113,-0.041132263,-0.021439989
2018-01-29 23:00,0,-0.023757742,-0.039724174,-0.020274559
2018-01-30 00:00,0,-0.023049659,-0.038373247,-0.019781062
2018-01-30 01:00,0,-0.022753272,-0.037580527,-0.019297595
2018-01-30 02:00,0,-0.022489939,-0.036903257,-0.018773208
2018-01-30 03:00,0,-0.022425133,-0.036253377,-0.018038699
2018-01-30 04:00,0,-0.022790225,-0.036099852,-0.018849962
2018-01-30 05:00,0,-0.024566286,-0.038002017,-0.020956453
2018-01-30 06:00,0,-0.026683959,-0.040168877,-0.023142052
2018-01-30 07:00,0,-0.027494839,-0.040958161,-0.02337316
2018-01-30 08:00,0,-0.027676635,-0.04149347,-0.022951695
2018-01-30 09:00,0,-0.027841057,-0.041048063,-0.021482632
2018-01-30 10:00,0,-0.0260554,-0.039672638,-0.018967134
2018-01-30 11:00,0,-0.022655823,-0.037828806,-0.017684896
2018-01-30 12:00,0,-0.025267224,-0.038825322,-0.017292739
2018-01-30 13:00,0,-0.026975202,-0.040086286,-0.018544313
2018-01-30 14:00,0,-0.026727368,-0.040504388,-0.019171062
2018-01-30 15:00,0,-0.026848298,-0.04005133,-0.01926973
2018-01-30 16:00,0,-0.026711228,-0.039962091,-0.018947295
2018-01-30 17:00,0,-0.024745143,-0.040472847,-0.018820533
2018-01-30 18:00,0,-0.023429106,-0.039534469,-0.021298274
2018-01-30 19:00,0,-0.024305222,-0.039203619,-0.021835365
2018-01-30 20:00,0,-0.024353103,-0.038375473,-0.021963957
2018-01-30 21:00,0,-0.024222741,-0.039151827,-0.02220816
2018-01-30 22:00,0,-0.023740847,-0.039693096,-0.02094933
2018-01-30 23:00,0,-0.023616405,-0.038697352,-0.019848793
2018-01-31 00:00,0,-0.023149605,-0.03689629,-0.019311386
2018-01-31 01:00,0,-0.022961357,-0.035619863,-0.018986641
2018-01-31 02:00,0,-0.022655727,-0.034861294,-0.018555408
2018-01-31 03:00,0,-0.022574024,-0.034543816,-0.017638957
2018-01-31 04:00,0,-0.022830827,-0.034436633,-0.018543141
2018-01-31 05:00,0,-0.024625276,-0.03608123,-0.020543028
2018-01-31 06:00,0,-0.026639939,-0.038620841,-0.02259161
2018-01-31 07:00,0,-0.027455197,-0.039695243,-0.022833766
2018-01-31 08:00,0,-0.027698318,-0.040863587,-0.022380545
2018-01-31 09:00,0,-0.027988417,-0.041178674,-0.02118228
2018-01-31 10:00,0,-0.025946962,-0.040671655,-0.018860438
2018-01-31 11:00,0,-0.022474481,-0.039597488,-0.017551282
2018-01-31 12:00,0,-0.025121498,-0.040604476,-0.017222046
2018-01-31 13:00,0,-0.026766903,-0.041434294,-0.018579833
2018-01-31 14:00,0,-0.026582857,-0.042071106,-0.019345663
2018-01-31 15:00,0,-0.026684379,-0.041506,-0.019572697
2018-01-31 16:00,0,-0.026512646,-0.041383023,-0.019128297
2018-01-31 17:00,0,-0.024616438,-0.041582152,-0.01881774
2018-01-31 18:00,0,-0.023563495,-0.039854149,-0.021237465
2018-01-31 19:00,0,-0.024256607,-0.039535117,-0.022693362
2018-01-31 20:00,0,-0.024369903,-0.039223568,-0.022514276
2018-01-31 21:00,0,-0.02447745,-0.040285257,-0.022433637
2018-01-31 22:00,0,-0.02395969,-0.040576835,-0.021292392
2018-01-31 23:00,0,-0.023863571,-0.039060784,-0.020089705
2018-02-01 00:00,0,-0.023312041,-0.037696296,-0.019617115
2018-02-01 01:00,0,-0.022997915,-0.036993501,-0.019339366
2018-02-01 02:00,0,-0.022635605,-0.035989351,-0.018820106
2018-02-01 03:00,0,-0.022438801,-0.035562986,-0.01778017
2018-02-01 04:00,0,-0.022974807,-0.035115556,-0.018600186
2018-02-01 05:00,0,-0.024488075,-0.03664786,-0.020679977
2018-02-01 06:00,0,-0.026638471,-0.038735718,-0.022772921
2018-02-01 07:00,0,-0.027481513,-0.039458017,-0.02326225
2018-02-01 08:00,0,-0.02775312,-0.040309381,-0.022842021
2018-02-01 09:00,0,-0.028141926,-0.040447192,-0.021576134
2018-02-01 10:00,0,-0.026316112,-0.039256308,-0.019248297
2018-02-01 11:00,0,-0.022986982,-0.038070413,-0.017801048
2018-02-01 12:00,0,-0.025807733,-0.038573834,-0.01723643
2018-02-01 13:00,0,-0.027644319,-0.039367401,-0.018798931
2018-02-01 14:00,0,-0.027410139,-0.03947659,-0.019406842
2018-02-01 15:00,0,-0.027497241,-0.039191289,-0.019676979
2018-02-01 16:00,0,-0.027047795,-0.039266507,-0.01877584
2018-02-01 17:00,0,-0.024891076,-0.04012522,-0.018943187
2018-02-01 18:00,0,-0.023556406,-0.039434261,-0.02090915
2018-02-01 19:00,0,-0.024320565,-0.039025809,-0.022071795
2018-02-01 20:00,0,-0.024441642,-0.03879368,-0.022331219
2018-02-01 21:00,0,-0.024581728,-0.039651847,-0.022142863
2018-02-01 22:00,0,-0.024082227,-0.040301941,-0.021247114
2018-02-01 23:00,0,-0.023733402,-0.039729427,-0.020227208
2018-02-02 00:00,0,-0.023208705,-0.038436968,-0.019631327
2018-02-02 01:00,0,-0.022975505,-0.037038396,-0.019326258
2018-02-02 02:00,0,-0.022564381,-0.036319548,-0.018662402
2018-02-02 03:00,0,-0.022462528,-0.035762946,-0.017777923
2018-02-02 04:00,0,-0.022674865,-0.035150106,-0.01871906
2018-02-02 05:00,0,-0.024345785,-0.036518511,-0.020494447
2018-02-02 06:00,0,-0.026465804,-0.038890041,-0.022481328
2018-02-02 07:00,0,-0.027467082,-0.039996762,-0.023332488
2018-02-02 08:00,0,-0.027863098,-0.040517067,-0.023247844
2018-02-02 09:00,0,-0.028310523,-0.040842842,-0.022243026
2018-02-02 10:00,0,-0.02645197,-0.040101266,-0.019971014
2018-02-02 11:00,0,-0.023138054,-0.0391368,-0.018677683
2018-02-02 12:00,0,-0.025637235,-0.039728893,-0.018214689
2018-02-02 13:00,0,-0.027104579,-0.040856174,-0.019307125
2018-02-02 14:00,0,-0.026570819,-0.040970661,-0.020062991
2018-02-02 15:00,0,-0.026518049,-0.039929401,-0.020269031
2018-02-02 16:00,0,-0.026293019,-0.039149043,-0.018952628
2018-02-02 17:00,0,-0.024287741,-0.039557766,-0.018607523
2018-02-02 18:00,0,-0.023198447,-0.038874095,-0.020261874
2018-02-02 19:00,0,-0.023831428,-0.038911458,-0.021475843
2018-02-02 20:00,0,-0.023974303,-0.038488703,-0.021841437
2018-02-02 21:00,0,-0.024209214,-0.039938289,-0.021839714
2018-02-02 22:00,0,-0.023934382,-0.04078593,-0.021198355
2018-02-02 23:00,0,-0.023412798,-0.040068276,-0.020013584
2018-02-03 00:00,0,-0.022808012,-0.038443536,-0.019452235
2018-02-03 01:00,0,-0.022403865,-0.037170311,-0.01918212
2018-02-03 02:00,0,-0.021821977,-0.03638339,-0.018366933
2018-02-03 03:00,0,-0.02143431,-0.03538327,-0.017066545
2018-02-03 04:00,0,-0.020900151,-0.033716045,-0.016638428
2018-02-03 05:00,0,-0.021145658,-0.032898136,-0.01772904
2018-02-03 06:00,0,-0.022367523,-0.033506808,-0.019916588
2018-02-03 07:00,0,-0.023590996,-0.035138618,-0.021005509
2018-02-03 08:00,0,-0.024712036,-0.036731988,-0.021567552
2018-02-03 09:00,0,-0.02541575,-0.037972089,-0.020914183
2018-02-03 10:00,0,-0.023872289,-0.037225104,-0.019099238
2018-02-03 11:00,0,-0.020810527,-0.036264021,-0.017446295
2018-02-03 12:00,0,-0.023078597,-0.03705811,-0.016687072
2018-02-03 13:00,0,-0.024568359,-0.037618666,-0.018190644
2018-02-03 14:00,0,-0.02415388,-0.037864814,-0.019109127
2018-02-03 15:00,0,-0.024012153,-0.037251779,-0.019471408
2018-02-03 16:00,0,-0.024081846,-0.037151946,-0.018928839
2018-02-03 17:00,0,-0.022713565,-0.037918898,-0.018218247
2018-02-03 18:00,0,-0.021510449,-0.037198226,-0.019632822
2018-02-03 19:00,0,-0.022214003,-0.0371618,-0.020320127
2018-02-03 20:00,0,-0.022351171,-0.036914886,-0.020761127
2018-02-03 21:00,0,-0.022782081,-0.038036329,-0.020869214
2018-02-03 22:00,0,-0.022644758,-0.038804036,-0.019886548
2018-02-03 23:00,0,-0.02234569,-0.038247178,-0.018895207
2018-02-04 00:00,0,-0.021691304,-0.036838158,-0.018419557
2018-02-04 01:00,0,-0.021444056,-0.035898577,-0.018007406
2018-02-04 02:00,0,-0.020975011,-0.03478209,-0.017293532
2018-02-04 03:00,0,-0.020539899,-0.033962359,-0.015984034
2018-02-04 04:00,0,-0.019906459,-0.032340017,-0.015427815
2018-02-04 05:00,0,-0.01967296,-0.031304614,-0.016067324
2018-02-04 06:00,0,-0.020770107,-0.031664366,-0.018342464
2018-02-04 07:00,0,-0.021930665,-0.032975983,-0.020137679
2018-02-04 08:00,0,-0.022947645,-0.034989836,-0.021218087
2018-02-04 09:00,0,-0.023565836,-0.03590229,-0.020952059
2018-02-04 10:00,0,-0.022085339,-0.034467995,-0.019710466
2018-02-04 11:00,0,-0.018936088,-0.033945861,-0.018071512
2018-02-04 12:00,0,-0.02119305,-0.034743281,-0.017751256
2018-02-04 13:00,0,-0.022680267,-0.035278661,-0.0190112
2018-02-04 14:00,0,-0.022364476,-0.035489987,-0.019690175
2018-02-04 15:00,0,-0.022328324,-0.035418759,-0.02017799
2018-02-04 16:00,0,-0.022650155,-0.035440704,-0.019661348
2018-02-04 17:00,0,-0.021814755,-0.037469689,-0.019403126
2018-02-04 18:00,0,-0.021243056,-0.037079659,-0.020756496
2018-02-04 19:00,0,-0.022018904,-0.037227161,-0.021378979
2018-02-04 20:00,0,-0.02243044,-0.036996982,-0.021755835
2018-02-04 21:00,0,-0.02306492,-0.038036019,-0.021780723
2018-02-04 22:00,0,-0.022981637,-0.038848713,-0.02020791
2018-02-04 23:00,0,-0.022931502,-0.037998167,-0.019096063
2018-02-05 00:00,0,-0.02250833,-0.037087794,-0.01864145
2018-02-05 01:00,0,-0.022369825,-0.036000623,-0.018376356
2018-02-05 02:00,0,-0.022092838,-0.03516506,-0.017562192
2018-02-05 03:00,0,-0.022099517,-0.034318129,-0.016842729
2018-02-05 04:00,0,-0.022392606,-0.033517246,-0.018393451
2018-02-05 05:00,0,-0.024409108,-0.036138906,-0.020577751
2018-02-05 06:00,0,-0.02657388,-0.038850222,-0.022974021
2018-02-05 07:00,0,-0.027465495,-0.039687548,-0.023649894
2018-02-05 08:00,0,-0.027635372,-0.040424311,-0.023365037
2018-02-05 09:00,0,-0.027815362,-0.039937513,-0.021991925
2018-02-05 10:00,0,-0.025912462,-0.038198524,-0.019610604
2018-02-05 11:00,0,-0.022724816,-0.036670309,-0.018555459
2018-02-05 12:00,0,-0.025487851,-0.037723768,-0.018217154
2018-02-05 13:00,0,-0.027365087,-0.038472217,-0.019524684
2018-02-05 14:00,0,-0.027074502,-0.038688515,-0.020197247
2018-02-05 15:00,0,-0.027087839,-0.038206791,-0.019991288
2018-02-05 16:00,0,-0.026661141,-0.037984409,-0.019312167
2018-02-05 17:00,0,-0.024889193,-0.039169626,-0.019272171
2018-02-05 18:00,0,-0.023665314,-0.038870451,-0.021144479
2018-02-05 19:00,0,-0.024349698,-0.038631183,-0.022183066
2018-02-05 20:00,0,-0.024291452,-0.038268862,-0.02246727
2018-02-05 21:00,0,-0.024370498,-0.039559779,-0.022252981
2018-02-05 22:00,0,-0.023981845,-0.040316302,-0.021113844
2018-02-05 23:00,0,-0.023844988,-0.039139163,-0.020030728
2018-02-06 00:00,0,-0.023302603,-0.038032699,-0.019435937
2018-02-06 01:00,0,-0.023000098,-0.037027906,-0.019184505
2018-02-06 02:00,0,-0.022672975,-0.03632238,-0.018616662
2018-02-06 03:00,0,-0.022423611,-0.035800561,-0.017575986
2018-02-06 04:00,0,-0.022718152,-0.034719416,-0.018200881
2018-02-06 05:00,0,-0.024371587,-0.03587168,-0.02019755
2018-02-06 06:00,0,-0.02637617,-0.037982245,-0.022484297
2018-02-06 07:00,0,-0.027395339,-0.038621456,-0.023122284
2018-02-06 08:00,0,-0.02762298,-0.039462143,-0.022700488
2018-02-06 09:00,0,-0.027921663,-0.039747106,-0.021285072
2018-02-06 10:00,0,-0.026013956,-0.038846546,-0.019137722
2018-02-06 11:00,0,-0.022748275,-0.037360507,-0.017777443
2018-02-06 12:00,0,-0.025444095,-0.038422724,-0.017345363
2018-02-06 13:00,0,-0.027128465,-0.039219886,-0.018991909
2018-02-06 14:00,0,-0.026896995,-0.039343261,-0.019667743
2018-02-06 15:00,0,-0.026880563,-0.038740893,-0.019826918
2018-02-06 16:00,0,-0.026505003,-0.038495142,-0.019032822
2018-02-06 17:00,0,-0.024495616,-0.039419093,-0.019424603
2018-02-06 18:00,0,-0.023407425,-0.038693464,-0.021085414
2018-02-06 19:00,0,-0.024184775,-0.038733757,-0.022184071
2018-02-06 20:00,0,-0.024270497,-0.038258941,-0.022758924
2018-02-06 21:00,0,-0.024372625,-0.039378795,-0.022259315
2018-02-06 22:00,0,-0.023973232,-0.040448539,-0.020996554
2018-02-06 23:00,0,-0.023772069,-0.039564475,-0.019849864
2018-02-07 00:00,0,-0.023246496,-0.038395839,-0.019437111
2018-02-07 01:00,0,-0.023004496,-0.037541921,-0.019093771
2018-02-07 02:00,0,-0.022575659,-0.036533955,-0.018499762
2018-02-07 03:00,0,-0.022415364,-0.035995182,-0.017439349
2018-02-07 04:00,0,-0.022599341,-0.034702809,-0.018586325
2018-02-07 05:00,0,-0.024155193,-0.035771122,-0.020442241
2018-02-07 06:00,0,-0.026314463,-0.037926854,-0.022396156
2018-02-07 07:00,0,-0.027432453,-0.038398697,-0.023200866
2018-02-07 08:00,0,-0.028096128,-0.039439678,-0.023176314
2018-02-07 09:00,0,-0.02870095,-0.039532389,-0.022314568
2018-02-07 10:00,0,-0.02683105,-0.038138874,-0.020226999
2018-02-07 11:00,0,-0.023484964,-0.03686889,-0.019241137
2018-02-07 12:00,0,-0.026499757,-0.038060208,-0.01921425
2018-02-07 13:00,0,-0.027932578,-0.038552737,-0.020826726
2018-02-07 14:00,0,-0.027547996,-0.039076329,-0.021110012
2018-02-07 15:00,0,-0.027430977,-0.038568988,-0.020889097
2018-02-07 16:00,0,-0.02682749,-0.038045733,-0.019553999
2018-02-07 17:00,0,-0.024631833,-0.039332463,-0.019708437
2018-02-07 18:00,0,-0.02359188,-0.038796556,-0.021393904
2018-02-07 19:00,0,-0.024130596,-0.038882168,-0.02258547
2018-02-07 20:00,0,-0.02434559,-0.039072213,-0.022877391
2018-02-07 21:00,0,-0.024473262,-0.040356659,-0.022435729
2018-02-07 22:00,0,-0.024028745,-0.041082554,-0.021316214
2018-02-07 23:00,0,-0.023723463,-0.040116394,-0.020089597
2018-02-08 00:00,0,-0.023198942,-0.038924878,-0.019513718
2018-02-08 01:00,0,-0.022906711,-0.038005703,-0.01919507
2018-02-08 02:00,0,-0.022486954,-0.037069233,-0.018672135
2018-02-08 03:00,0,-0.022484385,-0.036331142,-0.017599599
2018-02-08 04:00,0,-0.022734435,-0.035287554,-0.018601153
2018-02-08 05:00,0,-0.024337833,-0.036500321,-0.020495211
2018-02-08 06:00,0,-0.026488831,-0.038545821,-0.022567526
2018-02-08 07:00,0,-0.02744157,-0.039166901,-0.023204114
2018-02-08 08:00,0,-0.028010531,-0.040044236,-0.023048409
2018-02-08 09:00,0,-0.0286029,-0.039919046,-0.022011295
2018-02-08 10:00,0,-0.026784712,-0.038566984,-0.019599331
2018-02-08 11:00,0,-0.02362067,-0.037131924,-0.018270636
2018-02-08 12:00,0,-0.026063569,-0.03789352,-0.017830099
2018-02-08 13:00,0,-0.027709574,-0.038411271,-0.019187067
2018-02-08 14:00,0,-0.027339345,-0.038508768,-0.019975897
2018-02-08 15:00,0,-0.027101599,-0.037689907,-0.019761151
2018-02-08 16:00,0,-0.026576076,-0.037364419,-0.019191823
2018-02-08 17:00,0,-0.024635651,-0.038771599,-0.019199681
2018-02-08 18:00,0,-0.023542098,-0.037906233,-0.020926033
2018-02-08 19:00,0,-0.024229659,-0.038224296,-0.022240889
2018-02-08 20:00,0,-0.02436822,-0.038162851,-0.022554084
2018-02-08 21:00,0,-0.024430767,-0.039287334,-0.022340007
2018-02-08 22:00,0,-0.024221735,-0.03996459,-0.021014609
2018-02-08 23:00,0,-0.023949906,-0.03955497,-0.019754207
2018-02-09 00:00,0,-0.023346747,-0.038359662,-0.019281305
2018-02-09 01:00,0,-0.023031056,-0.037619939,-0.018980456
2018-02-09 02:00,0,-0.022600361,-0.036751716,-0.018343324
2018-02-09 03:00,0,-0.02254109,-0.035948756,-0.017336993
2018-02-09 04:00,0,-0.022870439,-0.034952237,-0.018290426
2018-02-09 05:00,0,-0.024524171,-0.036128356,-0.020133963
2018-02-09 06:00,0,-0.026292761,-0.038404558,-0.021680283
2018-02-09 07:00,0,-0.027223342,-0.038416987,-0.022090143
2018-02-09 08:00,0,-0.027776396,-0.039378267,-0.021823712
2018-02-09 09:00,0,-0.028067186,-0.039583497,-0.020735645
2018-02-09 10:00,0,-0.026067996,-0.038308551,-0.018310621
2018-02-09 11:00,0,-0.022731301,-0.037450553,-0.017089109
2018-02-09 12:00,0,-0.025212505,-0.038407268,-0.01706204
2018-02-09 13:00,0,-0.026789431,-0.039869436,-0.018510602
2018-02-09 14:00,0,-0.026559011,-0.040384455,-0.018961192
2018-02-09 15:00,0,-0.026434126,-0.039368941,-0.019156718
2018-02-09 16:00,0,-0.026145774,-0.038676315,-0.018585647
2018-02-09 17:00,0,-0.024279956,-0.038986553,-0.018808989
2018-02-09 18:00,0,-0.022844031,-0.038258506,-0.02068788
2018-02-09 19:00,0,-0.023557447,-0.038026456,-0.021891889
2018-02-09 20:00,0,-0.023694613,-0.037895744,-0.022322319
2018-02-09 21:00,0,-0.023848325,-0.039451814,-0.022245065
2018-02-09 22:00,0,-0.023567252,-0.040518906,-0.021018561
2018-02-09 23:00,0,-0.023403707,-0.04027055,-0.019910063
2018-02-10 00:00,0,-0.022783939,-0.038727478,-0.01934143
2018-02-10 01:00,0,-0.022422551,-0.037524391,-0.019000671
2018-02-10 02:00,0,-0.021853675,-0.036742269,-0.018305124
2018-02-10 03:00,0,-0.021322674,-0.03561055,-0.016863679
2018-02-10 04:00,0,-0.02091219,-0.033921105,-0.016433681
2018-02-10 05:00,0,-0.021063262,-0.032830036,-0.017541663
2018-02-10 06:00,0,-0.022388382,-0.033147244,-0.019685353
2018-02-10 07:00,0,-0.023685219,-0.034698217,-0.020928491
2018-02-10 08:00,0,-0.024710616,-0.036416109,-0.021211711
2018-02-10 09:00,0,-0.025448503,-0.03682472,-0.020589764
2018-02-10 10:00,0,-0.023869889,-0.035532287,-0.018963285
2018-02-10 11:00,0,-0.020719781,-0.034432898,-0.017847375
2018-02-10 12:00,0,-0.022955958,-0.034665521,-0.017383431
2018-02-10 13:00,0,-0.024474447,-0.035195943,-0.018984746
2018-02-10 14:00,0,-0.024243382,-0.035496772,-0.019885668
2018-02-10 15:00,0,-0.024161692,-0.034819295,-0.020218971
2018-02-10 16:00,0,-0.023889241,-0.034855043,-0.019228922
2018-02-10 17:00,0,-0.022377581,-0.036138279,-0.018389819
2018-02-10 18:00,0,-0.021485309,-0.036002498,-0.019978493
2018-02-10 19:00,0,-0.022216024,-0.035301522,-0.020642533
2018-02-10 20:00,0,-0.022481848,-0.034897311,-0.021388157
2018-02-10 21:00,0,-0.02295374,-0.03647284,-0.021728651
2018-02-10 22:00,0,-0.022632658,-0.037863826,-0.02056916
2018-02-10 23:00,0,-0.022543697,-0.037486736,-0.01953228
2018-02-11 00:00,0,-0.021962286,-0.036613643,-0.019041501
2018-02-11 01:00,0,-0.021729648,-0.03547657,-0.018593666
2018-02-11 02:00,0,-0.021275358,-0.034624655,-0.017877673
2018-02-11 03:00,0,-0.02084793,-0.033835347,-0.016398215
2018-02-11 04:00,0,-0.02017683,-0.031855789,-0.015703349
2018-02-11 05:00,0,-0.019945649,-0.030787162,-0.016626337
2018-02-11 06:00,0,-0.021112378,-0.031081768,-0.019080813
2018-02-11 07:00,0,-0.0222848,-0.032240229,-0.021082987
2018-02-11 08:00,0,-0.023173915,-0.034067423,-0.02233646
2018-02-11 09:00,0,-0.023825745,-0.034880029,-0.021993869
2018-02-11 10:00,0,-0.022271822,-0.034226309,-0.020380047
2018-02-11 11:00,0,-0.018749195,-0.033810346,-0.018561195
2018-02-11 12:00,0,-0.02110823,-0.033877825,-0.018284422
2018-02-11 13:00,0,-0.022631515,-0.03446826,-0.019856103
2018-02-11 14:00,0,-0.022535921,-0.034655191,-0.020619603
2018-02-11 15:00,0,-0.022667162,-0.034036835,-0.021007708
2018-02-11 16:00,0,-0.022860117,-0.034149948,-0.020416351
2018-02-11 17:00,0,-0.021990713,-0.036103666,-0.020341071
2018-02-11 18:00,0,-0.02130238,-0.036240444,-0.02162402
2018-02-11 19:00,0,-0.022089287,-0.036181634,-0.022153515
2018-02-11 20:00,0,-0.022461182,-0.036191531,-0.022212038
2018-02-11 21:00,0,-0.023094845,-0.037377506,-0.022045977
2018-02-11 22:00,0,-0.022858516,-0.038394571,-0.020772971
2018-02-11 23:00,0,-0.022765409,-0.038057613,-0.019646149
2018-02-12 00:00,0,-0.022321652,-0.037078659,-0.0192565
2018-02-12 01:00,0,-0.022110676,-0.036270381,-0.018738953
2018-02-12 02:00,0,-0.021746214,-0.035460508,-0.01796184
2018-02-12 03:00,0,-0.021731948,-0.034591883,-0.017044541
2018-02-12 04:00,0,-0.02229028,-0.033822886,-0.018724075
2018-02-12 05:00,0,-0.024249921,-0.036108903,-0.021020953
2018-02-12 06:00,0,-0.026214184,-0.038265924,-0.023226257
2018-02-12 07:00,0,-0.027313071,-0.039556117,-0.024140471
2018-02-12 08:00,0,-0.027791048,-0.0405394,-0.024045579
2018-02-12 09:00,0,-0.028346979,-0.040470706,-0.022990602
2018-02-12 10:00,0,-0.026719392,-0.038706074,-0.021159607
2018-02-12 11:00,0,-0.023786745,-0.037770302,-0.019867702
2018-02-12 12:00,0,-0.026222477,-0.038903186,-0.019846332
2018-02-12 13:00,0,-0.027882885,-0.039195119,-0.021209863
2018-02-12 14:00,0,-0.027478357,-0.039181332,-0.021581944
2018-02-12 15:00,0,-0.027385275,-0.038821079,-0.020634966
2018-02-12 16:00,0,-0.0268284,-0.03792794,-0.019369075
2018-02-12 17:00,0,-0.024897188,-0.039078441,-0.019701387
2018-02-12 18:00,0,-0.023621068,-0.038768887,-0.02152733
2018-02-12 19:00,0,-0.024359168,-0.038439746,-0.022637281
2018-02-12 20:00,0,-0.024296721,-0.038019111,-0.022836934
2018-02-12 21:00,0,-0.024260796,-0.039385068,-0.022643799
2018-02-12 22:00,0,-0.024159979,-0.040147795,-0.021420359
2018-02-12 23:00,0,-0.02377442,-0.0397388,-0.020342675
2018-02-13 00:00,0,-0.023204729,-0.038627651,-0.019777524
2018-02-13 01:00,0,-0.022947417,-0.037606184,-0.019496364
2018-02-13 02:00,0,-0.022557578,-0.036391518,-0.018906936
2018-02-13 03:00,0,-0.022404864,-0.036026874,-0.017895869
2018-02-13 04:00,0,-0.022577189,-0.03525928,-0.018953252
2018-02-13 05:00,0,-0.024200245,-0.035942517,-0.020876595
2018-02-13 06:00,0,-0.02623685,-0.037404485,-0.022945381
2018-02-13 07:00,0,-0.027269156,-0.038199866,-0.023564805
2018-02-13 08:00,0,-0.027584094,-0.038857199,-0.023305592
2018-02-13 09:00,0,-0.027927704,-0.038593917,-0.022301978
2018-02-13 10:00,0,-0.026030252,-0.037133833,-0.020504481
2018-02-13 11:00,0,-0.022934691,-0.035652613,-0.019375993
2018-02-13 12:00,0,-0.025316242,-0.036734817,-0.018917102
2018-02-13 13:00,0,-0.02689764,-0.037451405,-0.020909281
2018-02-13 14:00,0,-0.026464534,-0.037938592,-0.021610115
2018-02-13 15:00,0,-0.026298517,-0.037491702,-0.021223681
2018-02-13 16:00,0,-0.026136201,-0.037255505,-0.019539419
2018-02-13 17:00,0,-0.024649676,-0.038385167,-0.019738597
2018-02-13 18:00,0,-0.023565286,-0.038329545,-0.021625133
2018-02-13 19:00,0,-0.024392262,-0.038519309,-0.022565825
2018-02-13 20:00,0,-0.024535331,-0.038194455,-0.022712745
2018-02-13 21:00,0,-0.024507177,-0.039655298,-0.022526763
2018-02-13 22:00,0,-0.024162802,-0.040377526,-0.021331441
2018-02-13 23:00,0,-0.023895222,-0.039724494,-0.020187393
2018-02-14 00:00,0,-0.023279788,-0.038584921,-0.019584571
2018-02-14 01:00,0,-0.023035077,-0.037629197,-0.019284896
2018-02-14 02:00,0,-0.022715296,-0.036759861,-0.018690173
2018-02-14 03:00,0,-0.022575001,-0.03615708,-0.017626708
2018-02-14 04:00,0,-0.02284484,-0.035274664,-0.018514033
2018-02-14 05:00,0,-0.024428901,-0.036296423,-0.020542234
2018-02-14 06:00,0,-0.026370676,-0.037778919,-0.022750149
2018-02-14 07:00,0,-0.027354712,-0.038709389,-0.023929951
2018-02-14 08:00,0,-0.027594405,-0.039585997,-0.024175136
2018-02-14 09:00,0,-0.027813699,-0.039302207,-0.023319636
2018-02-14 10:00,0,-0.025799549,-0.037715151,-0.021244133
2018-02-14 11:00,0,-0.02266306,-0.035941885,-0.020209841
2018-02-14 12:00,0,-0.02560621,-0.037065443,-0.020189209
2018-02-14 13:00,0,-0.027454109,-0.03774766,-0.021443876
2018-02-14 14:00,0,-0.027173661,-0.038678457,-0.021661541
2018-02-14 15:00,0,-0.027099914,-0.038158656,-0.021113532
2018-02-14 16:00,0,-0.026707734,-0.037049749,-0.019867818
2018-02-14 17:00,0,-0.02509997,-0.038013882,-0.019860729
2018-02-14 18:00,0,-0.023820908,-0.037802551,-0.021745327
2018-02-14 19:00,0,-0.024468767,-0.037755954,-0.022628813
2018-02-14 20:00,0,-0.024706762,-0.037566341,-0.023139016
2018-02-14 21:00,0,-0.024688903,-0.038964407,-0.023057154
2018-02-14 22:00,0,-0.024365918,-0.039858244,-0.021774033
2018-02-14 23:00,0,-0.024281835,-0.039604514,-0.020448713
2018-02-15 00:00,0,-0.023763506,-0.038333221,-0.019914409
2018-02-15 01:00,0,-0.023493941,-0.037478784,-0.019511334
2018-02-15 02:00,0,-0.023151015,-0.036496693,-0.018899459
2018-02-15 03:00,0,-0.023072557,-0.035928965,-0.017788002
2018-02-15 04:00,0,-0.023354733,-0.035150564,-0.018782234
2018-02-15 05:00,0,-0.024818985,-0.036024239,-0.02076842
2018-02-15 06:00,0,-0.026657949,-0.037273033,-0.022462201
2018-02-15 07:00,0,-0.02748874,-0.038643938,-0.022956194
2018-02-15 08:00,0,-0.027764112,-0.039824171,-0.022584713
2018-02-15 09:00,0,-0.028213005,-0.040447851,-0.021637127
2018-02-15 10:00,0,-0.026100996,-0.039501876,-0.019541699
2018-02-15 11:00,0,-0.022870998,-0.03828147,-0.018720521
2018-02-15 12:00,0,-0.02554674,-0.039090469,-0.018261993
2018-02-15 13:00,0,-0.027240836,-0.039646274,-0.01976081
2018-02-15 14:00,0,-0.027042453,-0.039765081,-0.020430001
2018-02-15 15:00,0,-0.027057115,-0.038620194,-0.020247416
2018-02-15 16:00,0,-0.026654326,-0.037341653,-0.019612402
2018-02-15 17:00,0,-0.024949469,-0.038669621,-0.01999403
2018-02-15 18:00,0,-0.023763573,-0.039092983,-0.021691396
2018-02-15 19:00,0,-0.024332274,-0.038536015,-0.022977216
2018-02-15 20:00,0,-0.024539689,-0.038307483,-0.023221547
2018-02-15 21:00,0,-0.024510426,-0.039541411,-0.022807038
2018-02-15 22:00,0,-0.0241441,-0.040394187,-0.021656843
2018-02-15 23:00,0,-0.024028092,-0.03930745,-0.020390915
2018-02-16 00:00,0,-0.023386186,-0.038131923,-0.01980033
2018-02-16 01:00,0,-0.023153759,-0.037240301,-0.019394037
2018-02-16 02:00,0,-0.022769365,-0.036600666,-0.018792963
2018-02-16 03:00,0,-0.022610093,-0.036007424,-0.017857926
2018-02-16 04:00,0,-0.022893199,-0.03520476,-0.018674211
2018-02-16 05:00,0,-0.024536948,-0.036335728,-0.020649231
2018-02-16 06:00,0,-0.026626108,-0.038109962,-0.022510326
2018-02-16 07:00,0,-0.02773687,-0.038981472,-0.023070391
2018-02-16 08:00,0,-0.027961389,-0.039575443,-0.022715614
2018-02-16 09:00,0,-0.028283889,-0.039642056,-0.021356375
2018-02-16 10:00,0,-0.026284528,-0.038221822,-0.018793643
2018-02-16 11:00,0,-0.022856203,-0.037039538,-0.017553755
2018-02-16 12:00,0,-0.025342693,-0.037484951,-0.017028385
2018-02-16 13:00,0,-0.026819636,-0.038034633,-0.018521119
2018-02-16 14:00,0,-0.026339166,-0.038277576,-0.019110858
2018-02-16 15:00,0,-0.026323462,-0.037523733,-0.01896183
2018-02-16 16:00,0,-0.02618583,-0.036953076,-0.018678216
2018-02-16 17:00,0,-0.024314028,-0.0383347,-0.019162462
2018-02-16 18:00,0,-0.023133726,-0.03834449,-0.020830747
2018-02-16 19:00,0,-0.023748092,-0.038490827,-0.022002402
2018-02-16 20:00,0,-0.023774373,-0.038051406,-0.022389745
2018-02-16 21:00,0,-0.023811067,-0.039646121,-0.023122017
2018-02-16 22:00,0,-0.023384027,-0.040456905,-0.021644324
2018-02-16 23:00,0,-0.023235456,-0.039680606,-0.020415852
2018-02-17 00:00,0,-0.02264764,-0.038273769,-0.019790137
2018-02-17 01:00,0,-0.02227482,-0.037193444,-0.019508718
2018-02-17 02:00,0,-0.02178835,-0.0359524,-0.018668109
2018-02-17 03:00,0,-0.02139094,-0.034950994,-0.017271275
2018-02-17 04:00,0,-0.021061589,-0.033076039,-0.016904582
2018-02-17 05:00,0,-0.021284662,-0.032249742,-0.017932536
2018-02-17 06:00,0,-0.022594729,-0.032706431,-0.020216858
2018-02-17 07:00,0,-0.023752693,-0.034165117,-0.021304141
2018-02-17 08:00,0,-0.024870876,-0.03605913,-0.021253804
2018-02-17 09:00,0,-0.025457879,-0.036566171,-0.020153169
2018-02-17 10:00,0,-0.023750588,-0.035598979,-0.018074249
2018-02-17 11:00,0,-0.02066635,-0.034817987,-0.016333306
2018-02-17 12:00,0,-0.022991914,-0.034817837,-0.01591749
2018-02-17 13:00,0,-0.024521505,-0.03499954,-0.01718384
2018-02-17 14:00,0,-0.024315925,-0.035114505,-0.01815024
2018-02-17 15:00,0,-0.024271933,-0.034577571,-0.018739114
2018-02-17 16:00,0,-0.024089495,-0.034474461,-0.018574632
2018-02-17 17:00,0,-0.022830205,-0.036268001,-0.019052338
2018-02-17 18:00,0,-0.021580875,-0.036616886,-0.020309949
2018-02-17 19:00,0,-0.022201621,-0.036639279,-0.020983658
2018-02-17 20:00,0,-0.022465772,-0.036461181,-0.021422071
2018-02-17 21:00,0,-0.022878866,-0.03797673,-0.021415693
2018-02-17 22:00,0,-0.022559823,-0.039048,-0.02066414
2018-02-17 23:00,0,-0.022275486,-0.038424325,-0.019721907
2018-02-18 00:00,0,-0.021735298,-0.037414321,-0.019318197
2018-02-18 01:00,0,-0.021493985,-0.036127968,-0.018890508
2018-02-18 02:00,0,-0.021127943,-0.035295107,-0.01804012
2018-02-18 03:00,0,-0.020718692,-0.034348536,-0.016477161
2018-02-18 04:00,0,-0.020077227,-0.032639226,-0.015956277
2018-02-18 05:00,0,-0.019989689,-0.03154365,-0.016937836
2018-02-18 06:00,0,-0.021032377,-0.03150239,-0.019336418
2018-02-18 07:00,0,-0.022280816,-0.032850342,-0.020757293
2018-02-18 08:00,0,-0.023345649,-0.034230988,-0.021386926
2018-02-18 09:00,0,-0.024018282,-0.034822807,-0.020678943
2018-02-18 10:00,0,-0.022484765,-0.03403836,-0.018923383
2018-02-18 11:00,0,-0.019381825,-0.033126577,-0.017842403
2018-02-18 12:00,0,-0.021661841,-0.033265467,-0.016811088
2018-02-18 13:00,0,-0.023107698,-0.033918868,-0.018459227
2018-02-18 14:00,0,-0.022775477,-0.034173123,-0.019705578
2018-02-18 15:00,0,-0.022813383,-0.033579428,-0.020320957
2018-02-18 16:00,0,-0.02265152,-0.033398736,-0.019599089
2018-02-18 17:00,0,-0.021981301,-0.035768683,-0.019617004
2018-02-18 18:00,0,-0.021213724,-0.036658726,-0.020863927
2018-02-18 19:00,0,-0.022012436,-0.03663663,-0.021655314
2018-02-18 20:00,0,-0.022498518,-0.036336534,-0.022118016
2018-02-18 21:00,0,-0.023180808,-0.037484847,-0.021825521
2018-02-18 22:00,0,-0.022986483,-0.038107803,-0.020364586
2018-02-18 23:00,0,-0.022835337,-0.036924949,-0.01906543
2018-02-19 00:00,0,-0.022285918,-0.035928077,-0.018679151
2018-02-19 01:00,0,-0.02224356,-0.035238709,-0.018239367
2018-02-19 02:00,0,-0.021999385,-0.034602891,-0.017517212
2018-02-19 03:00,0,-0.021896779,-0.033866487,-0.016640069
2018-02-19 04:00,0,-0.022272613,-0.033165737,-0.018559882
2018-02-19 05:00,0,-0.024355243,-0.036028584,-0.020833212
2018-02-19 06:00,0,-0.026463217,-0.038452923,-0.023196594
2018-02-19 07:00,0,-0.027411967,-0.039298851,-0.024228179
2018-02-19 08:00,0,-0.027594919,-0.040470738,-0.024429187
2018-02-19 09:00,0,-0.027780386,-0.040665781,-0.023725448
2018-02-19 10:00,0,-0.02596428,-0.03954232,-0.021878571
2018-02-19 11:00,0,-0.022507309,-0.03851309,-0.020744414
2018-02-19 12:00,0,-0.025356781,-0.039321674,-0.020790652
2018-02-19 13:00,0,-0.027013088,-0.040161416,-0.022200712
2018-02-19 14:00,0,-0.026779914,-0.040171814,-0.022577489
2018-02-19 15:00,0,-0.026630081,-0.039416429,-0.021504745
2018-02-19 16:00,0,-0.02615447,-0.03840791,-0.019830753
2018-02-19 17:00,0,-0.024703681,-0.0391434,-0.019990259
2018-02-19 18:00,0,-0.023589671,-0.039088864,-0.021681637
2018-02-19 19:00,0,-0.02415259,-0.038532439,-0.022860915
2018-02-19 20:00,0,-0.024280696,-0.038094138,-0.0229809
2018-02-19 21:00,0,-0.024196603,-0.03937519,-0.022625052
2018-02-19 22:00,0,-0.023810282,-0.039740774,-0.021316477
2018-02-19 23:00,0,-0.02360189,-0.039413438,-0.020171554
2018-02-20 00:00,0,-0.023015267,-0.038318729,-0.019799891
2018-02-20 01:00,0,-0.022824701,-0.037508046,-0.019413056
2018-02-20 02:00,0,-0.02247401,-0.036586553,-0.018900697
2018-02-20 03:00,0,-0.022279784,-0.035849019,-0.017839716
2018-02-20 04:00,0,-0.022606746,-0.034864893,-0.01884102
2018-02-20 05:00,0,-0.024394556,-0.036318616,-0.02098677
2018-02-20 06:00,0,-0.026374346,-0.038270857,-0.023179335
2018-02-20 07:00,0,-0.027455186,-0.039041227,-0.024374051
2018-02-20 08:00,0,-0.027871453,-0.039549334,-0.024286098
2018-02-20 09:00,0,-0.02833066,-0.039655702,-0.023469127
2018-02-20 10:00,0,-0.02661108,-0.038498247,-0.021361573
2018-02-20 11:00,0,-0.023170864,-0.037145074,-0.020396736
2018-02-20 12:00,0,-0.026077657,-0.038215659,-0.020267326
2018-02-20 13:00,0,-0.027883443,-0.039222517,-0.021716452
2018-02-20 14:00,0,-0.027558351,-0.039560274,-0.022206789
2018-02-20 15:00,0,-0.027308731,-0.038765259,-0.021459428
2018-02-20 16:00,0,-0.026534628,-0.037807694,-0.019963917
2018-02-20 17:00,0,-0.024820927,-0.038488121,-0.020109207
2018-02-20 18:00,0,-0.023625822,-0.038235519,-0.021986621
2018-02-20 19:00,0,-0.024469912,-0.038087097,-0.023156098
2018-02-20 20:00,0,-0.02449282,-0.037698663,-0.023344132
2018-02-20 21:00,0,-0.02445568,-0.039186423,-0.023028491
2018-02-20 22:00,0,-0.023923177,-0.039976755,-0.021754321
2018-02-20 23:00,0,-0.023670351,-0.038785276,-0.020375476
2018-02-21 00:00,0,-0.023138629,-0.037863435,-0.019894832
2018-02-21 01:00,0,-0.023005246,-0.037102663,-0.019546485
2018-02-21 02:00,0,-0.022660325,-0.036093215,-0.018867841
2018-02-21 03:00,0,-0.022505061,-0.035366892,-0.017844929
2018-02-21 04:00,0,-0.022817475,-0.034505747,-0.018866191
2018-02-21 05:00,0,-0.024493886,-0.035920629,-0.020999003
2018-02-21 06:00,0,-0.026524381,-0.037948422,-0.023241523
2018-02-21 07:00,0,-0.027485446,-0.0382683,-0.024071614
2018-02-21 08:00,0,-0.027981317,-0.039322307,-0.024401079
2018-02-21 09:00,0,-0.028377879,-0.03934283,-0.023497024
2018-02-21 10:00,0,-0.026396491,-0.037912202,-0.021556789
2018-02-21 11:00,0,-0.023208904,-0.03643163,-0.020299453
2018-02-21 12:00,0,-0.026127285,-0.037192729,-0.02022967
2018-02-21 13:00,0,-0.027733379,-0.038018765,-0.021875018
2018-02-21 14:00,0,-0.02745312,-0.038349124,-0.02239394
2018-02-21 15:00,0,-0.027347001,-0.037288507,-0.021817926
2018-02-21 16:00,0,-0.026620385,-0.036457492,-0.020110275
2018-02-21 17:00,0,-0.024995278,-0.037882573,-0.02047336
2018-02-21 18:00,0,-0.023845462,-0.0382194,-0.022038771
2018-02-21 19:00,0,-0.024447125,-0.038151936,-0.023204116
2018-02-21 20:00,0,-0.024577377,-0.037967323,-0.023287231
2018-02-21 21:00,0,-0.024745605,-0.039187426,-0.022888121
2018-02-21 22:00,0,-0.024351108,-0.039771451,-0.021465431
2018-02-21 23:00,0,-0.024089713,-0.038960593,-0.020206313
2018-02-22 00:00,0,-0.023517571,-0.037939092,-0.019614159
2018-02-22 01:00,0,-0.023304013,-0.037315945,-0.019238084
2018-02-22 02:00,0,-0.022848867,-0.036307427,-0.018656149
2018-02-22 03:00,0,-0.022791191,-0.035852781,-0.017615337
2018-02-22 04:00,0,-0.022991675,-0.034848583,-0.018556393
2018-02-22 05:00,0,-0.024435832,-0.0359726,-0.020662448
2018-02-22 06:00,0,-0.026481348,-0.038075077,-0.02286253
2018-02-22 07:00,0,-0.027624904,-0.038417701,-0.024039173
2018-02-22 08:00,0,-0.02805429,-0.039013316,-0.024410608
2018-02-22 09:00,0,-0.028692342,-0.038748864,-0.023474418
2018-02-22 10:00,0,-0.026795517,-0.037172904,-0.021515494
2018-02-22 11:00,0,-0.0237442,-0.03540946,-0.020050182
2018-02-22 12:00,0,-0.026352827,-0.036371498,-0.020133024
2018-02-22 13:00,0,-0.028117413,-0.037521477,-0.021386688
2018-02-22 14:00,0,-0.027699436,-0.037377908,-0.021921238
2018-02-22 15:00,0,-0.027336198,-0.03672215,-0.020885269
2018-02-22 16:00,0,-0.026507159,-0.035847565,-0.019825554
2018-02-22 17:00,0,-0.0250961,-0.037100316,-0.020007958
2018-02-22 18:00,0,-0.02382742,-0.037720126,-0.021898263
2018-02-22 19:00,0,-0.02448131,-0.037605199,-0.022921208
2018-02-22 20:00,0,-0.024657571,-0.037492157,-0.023390871
2018-02-22 21:00,0,-0.024597996,-0.039021031,-0.023219356
2018-02-22 22:00,0,-0.024290579,-0.039791839,-0.021818196
2018-02-22 23:00,0,-0.024009057,-0.038792446,-0.020529683
2018-02-23 00:00,0,-0.023409565,-0.03793472,-0.019933478
2018-02-23 01:00,0,-0.023113104,-0.036953069,-0.019601003
2018-02-23 02:00,0,-0.022835573,-0.035941308,-0.019066949
2018-02-23 03:00,0,-0.022679126,-0.035482716,-0.017937619
2018-02-23 04:00,0,-0.022865163,-0.034592391,-0.018914378
2018-02-23 05:00,0,-0.024406619,-0.036082244,-0.020914649
2018-02-23 06:00,0,-0.026479878,-0.037768909,-0.023060992
2018-02-23 07:00,0,-0.027637751,-0.038060033,-0.024146982
2018-02-23 08:00,0,-0.028143067,-0.0386599,-0.024257626
2018-02-23 09:00,0,-0.028476518,-0.037998128,-0.023191112
2018-02-23 10:00,0,-0.026492349,-0.036646231,-0.021131047
2018-02-23 11:00,0,-0.023138506,-0.035332111,-0.020265092
2018-02-23 12:00,0,-0.025581203,-0.036501254,-0.020078575
2018-02-23 13:00,0,-0.027333578,-0.036926839,-0.021509961
2018-02-23 14:00,0,-0.026854629,-0.036996791,-0.021738373
2018-02-23 15:00,0,-0.026448443,-0.036205222,-0.020898347
2018-02-23 16:00,0,-0.025932543,-0.03548315,-0.019560966
2018-02-23 17:00,0,-0.024352627,-0.036533358,-0.020032188
2018-02-23 18:00,0,-0.023309306,-0.03723209,-0.021438668
2018-02-23 19:00,0,-0.024071505,-0.037415515,-0.022752335
2018-02-23 20:00,0,-0.024170711,-0.037297099,-0.023106246
2018-02-23 21:00,0,-0.02433566,-0.038700068,-0.023230676
2018-02-23 22:00,0,-0.024163683,-0.039720003,-0.021971931
2018-02-23 23:00,0,-0.023792118,-0.0391937,-0.020678996
2018-02-24 00:00,0,-0.023159992,-0.038055943,-0.020021147
2018-02-24 01:00,0,-0.022889163,-0.036897911,-0.019630563
2018-02-24 02:00,0,-0.02246139,-0.0356242,-0.018844924
2018-02-24 03:00,0,-0.02213005,-0.034554349,-0.01732718
2018-02-24 04:00,0,-0.021590439,-0.032771501,-0.016821308
2018-02-24 05:00,0,-0.021371625,-0.031688092,-0.017919374
2018-02-24 06:00,0,-0.022706711,-0.031889833,-0.020485072
2018-02-24 07:00,0,-0.024037756,-0.033059028,-0.022030757
2018-02-24 08:00,0,-0.025039533,-0.034686136,-0.022734646
2018-02-24 09:00,0,-0.02553666,-0.035315979,-0.022129575
2018-02-24 10:00,0,-0.023955459,-0.033999218,-0.020338135
2018-02-24 11:00,0,-0.020673896,-0.032774585,-0.019161027
2018-02-24 12:00,0,-0.023230462,-0.033306299,-0.018567159
2018-02-24 13:00,0,-0.02458434,-0.033804131,-0.019978793
2018-02-24 14:00,0,-0.024467152,-0.034193803,-0.020816288
2018-02-24 15:00,0,-0.024468206,-0.033825323,-0.020946696
2018-02-24 16:00,0,-0.024409985,-0.033499547,-0.020071516
2018-02-24 17:00,0,-0.023054631,-0.034899955,-0.019550385
2018-02-24 18:00,0,-0.022162627,-0.035506461,-0.020895783
2018-02-24 19:00,0,-0.022980005,-0.035518496,-0.021742053
2018-02-24 20:00,0,-0.023347648,-0.035682997,-0.022481147
2018-02-24 21:00,0,-0.023757635,-0.036807519,-0.022640944
2018-02-24 22:00,0,-0.023563453,-0.037838162,-0.021437804
2018-02-24 23:00,0,-0.023024265,-0.037386735,-0.020445803
2018-02-25 00:00,0,-0.022561182,-0.036590749,-0.019913403
2018-02-25 01:00,0,-0.022350061,-0.035286749,-0.019467297
2018-02-25 02:00,0,-0.021854032,-0.034472453,-0.018714762
2018-02-25 03:00,0,-0.021411299,-0.033634418,-0.017141238
2018-02-25 04:00,0,-0.020506871,-0.031344349,-0.016449901
2018-02-25 05:00,0,-0.020171319,-0.030085047,-0.017578193
2018-02-25 06:00,0,-0.021360153,-0.030075993,-0.020227273
2018-02-25 07:00,0,-0.022306534,-0.03158735,-0.022104649
2018-02-25 08:00,0,-0.023325944,-0.03299388,-0.023058699
2018-02-25 09:00,0,-0.024073393,-0.033932224,-0.022884661
2018-02-25 10:00,0,-0.022494716,-0.032996814,-0.021457792
2018-02-25 11:00,0,-0.019217773,-0.032403253,-0.02014193
2018-02-25 12:00,0,-0.021585171,-0.032882395,-0.019608202
2018-02-25 13:00,0,-0.023045651,-0.033170592,-0.021245084
2018-02-25 14:00,0,-0.022871755,-0.033412427,-0.022301739
2018-02-25 15:00,0,-0.022947374,-0.03264656,-0.022496498
2018-02-25 16:00,0,-0.022774892,-0.032816109,-0.021786356
2018-02-25 17:00,0,-0.02245784,-0.034764856,-0.021954732
2018-02-25 18:00,0,-0.021804202,-0.036154439,-0.023313597
2018-02-25 19:00,0,-0.02277276,-0.036119563,-0.023989034
2018-02-25 20:00,0,-0.023086133,-0.03585385,-0.024370742
2018-02-25 21:00,0,-0.023699009,-0.036952653,-0.024042323
2018-02-25 22:00,0,-0.023761211,-0.038010983,-0.022312864
2018-02-25 23:00,0,-0.023712738,-0.037082376,-0.021023904
2018-02-26 00:00,0,-0.02323206,-0.036282724,-0.020561555
2018-02-26 01:00,0,-0.022988522,-0.035666282,-0.020135422
2018-02-26 02:00,0,-0.022783521,-0.034849497,-0.019690374
2018-02-26 03:00,0,-0.022836678,-0.034472649,-0.018556261
2018-02-26 04:00,0,-0.022885306,-0.033297117,-0.019990949
2018-02-26 05:00,0,-0.024644439,-0.035767444,-0.022512531
2018-02-26 06:00,0,-0.026971341,-0.037904354,-0.024836976
2018-02-26 07:00,0,-0.0281332,-0.038460674,-0.026378462
2018-02-26 08:00,0,-0.02834638,-0.039248087,-0.02687448
2018-02-26 09:00,0,-0.02870812,-0.039707298,-0.026008958
2018-02-26 10:00,0,-0.02691785,-0.038303177,-0.024420399
2018-02-26 11:00,0,-0.023868238,-0.036921844,-0.023218048
2018-02-26 12:00,0,-0.026736739,-0.037633302,-0.022919664
2018-02-26 13:00,0,-0.028464152,-0.03869908,-0.024183589
2018-02-26 14:00,0,-0.028056753,-0.038896189,-0.024524132
2018-02-26 15:00,0,-0.027804275,-0.038201837,-0.023221937
2018-02-26 16:00,0,-0.027119215,-0.037130897,-0.021795958
2018-02-26 17:00,0,-0.025742155,-0.03830953,-0.022032232
2018-02-26 18:00,0,-0.024586556,-0.038958609,-0.024493633
2018-02-26 19:00,0,-0.025202605,-0.038605082,-0.025578521
2018-02-26 20:00,0,-0.025171886,-0.038032624,-0.025546534
2018-02-26 21:00,0,-0.025449773,-0.039494797,-0.025530557
2018-02-26 22:00,0,-0.024997681,-0.040483204,-0.024048531
2018-02-26 23:00,0,-0.024775108,-0.039611514,-0.022668131
2018-02-27 00:00,0,-0.024223416,-0.03850492,-0.022140683
2018-02-27 01:00,0,-0.023950219,-0.037513777,-0.0217819
2018-02-27 02:00,0,-0.023581046,-0.036259995,-0.021391542
2018-02-27 03:00,0,-0.023478318,-0.03554277,-0.02015512
2018-02-27 04:00,0,-0.023487705,-0.034480593,-0.020511516
2018-02-27 05:00,0,-0.025065458,-0.035182069,-0.022499651
2018-02-27 06:00,0,-0.027269602,-0.036646941,-0.024837826
2018-02-27 07:00,0,-0.028346356,-0.037364178,-0.026061671
2018-02-27 08:00,0,-0.028541525,-0.037853348,-0.026383915
2018-02-27 09:00,0,-0.02904244,-0.037948988,-0.025498976
2018-02-27 10:00,0,-0.027148319,-0.036892375,-0.02339936
2018-02-27 11:00,0,-0.023625438,-0.035232873,-0.021866011
2018-02-27 12:00,0,-0.026679564,-0.036396973,-0.021336633
2018-02-27 13:00,0,-0.02840784,-0.037013939,-0.022571593
2018-02-27 14:00,0,-0.028136119,-0.037687939,-0.023060947
2018-02-27 15:00,0,-0.027957066,-0.036914975,-0.022283382
2018-02-27 16:00,0,-0.027216104,-0.036396781,-0.021599458
2018-02-27 17:00,0,-0.025703298,-0.037439361,-0.022184726
2018-02-27 18:00,0,-0.024585305,-0.038449201,-0.024184565
2018-02-27 19:00,0,-0.02517497,-0.038465291,-0.025322801
2018-02-27 20:00,0,-0.025268897,-0.038219804,-0.025427712
2018-02-27 21:00,0,-0.025212303,-0.039514324,-0.025230451
2018-02-27 22:00,0,-0.025015112,-0.040068529,-0.02335323
2018-02-27 23:00,0,-0.025022456,-0.039418393,-0.022102383
2018-02-28 00:00,0,-0.024459508,-0.038241257,-0.021603887
2018-02-28 01:00,0,-0.024111516,-0.037665796,-0.021081977
2018-02-28 02:00,0,-0.023618754,-0.036680047,-0.02055418
2018-02-28 03:00,0,-0.023525807,-0.035951291,-0.019290531
2018-02-28 04:00,0,-0.023732437,-0.034643668,-0.019572038
2018-02-28 05:00,0,-0.025135413,-0.035146977,-0.021776137
2018-02-28 06:00,0,-0.027244602,-0.036379395,-0.023911742
2018-02-28 07:00,0,-0.028146421,-0.036903701,-0.025227583
2018-02-28 08:00,0,-0.028232496,-0.038104557,-0.025797173
2018-02-28 09:00,0,-0.028792539,-0.038189406,-0.025149103
2018-02-28 10:00,0,-0.02670802,-0.037174734,-0.022942588
2018-02-28 11:00,0,-0.023270708,-0.035819695,-0.02156163
2018-02-28 12:00,0,-0.026366285,-0.036536523,-0.020933963
2018-02-28 13:00,0,-0.027703297,-0.037151617,-0.022061761
2018-02-28 14:00,0,-0.027432802,-0.037523238,-0.022782257
2018-02-28 15:00,0,-0.027133221,-0.036751491,-0.021948018
2018-02-28 16:00,0,-0.026559745,-0.035900035,-0.021651081
2018-02-28 17:00,0,-0.025567971,-0.037361764,-0.02195449
2018-02-28 18:00,0,-0.024563844,-0.037915663,-0.024144976
2018-02-28 19:00,0,-0.025153753,-0.037596472,-0.025151959
2018-02-28 20:00,0,-0.025397601,-0.037245717,-0.025412173
2018-02-28 21:00,0,-0.025502954,-0.038582991,-0.025214984
2018-02-28 22:00,0,-0.025116062,-0.039618196,-0.023945744
2018-02-28 23:00,0,-0.025062195,-0.039796841,-0.022811896
2018-03-01 00:00,0,-0.024445596,-0.038543275,-0.022548341
2018-03-01 01:00,0,-0.024151225,-0.037602847,-0.022224751
2018-03-01 02:00,0,-0.02367195,-0.036348159,-0.021712269
2018-03-01 03:00,0,-0.023477427,-0.035717486,-0.020236827
2018-03-01 04:00,0,-0.023755615,-0.034447673,-0.020516425
2018-03-01 05:00,0,-0.025133065,-0.035077581,-0.022678626
2018-03-01 06:00,0,-0.027050454,-0.036692369,-0.024565462
2018-03-01 07:00,0,-0.027842311,-0.0375075,-0.025449798
2018-03-01 08:00,0,-0.028232482,-0.038692966,-0.025428591
2018-03-01 09:00,0,-0.028785674,-0.03927062,-0.024270726
2018-03-01 10:00,0,-0.026787821,-0.038122095,-0.022066353
2018-03-01 11:00,0,-0.023816826,-0.036418934,-0.020370052
2018-03-01 12:00,0,-0.026599356,-0.037587516,-0.02004823
2018-03-01 13:00,0,-0.028394181,-0.037902514,-0.021436608
2018-03-01 14:00,0,-0.028084508,-0.038219561,-0.022145812
2018-03-01 15:00,0,-0.027814873,-0.037517027,-0.021517656
2018-03-01 16:00,0,-0.026767685,-0.036648388,-0.020776423
2018-03-01 17:00,0,-0.02551723,-0.037380443,-0.021276587
2018-03-01 18:00,0,-0.024488168,-0.037888937,-0.023299943
2018-03-01 19:00,0,-0.025253282,-0.03792124,-0.024351485
2018-03-01 20:00,0,-0.025290317,-0.037780402,-0.024646607
2018-03-01 21:00,0,-0.025350055,-0.039142522,-0.024563613
2018-03-01 22:00,0,-0.025079646,-0.04011528,-0.023003559
2018-03-01 23:00,0,-0.025238077,-0.039851287,-0.021808186
2018-03-02 00:00,0,-0.024643686,-0.038686096,-0.021339368
2018-03-02 01:00,0,-0.024352987,-0.037628604,-0.021109579
2018-03-02 02:00,0,-0.023908933,-0.036446088,-0.020463947
2018-03-02 03:00,0,-0.023831407,-0.035929698,-0.019130854
2018-03-02 04:00,0,-0.023926018,-0.034639041,-0.019803593
2018-03-02 05:00,0,-0.025095638,-0.03513084,-0.021687688
2018-03-02 06:00,0,-0.02725626,-0.03671468,-0.023356884
2018-03-02 07:00,0,-0.028397024,-0.03765542,-0.024302194
2018-03-02 08:00,0,-0.028706757,-0.03944381,-0.024567904
2018-03-02 09:00,0,-0.029217669,-0.039784891,-0.023561561
2018-03-02 10:00,0,-0.027410363,-0.038735385,-0.021380977
2018-03-02 11:00,0,-0.023817728,-0.037972393,-0.019942647
2018-03-02 12:00,0,-0.026430486,-0.039357284,-0.019332584
2018-03-02 13:00,0,-0.027937088,-0.040160576,-0.02078561
2018-03-02 14:00,0,-0.027550588,-0.04032677,-0.021526049
2018-03-02 15:00,0,-0.027439006,-0.0393083,-0.020565686
2018-03-02 16:00,0,-0.026792801,-0.037955822,-0.019144389
2018-03-02 17:00,0,-0.025175771,-0.038266563,-0.019222979
2018-03-02 18:00,0,-0.023886492,-0.038422223,-0.020966264
2018-03-02 19:00,0,-0.024534385,-0.038276723,-0.022295643
2018-03-02 20:00,0,-0.024591317,-0.037957207,-0.02273066
2018-03-02 21:00,0,-0.024511207,-0.039637824,-0.022961135
2018-03-02 22:00,0,-0.02431449,-0.040753317,-0.023230288
2018-03-02 23:00,0,-0.024341921,-0.040878605,-0.02181811
2018-03-03 00:00,0,-0.02383781,-0.039671167,-0.021000668
2018-03-03 01:00,0,-0.023453199,-0.038362161,-0.020621395
2018-03-03 02:00,0,-0.02289493,-0.037565063,-0.019893983
2018-03-03 03:00,0,-0.022512681,-0.036448274,-0.018203077
2018-03-03 04:00,0,-0.021946814,-0.034161887,-0.017276255
2018-03-03 05:00,0,-0.022000546,-0.033070556,-0.018451309
2018-03-03 06:00,0,-0.023475186,-0.033148783,-0.020587524
2018-03-03 07:00,0,-0.024532661,-0.034633693,-0.021599768
2018-03-03 08:00,0,-0.025424451,-0.036375107,-0.021913696
2018-03-03 09:00,0,-0.02612413,-0.036982515,-0.020562735
2018-03-03 10:00,0,-0.024246696,-0.035582227,-0.018369932
2018-03-03 11:00,0,-0.021078271,-0.034439649,-0.016513684
2018-03-03 12:00,0,-0.023346247,-0.034922003,-0.015740011
2018-03-03 13:00,0,-0.024870258,-0.03543692,-0.016928713
2018-03-03 14:00,0,-0.024663246,-0.035505829,-0.01782895
2018-03-03 15:00,0,-0.02460916,-0.035168815,-0.018094558
2018-03-03 16:00,0,-0.023933112,-0.034859228,-0.018040735
2018-03-03 17:00,0,-0.023041802,-0.035510196,-0.018832552
2018-03-03 18:00,0,-0.022087487,-0.036136414,-0.020363671
2018-03-03 19:00,0,-0.022716414,-0.036207076,-0.021275221
2018-03-03 20:00,0,-0.022879927,-0.036116116,-0.021878815
2018-03-03 21:00,0,-0.023195688,-0.037459396,-0.022038326
2018-03-03 22:00,0,-0.02335076,-0.03832892,-0.021126513
2018-03-03 23:00,0,-0.023439175,-0.038410651,-0.020090197
2018-03-04 00:00,0,-0.022876127,-0.037434043,-0.019544318
2018-03-04 01:00,0,-0.022477194,-0.036187301,-0.019082799
2018-03-04 02:00,0,-0.021998357,-0.03531574,-0.01832811
2018-03-04 03:00,0,-0.021544323,-0.034457512,-0.016746739
2018-03-04 04:00,0,-0.020804829,-0.032804709,-0.016066712
2018-03-04 05:00,0,-0.020528469,-0.031783082,-0.016983409
2018-03-04 06:00,0,-0.021691494,-0.031482765,-0.019193319
2018-03-04 07:00,0,-0.022715802,-0.032894396,-0.021160497
2018-03-04 08:00,0,-0.023603029,-0.034596841,-0.022211118
2018-03-04 09:00,0,-0.024313657,-0.035079361,-0.021839884
2018-03-04 10:00,0,-0.022516585,-0.034130318,-0.02030207
2018-03-04 11:00,0,-0.01950463,-0.034090202,-0.018457421
2018-03-04 12:00,0,-0.021625059,-0.034597983,-0.018134663
2018-03-04 13:00,0,-0.02300547,-0.035084155,-0.01913471
2018-03-04 14:00,0,-0.022415439,-0.035511106,-0.01960709
2018-03-04 15:00,0,-0.022325072,-0.034531491,-0.019992623
2018-03-04 16:00,0,-0.02236101,-0.033927929,-0.018994501
2018-03-04 17:00,0,-0.02220231,-0.035348266,-0.01960089
2018-03-04 18:00,0,-0.021791617,-0.036077093,-0.020885999
2018-03-04 19:00,0,-0.022738563,-0.035903512,-0.021522263
2018-03-04 20:00,0,-0.023077235,-0.035421196,-0.022319441
2018-03-04 21:00,0,-0.023685241,-0.036664813,-0.023444643
2018-03-04 22:00,0,-0.023687675,-0.037404096,-0.021361005
2018-03-04 23:00,0,-0.023756053,-0.037201473,-0.020010481
2018-03-05 00:00,0,-0.023171061,-0.036319196,-0.019537025
2018-03-05 01:00,0,-0.023037281,-0.035816716,-0.018983913
2018-03-05 02:00,0,-0.022632845,-0.034869495,-0.018219278
2018-03-05 03:00,0,-0.022567046,-0.034325228,-0.016853746
2018-03-05 04:00,0,-0.022973302,-0.033856393,-0.017142742
2018-03-05 05:00,0,-0.024881653,-0.036696252,-0.018521306
2018-03-05 06:00,0,-0.026908502,-0.03879595,-0.020987452
2018-03-05 07:00,0,-0.027899126,-0.03970376,-0.022667766
2018-03-05 08:00,0,-0.028188951,-0.040859049,-0.023479361
2018-03-05 09:00,0,-0.028364039,-0.040795786,-0.022777151
2018-03-05 10:00,0,-0.026424494,-0.039141711,-0.021123077
2018-03-05 11:00,0,-0.023339835,-0.03766005,-0.019537465
2018-03-05 12:00,0,-0.026161818,-0.038628928,-0.018993476
2018-03-05 13:00,0,-0.027909482,-0.039316973,-0.020431568
2018-03-05 14:00,0,-0.02744712,-0.03971711,-0.021302173
2018-03-05 15:00,0,-0.027277509,-0.038988797,-0.020732473
2018-03-05 16:00,0,-0.026652416,-0.037723018,-0.019331473
2018-03-05 17:00,0,-0.025227791,-0.038205479,-0.019671428
2018-03-05 18:00,0,-0.024348909,-0.038912122,-0.02131492
2018-03-05 19:00,0,-0.024889446,-0.038672706,-0.022354289
2018-03-05 20:00,0,-0.024943104,-0.037967597,-0.022910598
2018-03-05 21:00,0,-0.024790844,-0.038880592,-0.023769391
2018-03-05 22:00,0,-0.024323238,-0.039191233,-0.021670944
2018-03-05 23:00,0,-0.024277327,-0.038860177,-0.020082943
2018-03-06 00:00,0,-0.023624611,-0.03776235,-0.01962576
2018-03-06 01:00,0,-0.023336739,-0.036865691,-0.019180139
2018-03-06 02:00,0,-0.022939718,-0.035998809,-0.018476241
2018-03-06 03:00,0,-0.022769915,-0.035488342,-0.017754564
2018-03-06 04:00,0,-0.023166538,-0.035371941,-0.019092646
2018-03-06 05:00,0,-0.024930542,-0.036940103,-0.021136815
2018-03-06 06:00,0,-0.026925176,-0.03854468,-0.023158198
2018-03-06 07:00,0,-0.028070887,-0.039519219,-0.024019041
2018-03-06 08:00,0,-0.028338866,-0.04019174,-0.024213078
2018-03-06 09:00,0,-0.028608592,-0.039770219,-0.023089925
2018-03-06 10:00,0,-0.026814119,-0.038534283,-0.020887403
2018-03-06 11:00,0,-0.023672628,-0.037276188,-0.019438255
2018-03-06 12:00,0,-0.026325961,-0.038352924,-0.019301616
2018-03-06 13:00,0,-0.028010231,-0.039407108,-0.020401559
2018-03-06 14:00,0,-0.027519374,-0.039901485,-0.020885995
2018-03-06 15:00,0,-0.027289379,-0.039328854,-0.020100344
2018-03-06 16:00,0,-0.026266268,-0.038114969,-0.018654414
2018-03-06 17:00,0,-0.025046802,-0.038754694,-0.018993654
2018-03-06 18:00,0,-0.024242525,-0.039623063,-0.021409968
2018-03-06 19:00,0,-0.024777949,-0.039292774,-0.022626561
2018-03-06 20:00,0,-0.024779212,-0.039110595,-0.023058202
2018-03-06 21:00,0,-0.024783671,-0.040085058,-0.023355245
2018-03-06 22:00,0,-0.024261357,-0.040589511,-0.021753364
2018-03-06 23:00,0,-0.024198506,-0.039070469,-0.020304048
2018-03-07 00:00,0,-0.023552232,-0.038170586,-0.019785302
2018-03-07 01:00,0,-0.023306604,-0.037127557,-0.019401578
2018-03-07 02:00,0,-0.022968802,-0.03632197,-0.01877265
2018-03-07 03:00,0,-0.022793892,-0.035845012,-0.018002984
2018-03-07 04:00,0,-0.023135055,-0.035547724,-0.019202096
2018-03-07 05:00,0,-0.024957855,-0.037199333,-0.020688567
2018-03-07 06:00,0,-0.026705246,-0.03871122,-0.021851958
2018-03-07 07:00,0,-0.027619314,-0.039693775,-0.022063142
2018-03-07 08:00,0,-0.02775591,-0.040515985,-0.021588481
2018-03-07 09:00,0,-0.027947338,-0.040449411,-0.020236699
2018-03-07 10:00,0,-0.025990565,-0.04021974,-0.018205921
2018-03-07 11:00,0,-0.022527145,-0.038775876,-0.016784995
2018-03-07 12:00,0,-0.025266764,-0.039675464,-0.01652417
2018-03-07 13:00,0,-0.026908452,-0.040588362,-0.018008635
2018-03-07 14:00,0,-0.026712175,-0.040469204,-0.01836913
2018-03-07 15:00,0,-0.026731248,-0.039304784,-0.017599229
2018-03-07 16:00,0,-0.02606753,-0.038411621,-0.017011519
2018-03-07 17:00,0,-0.024809175,-0.038548161,-0.018313791
2018-03-07 18:00,0,-0.023891174,-0.038848572,-0.020584319
2018-03-07 19:00,0,-0.024521125,-0.038701369,-0.02184776
2018-03-07 20:00,0,-0.02448227,-0.038295221,-0.022275293
2018-03-07 21:00,0,-0.02451247,-0.039472025,-0.022099757
2018-03-07 22:00,0,-0.024077501,-0.040232371,-0.020779375
2018-03-07 23:00,0,-0.023979746,-0.038820646,-0.019472811
2018-03-08 00:00,0,-0.023581415,-0.037806188,-0.019038851
2018-03-08 01:00,0,-0.023361612,-0.036928324,-0.018635126
2018-03-08 02:00,0,-0.023014259,-0.035954662,-0.018065707
2018-03-08 03:00,0,-0.022918323,-0.035749161,-0.017409781
2018-03-08 04:00,0,-0.023232342,-0.035063133,-0.018485267
2018-03-08 05:00,0,-0.02480255,-0.03649966,-0.020033629
2018-03-08 06:00,0,-0.026383025,-0.037951922,-0.021417261
2018-03-08 07:00,0,-0.027133324,-0.038955092,-0.022044646
2018-03-08 08:00,0,-0.027125951,-0.039780286,-0.021928068
2018-03-08 09:00,0,-0.027160127,-0.039951963,-0.021004569
2018-03-08 10:00,0,-0.025171791,-0.039475344,-0.018796945
2018-03-08 11:00,0,-0.021988402,-0.038225787,-0.017923513
2018-03-08 12:00,0,-0.024608194,-0.039407487,-0.017914562
2018-03-08 13:00,0,-0.026380121,-0.039891666,-0.019325832
2018-03-08 14:00,0,-0.026151963,-0.039622688,-0.020137743
2018-03-08 15:00,0,-0.026071121,-0.038330593,-0.019607312
2018-03-08 16:00,0,-0.025105364,-0.03714023,-0.018387191
2018-03-08 17:00,0,-0.024314413,-0.037779406,-0.018109255
2018-03-08 18:00,0,-0.023545875,-0.038899722,-0.02041677
2018-03-08 19:00,0,-0.024403475,-0.038075124,-0.02085312
2018-03-08 20:00,0,-0.024638258,-0.037873089,-0.021592473
2018-03-08 21:00,0,-0.024573457,-0.039134892,-0.021703894
2018-03-08 22:00,0,-0.024250384,-0.039737897,-0.02066975
2018-03-08 23:00,0,-0.024206966,-0.039070711,-0.019486598
2018-03-09 00:00,0,-0.02363545,-0.037856186,-0.018958349
2018-03-09 01:00,0,-0.023399436,-0.037124589,-0.018627024
2018-03-09 02:00,0,-0.023060921,-0.036383967,-0.018138294
2018-03-09 03:00,0,-0.022874863,-0.036413592,-0.017443983
2018-03-09 04:00,0,-0.023257743,-0.036001488,-0.018394698
2018-03-09 05:00,0,-0.024822101,-0.037492831,-0.019930576
2018-03-09 06:00,0,-0.026421539,-0.03905415,-0.021093009
2018-03-09 07:00,0,-0.027223667,-0.039846003,-0.021193307
2018-03-09 08:00,0,-0.027424541,-0.040668264,-0.021007786
2018-03-09 09:00,0,-0.027741052,-0.041062037,-0.019895888
2018-03-09 10:00,0,-0.025795997,-0.039729713,-0.017405436
2018-03-09 11:00,0,-0.022379357,-0.038349142,-0.01605993
2018-03-09 12:00,0,-0.024865992,-0.038931524,-0.015901857
2018-03-09 13:00,0,-0.026470418,-0.039687884,-0.017063609
2018-03-09 14:00,0,-0.026006516,-0.039658516,-0.017281647
2018-03-09 15:00,0,-0.0258366,-0.038686162,-0.016663764
2018-03-09 16:00,0,-0.025241784,-0.037558402,-0.016516969
2018-03-09 17:00,0,-0.024077109,-0.037855226,-0.017708765
2018-03-09 18:00,0,-0.023243203,-0.037949306,-0.019849046
2018-03-09 19:00,0,-0.023712468,-0.037961603,-0.021125042
2018-03-09 20:00,0,-0.023867438,-0.037935287,-0.02137967
2018-03-09 21:00,0,-0.023913843,-0.038719672,-0.021425589
2018-03-09 22:00,0,-0.023447277,-0.03924858,-0.020319641
2018-03-09 23:00,0,-0.02360854,-0.039027957,-0.019271049
2018-03-10 00:00,0,-0.022908414,-0.037243713,-0.018717617
2018-03-10 01:00,0,-0.022586275,-0.036163306,-0.018408862
2018-03-10 02:00,0,-0.022024861,-0.035238694,-0.017644922
2018-03-10 03:00,0,-0.021683698,-0.034320679,-0.016577604
2018-03-10 04:00,0,-0.021421278,-0.033311296,-0.016340028
2018-03-10 05:00,0,-0.021664774,-0.032780703,-0.017387335
2018-03-10 06:00,0,-0.022737544,-0.033345516,-0.018911621
2018-03-10 07:00,0,-0.023577386,-0.034752451,-0.019352753
2018-03-10 08:00,0,-0.024090714,-0.03640883,-0.01948248
2018-03-10 09:00,0,-0.02445813,-0.036964691,-0.018415977
2018-03-10 10:00,0,-0.022849455,-0.036299739,-0.016483469
2018-03-10 11:00,0,-0.019852082,-0.035662953,-0.014757032
2018-03-10 12:00,0,-0.022107859,-0.036040654,-0.014551739
2018-03-10 13:00,0,-0.023861593,-0.036704139,-0.015840955
2018-03-10 14:00,0,-0.023608136,-0.037232083,-0.016572438
2018-03-10 15:00,0,-0.023501612,-0.036690589,-0.016882605
2018-03-10 16:00,0,-0.023264336,-0.03613278,-0.017155335
2018-03-10 17:00,0,-0.022276565,-0.036317229,-0.017806556
2018-03-10 18:00,0,-0.021367614,-0.036905676,-0.019235382
2018-03-10 19:00,0,-0.022120064,-0.036242579,-0.019814934
2018-03-10 20:00,0,-0.022233854,-0.035861292,-0.020299437
2018-03-10 21:00,0,-0.02253614,-0.036885095,-0.020199011
2018-03-10 22:00,0,-0.022300841,-0.03786721,-0.019653805
2018-03-10 23:00,0,-0.02221581,-0.037874861,-0.01850076
2018-03-11 00:00,0,-0.021708177,-0.036546551,-0.018177233
2018-03-11 01:00,0,-0.021585427,-0.035605214,-0.017701893
2018-03-11 02:00,0,-0.021236083,-0.034694303,-0.016978861
2018-03-11 03:00,0,-0.020840833,-0.033843153,-0.015892943
2018-03-11 04:00,0,-0.020527021,-0.03319256,-0.01540499
2018-03-11 05:00,0,-0.020263487,-0.032591556,-0.016359582
2018-03-11 06:00,0,-0.021155393,-0.032634861,-0.018030273
2018-03-11 07:00,0,-0.021919585,-0.034110356,-0.018677374
2018-03-11 08:00,0,-0.02260742,-0.035833346,-0.018794139
2018-03-11 09:00,0,-0.023295168,-0.036740659,-0.017795509
2018-03-11 10:00,0,-0.022015814,-0.035862873,-0.015815793
2018-03-11 11:00,0,-0.018924938,-0.035364571,-0.014400979
2018-03-11 12:00,0,-0.021036648,-0.035518173,-0.014058946
2018-03-11 13:00,0,-0.022486602,-0.036071778,-0.015538371
2018-03-11 14:00,0,-0.022170341,-0.035870125,-0.016282875
2018-03-11 15:00,0,-0.022358253,-0.034898683,-0.016529417
2018-03-11 16:00,0,-0.022035829,-0.034515405,-0.017270572
2018-03-11 17:00,0,-0.021523082,-0.035507755,-0.018659791
2018-03-11 18:00,0,-0.021016049,-0.037345185,-0.020140082
2018-03-11 19:00,0,-0.021898158,-0.037104223,-0.02024342
2018-03-11 20:00,0,-0.022371223,-0.036426152,-0.02048694
2018-03-11 21:00,0,-0.02284608,-0.037058144,-0.019984272
2018-03-11 22:00,0,-0.022572375,-0.037604267,-0.01884266
2018-03-11 23:00,0,-0.022365262,-0.036926932,-0.017810242
2018-03-12 00:00,0,-0.021767525,-0.035766393,-0.017418238
2018-03-12 01:00,0,-0.02170579,-0.035245345,-0.017141856
2018-03-12 02:00,0,-0.021576915,-0.034997019,-0.016527793
2018-03-12 03:00,0,-0.021645615,-0.034506862,-0.01604228
2018-03-12 04:00,0,-0.022367176,-0.034605141,-0.017846711
2018-03-12 05:00,0,-0.024327444,-0.037381856,-0.019340319
2018-03-12 06:00,0,-0.026063033,-0.039291984,-0.020601472
2018-03-12 07:00,0,-0.026876544,-0.040136758,-0.020748449
2018-03-12 08:00,0,-0.027264318,-0.040883669,-0.02053021
2018-03-12 09:00,0,-0.027688117,-0.040479648,-0.019263926
2018-03-12 10:00,0,-0.025899531,-0.039475118,-0.017240564
2018-03-12 11:00,0,-0.022668303,-0.038535529,-0.016088588
2018-03-12 12:00,0,-0.025294857,-0.039614896,-0.01604263
2018-03-12 13:00,0,-0.027259045,-0.040571253,-0.017298939
2018-03-12 14:00,0,-0.026999886,-0.04029401,-0.017593535
2018-03-12 15:00,0,-0.026791987,-0.039672132,-0.01708673
2018-03-12 16:00,0,-0.025769419,-0.038631389,-0.016547612
2018-03-12 17:00,0,-0.024529784,-0.039118297,-0.01764622
2018-03-12 18:00,0,-0.023550396,-0.039817368,-0.019438638
2018-03-12 19:00,0,-0.024234899,-0.039051448,-0.020428408
2018-03-12 20:00,0,-0.024226893,-0.038343487,-0.020491424
2018-03-12 21:00,0,-0.024141047,-0.038990161,-0.020505753
2018-03-12 22:00,0,-0.02350772,-0.039375227,-0.019317913
2018-03-12 23:00,0,-0.023352168,-0.037814277,-0.01810009
2018-03-13 00:00,0,-0.022988519,-0.03657614,-0.017771373
2018-03-13 01:00,0,-0.02290793,-0.035856829,-0.017393394
2018-03-13 02:00,0,-0.022641681,-0.035315287,-0.01665904
2018-03-13 03:00,0,-0.022577742,-0.035085783,-0.01589141
2018-03-13 04:00,0,-0.022970481,-0.03512648,-0.016917902
2018-03-13 05:00,0,-0.024742382,-0.036834154,-0.018853841
2018-03-13 06:00,0,-0.026078113,-0.038535311,-0.020347301
2018-03-13 07:00,0,-0.026684774,-0.039812808,-0.020774354
2018-03-13 08:00,0,-0.026800022,-0.04096481,-0.020747642
2018-03-13 09:00,0,-0.027243668,-0.041126908,-0.019889901
2018-03-13 10:00,0,-0.025441712,-0.040199511,-0.018036299
2018-03-13 11:00,0,-0.022085856,-0.038861198,-0.016801562
2018-03-13 12:00,0,-0.024757053,-0.040237737,-0.01653305
2018-03-13 13:00,0,-0.026621029,-0.041057648,-0.018080863
2018-03-13 14:00,0,-0.026258898,-0.041523012,-0.018444856
2018-03-13 15:00,0,-0.026139035,-0.040624387,-0.017703005
2018-03-13 16:00,0,-0.025311808,-0.039556569,-0.016913348
2018-03-13 17:00,0,-0.024378429,-0.039478819,-0.01778869
2018-03-13 18:00,0,-0.023567084,-0.039861881,-0.019780784
2018-03-13 19:00,0,-0.024134926,-0.039792914,-0.020923024
2018-03-13 20:00,0,-0.024215832,-0.039054371,-0.020716202
2018-03-13 21:00,0,-0.024094857,-0.04004728,-0.020287862
2018-03-13 22:00,0,-0.023579064,-0.040437611,-0.019170128
2018-03-13 23:00,0,-0.023268339,-0.039538309,-0.018169839
2018-03-14 00:00,0,-0.022659327,-0.038329106,-0.017766658
2018-03-14 01:00,0,-0.022443755,-0.037493168,-0.017473294
2018-03-14 02:00,0,-0.022183246,-0.03695414,-0.016949666
2018-03-14 03:00,0,-0.022130762,-0.036658814,-0.016293807
2018-03-14 04:00,0,-0.022804133,-0.036304045,-0.017197348
2018-03-14 05:00,0,-0.024372502,-0.03776961,-0.018676415
2018-03-14 06:00,0,-0.026150125,-0.038914185,-0.019795068
2018-03-14 07:00,0,-0.027093357,-0.039566369,-0.02004179
2018-03-14 08:00,0,-0.027351726,-0.040095844,-0.019954631
2018-03-14 09:00,0,-0.027779467,-0.039816184,-0.019136542
2018-03-14 10:00,0,-0.025965511,-0.038574661,-0.017161081
2018-03-14 11:00,0,-0.022535695,-0.037212427,-0.015854819
2018-03-14 12:00,0,-0.025232495,-0.03813838,-0.015867178
2018-03-14 13:00,0,-0.026916864,-0.039098916,-0.01758514
2018-03-14 14:00,0,-0.026615068,-0.039233551,-0.017842601
2018-03-14 15:00,0,-0.026333753,-0.038475151,-0.017162374
2018-03-14 16:00,0,-0.025649219,-0.037213995,-0.016296583
2018-03-14 17:00,0,-0.024249621,-0.037500782,-0.017512931
2018-03-14 18:00,0,-0.023595031,-0.038630218,-0.019632885
2018-03-14 19:00,0,-0.024287053,-0.038566563,-0.020683465
2018-03-14 20:00,0,-0.024383884,-0.038337463,-0.020696485
2018-03-14 21:00,0,-0.024339111,-0.039019065,-0.02051117
2018-03-14 22:00,0,-0.023841394,-0.039432947,-0.019209484
2018-03-14 23:00,0,-0.023615161,-0.037989244,-0.018207465
2018-03-15 00:00,0,-0.023132773,-0.036489934,-0.017681821
2018-03-15 01:00,0,-0.022877304,-0.03579431,-0.017431816
2018-03-15 02:00,0,-0.022715895,-0.035340949,-0.016827438
2018-03-15 03:00,0,-0.022677456,-0.034946297,-0.016089129
2018-03-15 04:00,0,-0.023206911,-0.034735849,-0.016831904
2018-03-15 05:00,0,-0.024829564,-0.036034704,-0.018530914
2018-03-15 06:00,0,-0.026521384,-0.03771004,-0.019733146
2018-03-15 07:00,0,-0.027222267,-0.038851591,-0.019905697
2018-03-15 08:00,0,-0.027322891,-0.039928961,-0.01962684
2018-03-15 09:00,0,-0.027849472,-0.040436041,-0.018680829
2018-03-15 10:00,0,-0.025883513,-0.039591877,-0.016694861
2018-03-15 11:00,0,-0.022608317,-0.038363188,-0.015628082
2018-03-15 12:00,0,-0.025547823,-0.039218394,-0.015380179
2018-03-15 13:00,0,-0.027042832,-0.040586739,-0.016818811
2018-03-15 14:00,0,-0.026688947,-0.041041034,-0.01759223
2018-03-15 15:00,0,-0.026676068,-0.040160327,-0.016887627
2018-03-15 16:00,0,-0.025805239,-0.038674162,-0.015887391
2018-03-15 17:00,0,-0.024349373,-0.038400954,-0.017469869
2018-03-15 18:00,0,-0.023541514,-0.038861213,-0.019578957
2018-03-15 19:00,0,-0.02432494,-0.038620375,-0.020694783
2018-03-15 20:00,0,-0.024336241,-0.038729318,-0.020677826
2018-03-15 21:00,0,-0.024511373,-0.04002947,-0.020417032
2018-03-15 22:00,0,-0.023633281,-0.039951445,-0.019281698
2018-03-15 23:00,0,-0.023491693,-0.039072954,-0.018172597
2018-03-16 00:00,0,-0.022863788,-0.037431962,-0.017572877
2018-03-16 01:00,0,-0.022759258,-0.036912718,-0.017387874
2018-03-16 02:00,0,-0.022349657,-0.036277032,-0.016836816
2018-03-16 03:00,0,-0.022219566,-0.035697164,-0.016151798
2018-03-16 04:00,0,-0.022670676,-0.035358537,-0.017095175
2018-03-16 05:00,0,-0.024453739,-0.03671568,-0.018709862
2018-03-16 06:00,0,-0.02617164,-0.038356244,-0.019945314
2018-03-16 07:00,0,-0.027327049,-0.03918957,-0.02048237
2018-03-16 08:00,0,-0.027593688,-0.040170585,-0.020639027
2018-03-16 09:00,0,-0.02792498,-0.040272226,-0.019538431
2018-03-16 10:00,0,-0.026135881,-0.039223135,-0.017375859
2018-03-16 11:00,0,-0.022580419,-0.03756291,-0.016111065
2018-03-16 12:00,0,-0.024906359,-0.038315573,-0.01622059
2018-03-16 13:00,0,-0.026315393,-0.039000886,-0.017603027
2018-03-16 14:00,0,-0.025785882,-0.038988604,-0.01810772
2018-03-16 15:00,0,-0.025539775,-0.038160822,-0.017383783
2018-03-16 16:00,0,-0.024773495,-0.036808764,-0.016012924
2018-03-16 17:00,0,-0.023610388,-0.036769592,-0.017147482
2018-03-16 18:00,0,-0.023033731,-0.037773586,-0.019155087
2018-03-16 19:00,0,-0.023715394,-0.038321721,-0.020129332
2018-03-16 20:00,0,-0.023682923,-0.038071211,-0.020257659
2018-03-16 21:00,0,-0.023726823,-0.039140487,-0.020356054
2018-03-16 22:00,0,-0.023372117,-0.039554226,-0.019493278
2018-03-16 23:00,0,-0.022972807,-0.037756536,-0.018234009
2018-03-17 00:00,0,-0.022395276,-0.036249734,-0.017724601
2018-03-17 01:00,0,-0.022108438,-0.03526399,-0.017481396
2018-03-17 02:00,0,-0.021664318,-0.034526138,-0.016763704
2018-03-17 03:00,0,-0.021341079,-0.033649715,-0.015687551
2018-03-17 04:00,0,-0.021016026,-0.032621208,-0.015544849
2018-03-17 05:00,0,-0.02115873,-0.031941551,-0.016570555
2018-03-17 06:00,0,-0.022443146,-0.032167712,-0.018137577
2018-03-17 07:00,0,-0.023978339,-0.034116862,-0.018761654
2018-03-17 08:00,0,-0.024926021,-0.035973409,-0.018722714
2018-03-17 09:00,0,-0.025527462,-0.037003828,-0.017788652
2018-03-17 10:00,0,-0.023753232,-0.036844717,-0.015973914
2018-03-17 11:00,0,-0.020776866,-0.03612758,-0.014371149
2018-03-17 12:00,0,-0.023252085,-0.036891706,-0.014237731
2018-03-17 13:00,0,-0.024737343,-0.036655449,-0.015512797
2018-03-17 14:00,0,-0.024548816,-0.036852889,-0.016221933
2018-03-17 15:00,0,-0.024456969,-0.035878898,-0.015898086
2018-03-17 16:00,0,-0.023823267,-0.035203603,-0.015531349
2018-03-17 17:00,0,-0.022795911,-0.035310632,-0.016762061
2018-03-17 18:00,0,-0.021907434,-0.035894056,-0.01811747
2018-03-17 19:00,0,-0.022639078,-0.035783162,-0.018598671
2018-03-17 20:00,0,-0.022843184,-0.035817846,-0.018957536
2018-03-17 21:00,0,-0.023411765,-0.037315257,-0.019710735
2018-03-17 22:00,0,-0.02330469,-0.038255939,-0.018146416
2018-03-17 23:00,0,-0.02277433,-0.037135194,-0.017239217
2018-03-18 00:00,0,-0.022131812,-0.036320616,-0.016746514
2018-03-18 01:00,0,-0.021859935,-0.035506387,-0.016361572
2018-03-18 02:00,0,-0.021404241,-0.034599631,-0.015665071
2018-03-18 03:00,0,-0.021025263,-0.033356912,-0.014516088
2018-03-18 04:00,0,-0.02039936,-0.031205743,-0.013911701
2018-03-18 05:00,0,-0.020208189,-0.029924034,-0.014903343
2018-03-18 06:00,0,-0.021260913,-0.029899258,-0.016830899
2018-03-18 07:00,0,-0.022380385,-0.031645316,-0.018446293
2018-03-18 08:00,0,-0.023414253,-0.033792702,-0.019430127
2018-03-18 09:00,0,-0.024137041,-0.034573938,-0.019273024
2018-03-18 10:00,0,-0.022553362,-0.03304971,-0.01781482
2018-03-18 11:00,0,-0.019285164,-0.031465003,-0.01664084
2018-03-18 12:00,0,-0.021747958,-0.032400587,-0.016370621
2018-03-18 13:00,0,-0.023323692,-0.034187697,-0.017914526
2018-03-18 14:00,0,-0.023073314,-0.034904181,-0.018655159
2018-03-18 15:00,0,-0.023162722,-0.034295586,-0.018630082
2018-03-18 16:00,0,-0.02270924,-0.03322117,-0.017663229
2018-03-18 17:00,0,-0.021873669,-0.034506029,-0.018399995
2018-03-18 18:00,0,-0.021504773,-0.036325799,-0.019794756
2018-03-18 19:00,0,-0.022300076,-0.036464257,-0.020319673
2018-03-18 20:00,0,-0.022785929,-0.036247035,-0.0204138
2018-03-18 21:00,0,-0.023296304,-0.037287134,-0.020069876
2018-03-18 22:00,0,-0.023120483,-0.037990114,-0.018338784
2018-03-18 23:00,0,-0.022926221,-0.037010709,-0.017237119
2018-03-19 00:00,0,-0.022533622,-0.03584897,-0.017111054
2018-03-19 01:00,0,-0.022410576,-0.035475695,-0.016700949
2018-03-19 02:00,0,-0.022100575,-0.034468057,-0.015999227
2018-03-19 03:00,0,-0.022020691,-0.033880229,-0.015288528
2018-03-19 04:00,0,-0.02243767,-0.033018926,-0.017085618
2018-03-19 05:00,0,-0.024334957,-0.035309111,-0.019332704
2018-03-19 06:00,0,-0.026489507,-0.037061702,-0.021472616
2018-03-19 07:00,0,-0.027510067,-0.038345226,-0.022480767
2018-03-19 08:00,0,-0.02772532,-0.039231771,-0.022932751
2018-03-19 09:00,0,-0.028182294,-0.039152794,-0.022115455
2018-03-19 10:00,0,-0.026329045,-0.037411687,-0.020338275
2018-03-19 11:00,0,-0.023193622,-0.036087864,-0.019018827
2018-03-19 12:00,0,-0.026121584,-0.037202483,-0.019289481
2018-03-19 13:00,0,-0.027841637,-0.038288959,-0.021026524
2018-03-19 14:00,0,-0.027470479,-0.038037677,-0.021536192
2018-03-19 15:00,0,-0.027240762,-0.036931817,-0.02054362
2018-03-19 16:00,0,-0.026281296,-0.035767923,-0.018798743
2018-03-19 17:00,0,-0.024753749,-0.036264921,-0.019290053
2018-03-19 18:00,0,-0.023876869,-0.037785369,-0.02118076
2018-03-19 19:00,0,-0.024386931,-0.03789437,-0.02205692
2018-03-19 20:00,0,-0.024503169,-0.036911716,-0.022020196
2018-03-19 21:00,0,-0.024609772,-0.038344382,-0.021866863
2018-03-19 22:00,0,-0.024535538,-0.03915462,-0.020185145
2018-03-19 23:00,0,-0.024133317,-0.038742269,-0.019073935
2018-03-20 00:00,0,-0.023672883,-0.037886553,-0.01866008
2018-03-20 01:00,0,-0.023400995,-0.036907265,-0.018358564
2018-03-20 02:00,0,-0.023123471,-0.036271036,-0.017889935
2018-03-20 03:00,0,-0.022960367,-0.03568236,-0.017066116
2018-03-20 04:00,0,-0.023024014,-0.034580511,-0.017940672
2018-03-20 05:00,0,-0.024362237,-0.03591978,-0.019903919
2018-03-20 06:00,0,-0.026402562,-0.037234093,-0.021776995
2018-03-20 07:00,0,-0.027268674,-0.037842244,-0.022579932
2018-03-20 08:00,0,-0.027834659,-0.039033891,-0.022505856
2018-03-20 09:00,0,-0.028252993,-0.038372529,-0.021303061
2018-03-20 10:00,0,-0.026289259,-0.03627181,-0.019081654
2018-03-20 11:00,0,-0.023066738,-0.034461999,-0.01767744
2018-03-20 12:00,0,-0.026088692,-0.035273958,-0.017221997
2018-03-20 13:00,0,-0.027676979,-0.036026507,-0.018398804
2018-03-20 14:00,0,-0.027318844,-0.036286709,-0.018618362
2018-03-20 15:00,0,-0.026712047,-0.035461426,-0.017743882
2018-03-20 16:00,0,-0.025595252,-0.034579808,-0.016688408
2018-03-20 17:00,0,-0.024329361,-0.03488285,-0.018098666
2018-03-20 18:00,0,-0.023751692,-0.036722484,-0.02036286
2018-03-20 19:00,0,-0.02421172,-0.03704938,-0.021566326
2018-03-20 20:00,0,-0.024483493,-0.036939232,-0.02152125
2018-03-20 21:00,0,-0.024395368,-0.038336467,-0.021297727
2018-03-20 22:00,0,-0.024182847,-0.039105131,-0.019843787
2018-03-20 23:00,0,-0.02401164,-0.03868803,-0.018814609
2018-03-21 00:00,0,-0.023447191,-0.037453912,-0.018198884
2018-03-21 01:00,0,-0.023247288,-0.036495327,-0.017934736
2018-03-21 02:00,0,-0.022809202,-0.035923834,-0.01727895
2018-03-21 03:00,0,-0.022697952,-0.035403084,-0.016414057
2018-03-21 04:00,0,-0.023019052,-0.034684855,-0.017480122
2018-03-21 05:00,0,-0.024384476,-0.03582294,-0.019415448
2018-03-21 06:00,0,-0.026126687,-0.03716504,-0.021076644
2018-03-21 07:00,0,-0.02699139,-0.038191189,-0.021868567
2018-03-21 08:00,0,-0.027327092,-0.038871849,-0.022057675
2018-03-21 09:00,0,-0.027644787,-0.038660825,-0.021379345
2018-03-21 10:00,0,-0.025732906,-0.037530192,-0.019402522
2018-03-21 11:00,0,-0.022623116,-0.036444749,-0.018189929
2018-03-21 12:00,0,-0.025404981,-0.037576816,-0.017975136
2018-03-21 13:00,0,-0.02709467,-0.038362504,-0.019512236
2018-03-21 14:00,0,-0.02663224,-0.038368118,-0.019790095
2018-03-21 15:00,0,-0.026419519,-0.037243571,-0.019289273
2018-03-21 16:00,0,-0.025549846,-0.036111321,-0.018051688
2018-03-21 17:00,0,-0.02435223,-0.036017926,-0.018713508
2018-03-21 18:00,0,-0.023872033,-0.037377257,-0.020771377
2018-03-21 19:00,0,-0.024582338,-0.037878386,-0.022132006
2018-03-21 20:00,0,-0.024783384,-0.037340522,-0.022360546
2018-03-21 21:00,0,-0.02489708,-0.038286722,-0.021918696
2018-03-21 22:00,0,-0.024447607,-0.038652693,-0.02036512
2018-03-21 23:00,0,-0.024480729,-0.038087835,-0.019292303
2018-03-22 00:00,0,-0.023948824,-0.036871489,-0.018887999
2018-03-22 01:00,0,-0.023578484,-0.036011263,-0.01856973
2018-03-22 02:00,0,-0.023293783,-0.035093967,-0.017806746
2018-03-22 03:00,0,-0.02322302,-0.034660238,-0.016767656
2018-03-22 04:00,0,-0.023495788,-0.034032094,-0.017846023
2018-03-22 05:00,0,-0.024716242,-0.03538057,-0.020212122
2018-03-22 06:00,0,-0.026035017,-0.036966749,-0.022414373
2018-03-22 07:00,0,-0.026500684,-0.038389114,-0.023474405
2018-03-22 08:00,0,-0.026571387,-0.039604293,-0.024100679
2018-03-22 09:00,0,-0.026743921,-0.039723206,-0.02352484
2018-03-22 10:00,0,-0.024904023,-0.038844993,-0.021645498
2018-03-22 11:00,0,-0.021406906,-0.037616563,-0.020354022
2018-03-22 12:00,0,-0.024318947,-0.038625414,-0.020111209
2018-03-22 13:00,0,-0.025967678,-0.039810446,-0.021544289
2018-03-22 14:00,0,-0.025773153,-0.040056929,-0.02201662
2018-03-22 15:00,0,-0.025451564,-0.038887394,-0.021128503
2018-03-22 16:00,0,-0.024876585,-0.037710656,-0.019723286
2018-03-22 17:00,0,-0.023870119,-0.037624483,-0.019960051
2018-03-22 18:00,0,-0.023329927,-0.038104655,-0.022104947
2018-03-22 19:00,0,-0.024104555,-0.03804945,-0.023372223
2018-03-22 20:00,0,-0.024041865,-0.037804726,-0.023517852
2018-03-22 21:00,0,-0.02414248,-0.038769971,-0.023059474
2018-03-22 22:00,0,-0.023669765,-0.03959277,-0.02118304
2018-03-22 23:00,0,-0.023855538,-0.038861743,-0.01990934
2018-03-23 00:00,0,-0.023415541,-0.037368051,-0.019406883
2018-03-23 01:00,0,-0.023114417,-0.036762023,-0.018912267
2018-03-23 02:00,0,-0.022858008,-0.036078284,-0.018200511
2018-03-23 03:00,0,-0.022777948,-0.035472255,-0.016951197
2018-03-23 04:00,0,-0.023132213,-0.034873752,-0.017654858
2018-03-23 05:00,0,-0.024369677,-0.036209041,-0.019576403
2018-03-23 06:00,0,-0.02624629,-0.037478141,-0.021524598
2018-03-23 07:00,0,-0.027205773,-0.038638671,-0.022893398
2018-03-23 08:00,0,-0.027610885,-0.039505974,-0.023298977
2018-03-23 09:00,0,-0.027841944,-0.039523755,-0.022413421
2018-03-23 10:00,0,-0.025684198,-0.038458804,-0.020412545
2018-03-23 11:00,0,-0.022393856,-0.037476606,-0.01865731
2018-03-23 12:00,0,-0.024964714,-0.038330577,-0.018134763
2018-03-23 13:00,0,-0.026659149,-0.039020559,-0.01978409
2018-03-23 14:00,0,-0.026197956,-0.039526826,-0.020051791
2018-03-23 15:00,0,-0.026014175,-0.038587595,-0.019449396
2018-03-23 16:00,0,-0.025121267,-0.037183392,-0.018269433
2018-03-23 17:00,0,-0.023656744,-0.03688696,-0.019048528
2018-03-23 18:00,0,-0.022852493,-0.037557038,-0.021253568
2018-03-23 19:00,0,-0.023506992,-0.037976022,-0.022291672
2018-03-23 20:00,0,-0.023946072,-0.038046885,-0.022579396
2018-03-23 21:00,0,-0.02407452,-0.039127192,-0.022484728
2018-03-23 22:00,0,-0.02369523,-0.040013048,-0.021386725
2018-03-23 23:00,0,-0.023645591,-0.039519764,-0.020384537
2018-03-24 00:00,0,-0.023074246,-0.037957611,-0.01985908
2018-03-24 01:00,0,-0.022780504,-0.036672691,-0.019486737
2018-03-24 02:00,0,-0.022241847,-0.035944698,-0.018791176
2018-03-24 03:00,0,-0.021844154,-0.035126184,-0.017240993
2018-03-24 04:00,0,-0.021415624,-0.033780259,-0.016704173
2018-03-24 05:00,0,-0.021441657,-0.032940569,-0.018149762
2018-03-24 06:00,0,-0.022391431,-0.033189781,-0.020326304
2018-03-24 07:00,0,-0.023337821,-0.034937153,-0.021801938
2018-03-24 08:00,0,-0.023841897,-0.036472883,-0.022693761
2018-03-24 09:00,0,-0.024249329,-0.036649645,-0.021918705
2018-03-24 10:00,0,-0.02247676,-0.035568189,-0.019363066
2018-03-24 11:00,0,-0.01927775,-0.034687284,-0.017619406
2018-03-24 12:00,0,-0.02134048,-0.034999679,-0.01747522
2018-03-24 13:00,0,-0.022834322,-0.035395051,-0.018615565
2018-03-24 14:00,0,-0.022500349,-0.035468717,-0.019458003
2018-03-24 15:00,0,-0.022536641,-0.034561027,-0.019685967
2018-03-24 16:00,0,-0.02223598,-0.033931073,-0.018357492
2018-03-24 17:00,0,-0.021520745,-0.034195017,-0.018523948
2018-03-24 18:00,0,-0.021176857,-0.035826612,-0.020182389
2018-03-24 19:00,0,-0.022000406,-0.035960312,-0.020854836
2018-03-24 20:00,0,-0.022164566,-0.035851216,-0.02134615
2018-03-24 21:00,0,-0.02270743,-0.037211448,-0.021482919
2018-03-24 22:00,0,-0.022493499,-0.037948484,-0.021042476
2018-03-24 23:00,0,-0.02248019,-0.037220101,-0.020053527
2018-03-25 00:00,0,-0.021858048,-0.036106076,-0.019355511
2018-03-25 01:00,0,-0.021724081,-0.035627427,-0.019064632
2018-03-25 02:00,0,-0.021427746,-0.034980088,-0.018347712
2018-03-25 03:00,0,-0.021150804,-0.034581582,-0.016801062
2018-03-25 04:00,0,-0.020322441,-0.033512932,-0.016258844
2018-03-25 05:00,0,-0.020792725,-0.032054449,-0.017996931
2018-03-25 06:00,0,-0.021393712,-0.032667393,-0.019977573
2018-03-25 07:00,0,-0.022069066,-0.034272416,-0.021284824
2018-03-25 08:00,0,-0.02275619,-0.034876334,-0.02103079
2018-03-25 09:00,0,-0.021412777,-0.034408973,-0.019488332
2018-03-25 10:00,0,-0.018144075,-0.033563561,-0.01785703
2018-03-25 11:00,0,-0.02029548,-0.033891478,-0.017924814
2018-03-25 12:00,0,-0.021831641,-0.034591602,-0.018985617
2018-03-25 13:00,0,-0.021273228,-0.03469205,-0.019773174
2018-03-25 14:00,0,-0.021160909,-0.034250557,-0.019760143
2018-03-25 15:00,0,-0.020729779,-0.03400883,-0.018353231
2018-03-25 16:00,0,-0.019711287,-0.034773194,-0.019272614
2018-03-25 17:00,0,-0.020432029,-0.035534826,-0.021847076
2018-03-25 18:00,0,-0.021845766,-0.036992831,-0.02217145
2018-03-25 19:00,0,-0.022173898,-0.036710911,-0.02178621
2018-03-25 20:00,0,-0.022388515,-0.036898572,-0.021295042
2018-03-25 21:00,0,-0.022281272,-0.037590873,-0.020519379
2018-03-25 22:00,0,-0.022582354,-0.037286222,-0.019937905
2018-03-25 23:00,0,-0.022407705,-0.036456892,-0.019228548
2018-03-26 00:00,0,-0.02210386,-0.035344374,-0.019093546
2018-03-26 01:00,0,-0.021926844,-0.03544718,-0.018780467
2018-03-26 02:00,0,-0.022307673,-0.035323164,-0.018389256
2018-03-26 03:00,0,-0.023119553,-0.035991353,-0.018612862
2018-03-26 04:00,0,-0.024111405,-0.037645726,-0.02071459
2018-03-26 05:00,0,-0.02577426,-0.039378556,-0.022331225
2018-03-26 06:00,0,-0.026797815,-0.040202269,-0.023813881
2018-03-26 07:00,0,-0.027233654,-0.041099483,-0.024245444
2018-03-26 08:00,0,-0.027624908,-0.040870768,-0.02352438
2018-03-26 09:00,0,-0.025950431,-0.039559691,-0.021345224
2018-03-26 10:00,0,-0.022360314,-0.037833048,-0.020073642
2018-03-26 11:00,0,-0.025212035,-0.038709831,-0.019578447
2018-03-26 12:00,0,-0.026988019,-0.039592536,-0.020575936
2018-03-26 13:00,0,-0.026512331,-0.039781171,-0.021260044
2018-03-26 14:00,0,-0.026219635,-0.03918538,-0.0200074
2018-03-26 15:00,0,-0.025122007,-0.037804083,-0.017815245
2018-03-26 16:00,0,-0.023211724,-0.037347552,-0.018652886
2018-03-26 17:00,0,-0.023032115,-0.03720703,-0.021425753
2018-03-26 18:00,0,-0.024203751,-0.038928269,-0.022393185
2018-03-26 19:00,0,-0.02404778,-0.038392378,-0.021879012
2018-03-26 20:00,0,-0.02367443,-0.038861627,-0.022068819
2018-03-26 21:00,0,-0.023332478,-0.03920529,-0.020957426
2018-03-26 22:00,0,-0.023303233,-0.038805164,-0.020196759
2018-03-26 23:00,0,-0.023005706,-0.037727274,-0.01947203
2018-03-27 00:00,0,-0.022572454,-0.036672956,-0.01914005
2018-03-27 01:00,0,-0.022287769,-0.036435445,-0.019035012
2018-03-27 02:00,0,-0.022566211,-0.03647911,-0.018816042
2018-03-27 03:00,0,-0.02336806,-0.036841547,-0.019059843
2018-03-27 04:00,0,-0.024430457,-0.037932164,-0.020144273
2018-03-27 05:00,0,-0.025862113,-0.038379767,-0.021637556
2018-03-27 06:00,0,-0.026734129,-0.038758074,-0.022856231
2018-03-27 07:00,0,-0.027233506,-0.039739022,-0.023072216
2018-03-27 08:00,0,-0.027605975,-0.039982964,-0.022363892
2018-03-27 09:00,0,-0.025821475,-0.039419351,-0.020341885
2018-03-27 10:00,0,-0.022256574,-0.037986359,-0.018679892
2018-03-27 11:00,0,-0.025067044,-0.039044346,-0.018671248
2018-03-27 12:00,0,-0.026693861,-0.040373249,-0.019862619
2018-03-27 13:00,0,-0.026068144,-0.040708216,-0.020393776
2018-03-27 14:00,0,-0.025921091,-0.040202919,-0.018983368
2018-03-27 15:00,0,-0.024864642,-0.039090048,-0.016615722
2018-03-27 16:00,0,-0.023022941,-0.038272043,-0.01814223
2018-03-27 17:00,0,-0.022833575,-0.038034352,-0.021384939
2018-03-27 18:00,0,-0.024355837,-0.039092471,-0.022466336
2018-03-27 19:00,0,-0.024371823,-0.038209267,-0.021787049
2018-03-27 20:00,0,-0.024171745,-0.038516472,-0.021653634
2018-03-27 21:00,0,-0.023610607,-0.038933982,-0.020805687
2018-03-27 22:00,0,-0.023537224,-0.038577141,-0.019951093
2018-03-27 23:00,0,-0.023275515,-0.037680917,-0.019162609
2018-03-28 00:00,0,-0.022922273,-0.036817611,-0.018881174
2018-03-28 01:00,0,-0.022725403,-0.036262672,-0.018644668
2018-03-28 02:00,0,-0.022950719,-0.036276513,-0.018623147
2018-03-28 03:00,0,-0.023748509,-0.036621346,-0.018998928
2018-03-28 04:00,0,-0.024799294,-0.038116931,-0.020134513
2018-03-28 05:00,0,-0.026327461,-0.038622724,-0.021530187
2018-03-28 06:00,0,-0.027011614,-0.039242358,-0.022465014
2018-03-28 07:00,0,-0.027337276,-0.040320581,-0.022500498
2018-03-28 08:00,0,-0.027615939,-0.040548727,-0.021658067
2018-03-28 09:00,0,-0.025704501,-0.040016048,-0.019748065
2018-03-28 10:00,0,-0.022579274,-0.039131496,-0.01803807
2018-03-28 11:00,0,-0.024872268,-0.040114914,-0.018154693
2018-03-28 12:00,0,-0.026695884,-0.041456247,-0.019412867
2018-03-28 13:00,0,-0.026257148,-0.041351865,-0.019629183
2018-03-28 14:00,0,-0.026096239,-0.039851322,-0.01846559
2018-03-28 15:00,0,-0.024898616,-0.038222069,-0.016748129
2018-03-28 16:00,0,-0.022901227,-0.037403833,-0.018012024
2018-03-28 17:00,0,-0.022939376,-0.037682263,-0.021534742
2018-03-28 18:00,0,-0.024321089,-0.038894519,-0.022485035
2018-03-28 19:00,0,-0.024261859,-0.038822808,-0.022058975
2018-03-28 20:00,0,-0.023950262,-0.039073628,-0.02178201
2018-03-28 21:00,0,-0.023473303,-0.039767608,-0.020576185
2018-03-28 22:00,0,-0.023587152,-0.039072611,-0.019747528
2018-03-28 23:00,0,-0.02327793,-0.038033523,-0.018942176
2018-03-29 00:00,0,-0.022895674,-0.037043121,-0.018834353
2018-03-29 01:00,0,-0.022677685,-0.036791765,-0.018742512
2018-03-29 02:00,0,-0.022800033,-0.036753012,-0.018732838
2018-03-29 03:00,0,-0.023620531,-0.037230227,-0.019084176
2018-03-29 04:00,0,-0.024435491,-0.038434997,-0.020282589
2018-03-29 05:00,0,-0.026099149,-0.039165199,-0.021020765
2018-03-29 06:00,0,-0.026923499,-0.039813905,-0.021233704
2018-03-29 07:00,0,-0.027375593,-0.040379287,-0.020207134
2018-03-29 08:00,0,-0.027869915,-0.039633599,-0.018490645
2018-03-29 09:00,0,-0.026345124,-0.03871174,-0.016106662
2018-03-29 10:00,0,-0.022806171,-0.037457051,-0.014574536
2018-03-29 11:00,0,-0.025530227,-0.038114032,-0.014581996
2018-03-29 12:00,0,-0.027325558,-0.038890106,-0.01587274
2018-03-29 13:00,0,-0.026911141,-0.038908845,-0.016465923
2018-03-29 14:00,0,-0.026640985,-0.038100639,-0.015670632
2018-03-29 15:00,0,-0.025670535,-0.036736467,-0.014062532
2018-03-29 16:00,0,-0.023633496,-0.036535711,-0.016182673
2018-03-29 17:00,0,-0.02316926,-0.036947029,-0.020224541
2018-03-29 18:00,0,-0.024347052,-0.038288969,-0.021290922
2018-03-29 19:00,0,-0.024195522,-0.037908217,-0.02097076
2018-03-29 20:00,0,-0.02398419,-0.038127076,-0.020756371
2018-03-29 21:00,0,-0.023377204,-0.039279604,-0.019920121
2018-03-29 22:00,0,-0.023401788,-0.038655406,-0.019477068
2018-03-29 23:00,0,-0.023189727,-0.037916487,-0.018744113
2018-03-30 00:00,0,-0.022867435,-0.036938107,-0.018526048
2018-03-30 01:00,0,-0.022525147,-0.03658511,-0.018476905
2018-03-30 02:00,0,-0.022785764,-0.036496317,-0.018358404
2018-03-30 03:00,0,-0.023384138,-0.037037715,-0.018722153
2018-03-30 04:00,0,-0.02412557,-0.0385345,-0.019904127
2018-03-30 05:00,0,-0.025397148,-0.039235921,-0.020710304
2018-03-30 06:00,0,-0.026191745,-0.039514247,-0.02110759
2018-03-30 07:00,0,-0.026552537,-0.04046625,-0.020442818
2018-03-30 08:00,0,-0.026880529,-0.040351235,-0.019066024
2018-03-30 09:00,0,-0.025022157,-0.039084524,-0.017103874
2018-03-30 10:00,0,-0.021610138,-0.037429417,-0.015681219
2018-03-30 11:00,0,-0.02403255,-0.038360102,-0.015425609
2018-03-30 12:00,0,-0.025542661,-0.038723371,-0.016661871
2018-03-30 13:00,0,-0.025090841,-0.038632149,-0.016978741
2018-03-30 14:00,0,-0.024878686,-0.038261325,-0.015931088
2018-03-30 15:00,0,-0.023895497,-0.036713988,-0.014076494
2018-03-30 16:00,0,-0.022003904,-0.036097429,-0.015362375
2018-03-30 17:00,0,-0.021767813,-0.036512959,-0.019441016
2018-03-30 18:00,0,-0.023475426,-0.03780607,-0.020631563
2018-03-30 19:00,0,-0.02338218,-0.038358161,-0.020169428
2018-03-30 20:00,0,-0.023069694,-0.038464324,-0.02026678
2018-03-30 21:00,0,-0.022533237,-0.038831276,-0.019430574
2018-03-30 22:00,0,-0.02246648,-0.038231216,-0.018835906
2018-03-30 23:00,0,-0.02202379,-0.037543635,-0.018087155
2018-03-31 00:00,0,-0.021548897,-0.036502426,-0.017797728
2018-03-31 01:00,0,-0.021251818,-0.036306584,-0.017580971
2018-03-31 02:00,0,-0.021240199,-0.035759216,-0.0171508
2018-03-31 03:00,0,-0.02130787,-0.035329413,-0.016313887
2018-03-31 04:00,0,-0.021243728,-0.03494515,-0.016335783
2018-03-31 05:00,0,-0.021974056,-0.034268059,-0.017912069
2018-03-31 06:00,0,-0.022913456,-0.035299481,-0.019299896
2018-03-31 07:00,0,-0.023787624,-0.036503607,-0.019286368
2018-03-31 08:00,0,-0.024235189,-0.037073739,-0.018107209
2018-03-31 09:00,0,-0.022818747,-0.035835671,-0.016387597
2018-03-31 10:00,0,-0.019819977,-0.034802849,-0.014818233
2018-03-31 11:00,0,-0.021987049,-0.035348472,-0.014576186
2018-03-31 12:00,0,-0.023468869,-0.036215511,-0.015744502
2018-03-31 13:00,0,-0.023083868,-0.03617003,-0.01634149
2018-03-31 14:00,0,-0.02302499,-0.035742258,-0.01615795
2018-03-31 15:00,0,-0.022410077,-0.035323464,-0.014496445
2018-03-31 16:00,0,-0.020863358,-0.035061239,-0.015670892
2018-03-31 17:00,0,-0.020616203,-0.03519704,-0.018764008
2018-03-31 18:00,0,-0.021694097,-0.036658095,-0.019451661
2018-03-31 19:00,0,-0.021855291,-0.036359696,-0.019121823
2018-03-31 20:00,0,-0.022044392,-0.036761167,-0.019219938
2018-03-31 21:00,0,-0.021623183,-0.037465424,-0.018530905
2018-03-31 22:00,0,-0.021447639,-0.037120895,-0.01779441
2018-03-31 23:00,0,-0.020975699,-0.035962606,-0.01727054
2018-04-01 00:00,0,-0.020881176,-0.035045454,-0.016945731
2018-04-01 01:00,0,-0.020563935,-0.034640899,-0.016745836
2018-04-01 02:00,0,-0.020530616,-0.034112657,-0.01618372
2018-04-01 03:00,0,-0.020426961,-0.033630083,-0.015150373
2018-04-01 04:00,0,-0.019819906,-0.03280403,-0.015196746
2018-04-01 05:00,0,-0.020575082,-0.031609169,-0.016627232
2018-04-01 06:00,0,-0.021351037,-0.032791133,-0.018145291
2018-04-01 07:00,0,-0.022207923,-0.034262021,-0.018656949
2018-04-01 08:00,0,-0.022831362,-0.035165878,-0.018005943
2018-04-01 09:00,0,-0.021473059,-0.034496896,-0.01639384
2018-04-01 10:00,0,-0.018037204,-0.033810425,-0.014624657
2018-04-01 11:00,0,-0.020106846,-0.034515066,-0.014684164
2018-04-01 12:00,0,-0.021675999,-0.035027287,-0.016095712
2018-04-01 13:00,0,-0.021279376,-0.035250575,-0.016910693
2018-04-01 14:00,0,-0.021076716,-0.034687995,-0.016984971
2018-04-01 15:00,0,-0.020595374,-0.034173697,-0.015764217
2018-04-01 16:00,0,-0.019670205,-0.0338359,-0.016603798
2018-04-01 17:00,0,-0.019516424,-0.034205799,-0.019414176
2018-04-01 18:00,0,-0.021222251,-0.035640567,-0.019908991
2018-04-01 19:00,0,-0.02141579,-0.03575226,-0.019404085
2018-04-01 20:00,0,-0.021736,-0.036309368,-0.019234299
2018-04-01 21:00,0,-0.021369131,-0.037057691,-0.018160756
2018-04-01 22:00,0,-0.021554369,-0.03670893,-0.017252082
2018-04-01 23:00,0,-0.021190515,-0.035973025,-0.016582225
2018-04-02 00:00,0,-0.020946549,-0.034776482,-0.016561618
2018-04-02 01:00,0,-0.020626667,-0.034693606,-0.016453594
2018-04-02 02:00,0,-0.02060631,-0.034639569,-0.016251441
2018-04-02 03:00,0,-0.020603697,-0.034244551,-0.016536401
2018-04-02 04:00,0,-0.02008063,-0.03319061,-0.018282609
2018-04-02 05:00,0,-0.020641011,-0.032446789,-0.019380083
2018-04-02 06:00,0,-0.021273271,-0.033461685,-0.01986536
2018-04-02 07:00,0,-0.02209575,-0.034969646,-0.019550314
2018-04-02 08:00,0,-0.022696168,-0.03537659,-0.018374624
2018-04-02 09:00,0,-0.020848526,-0.034619591,-0.016034576
2018-04-02 10:00,0,-0.017459456,-0.033768146,-0.014815115
2018-04-02 11:00,0,-0.019649695,-0.033829078,-0.01483743
2018-04-02 12:00,0,-0.020978098,-0.034268203,-0.01606459
2018-04-02 13:00,0,-0.020491688,-0.034351946,-0.016498519
2018-04-02 14:00,0,-0.02038339,-0.033763413,-0.015536681
2018-04-02 15:00,0,-0.020082378,-0.033731251,-0.013793797
2018-04-02 16:00,0,-0.019064892,-0.033837456,-0.014855321
2018-04-02 17:00,0,-0.019570335,-0.034231552,-0.018916784
2018-04-02 18:00,0,-0.021547723,-0.035395678,-0.02013033
2018-04-02 19:00,0,-0.021660372,-0.035048886,-0.019502987
2018-04-02 20:00,0,-0.021883439,-0.035592813,-0.020192511
2018-04-02 21:00,0,-0.021652839,-0.036163918,-0.018933726
2018-04-02 22:00,0,-0.021725808,-0.035983896,-0.018173731
2018-04-02 23:00,0,-0.021561842,-0.035516101,-0.017454734
2018-04-03 00:00,0,-0.021245137,-0.03455818,-0.017387301
2018-04-03 01:00,0,-0.021140449,-0.034362041,-0.017428084
2018-04-03 02:00,0,-0.02146581,-0.034534172,-0.017324491
2018-04-03 03:00,0,-0.022647456,-0.03516714,-0.017482695
2018-04-03 04:00,0,-0.023847975,-0.036586482,-0.018652093
2018-04-03 05:00,0,-0.025367879,-0.037185617,-0.019778935
2018-04-03 06:00,0,-0.025986137,-0.038571083,-0.020329608
2018-04-03 07:00,0,-0.026092185,-0.039759837,-0.01963329
2018-04-03 08:00,0,-0.026409688,-0.039576336,-0.018473843
2018-04-03 09:00,0,-0.024523105,-0.038699893,-0.016344187
2018-04-03 10:00,0,-0.021040595,-0.037287222,-0.014909853
2018-04-03 11:00,0,-0.023914206,-0.038087972,-0.015150145
2018-04-03 12:00,0,-0.025571693,-0.038992614,-0.016091456
2018-04-03 13:00,0,-0.025159398,-0.038962785,-0.016689572
2018-04-03 14:00,0,-0.024949046,-0.038581901,-0.015508396
2018-04-03 15:00,0,-0.023782655,-0.037768636,-0.013389493
2018-04-03 16:00,0,-0.02199238,-0.03693836,-0.014517463
2018-04-03 17:00,0,-0.021957315,-0.037217021,-0.019074418
2018-04-03 18:00,0,-0.023915777,-0.038756141,-0.020210549
2018-04-03 19:00,0,-0.023792447,-0.038392845,-0.019695576
2018-04-03 20:00,0,-0.023311094,-0.038227391,-0.019503078
2018-04-03 21:00,0,-0.022603984,-0.03850072,-0.018764862
2018-04-03 22:00,0,-0.022537843,-0.037890719,-0.01807024
2018-04-03 23:00,0,-0.022231815,-0.036886084,-0.017530567
2018-04-04 00:00,0,-0.022020295,-0.036173953,-0.017256017
2018-04-04 01:00,0,-0.021845601,-0.035703969,-0.017246127
2018-04-04 02:00,0,-0.021959246,-0.036097097,-0.017184176
2018-04-04 03:00,0,-0.022956809,-0.036904767,-0.017323433
2018-04-04 04:00,0,-0.024434547,-0.038081873,-0.018147507
2018-04-04 05:00,0,-0.026017107,-0.037802636,-0.019350081
2018-04-04 06:00,0,-0.026644466,-0.039071604,-0.019882014
2018-04-04 07:00,0,-0.02679015,-0.039958266,-0.019470653
2018-04-04 08:00,0,-0.026731751,-0.039997754,-0.018259612
2018-04-04 09:00,0,-0.02476936,-0.039283133,-0.016321454
2018-04-04 10:00,0,-0.021420229,-0.038309719,-0.015058322
2018-04-04 11:00,0,-0.024075026,-0.038800469,-0.01492414
2018-04-04 12:00,0,-0.025763136,-0.039761213,-0.016155366
2018-04-04 13:00,0,-0.025223991,-0.039901505,-0.016810492
2018-04-04 14:00,0,-0.025146158,-0.039322299,-0.015582964
2018-04-04 15:00,0,-0.024137569,-0.036897703,-0.01350481
2018-04-04 16:00,0,-0.022314332,-0.037787893,-0.014799727
2018-04-04 17:00,0,-0.022286395,-0.037472135,-0.018976058
2018-04-04 18:00,0,-0.023862716,-0.038356925,-0.020199773
2018-04-04 19:00,0,-0.023878368,-0.038053379,-0.019740214
2018-04-04 20:00,0,-0.023410357,-0.038777667,-0.019553787
2018-04-04 21:00,0,-0.02280536,-0.039086794,-0.017687337
2018-04-04 22:00,0,-0.022652217,-0.038134195,-0.017044757
2018-04-04 23:00,0,-0.022345143,-0.036489756,-0.016296708
2018-04-05 00:00,0,-0.022044704,-0.035757997,-0.016076992
2018-04-05 01:00,0,-0.02190616,-0.035260485,-0.016194532
2018-04-05 02:00,0,-0.022192734,-0.035664368,-0.016295813
2018-04-05 03:00,0,-0.022985502,-0.036197829,-0.016363223
2018-04-05 04:00,0,-0.024507062,-0.037352476,-0.017133335
2018-04-05 05:00,0,-0.026103594,-0.037616627,-0.017969562
2018-04-05 06:00,0,-0.026614471,-0.038395097,-0.018467405
2018-04-05 07:00,0,-0.026917824,-0.039821956,-0.017986481
2018-04-05 08:00,0,-0.027512021,-0.040435551,-0.016856148
2018-04-05 09:00,0,-0.025831694,-0.039542001,-0.01488492
2018-04-05 10:00,0,-0.022851224,-0.038448201,-0.013751411
2018-04-05 11:00,0,-0.025414946,-0.039291737,-0.013579613
2018-04-05 12:00,0,-0.02716292,-0.040207344,-0.015033245
2018-04-05 13:00,0,-0.026761767,-0.039996547,-0.015937981
2018-04-05 14:00,0,-0.026460904,-0.039171514,-0.015043807
2018-04-05 15:00,0,-0.025187006,-0.037660007,-0.013396409
2018-04-05 16:00,0,-0.022946593,-0.036797289,-0.01436127
2018-04-05 17:00,0,-0.022723246,-0.037046921,-0.018011436
2018-04-05 18:00,0,-0.024354779,-0.038402874,-0.019143392
2018-04-05 19:00,0,-0.024293398,-0.038843061,-0.018620472
2018-04-05 20:00,0,-0.023862301,-0.03949666,-0.018526734
2018-04-05 21:00,0,-0.023162623,-0.039851014,-0.017701015
2018-04-05 22:00,0,-0.022974583,-0.038921618,-0.016831262
2018-04-05 23:00,0,-0.022669015,-0.03780596,-0.01625214
2018-04-06 00:00,0,-0.022421013,-0.036781046,-0.016090537
2018-04-06 01:00,0,-0.022245136,-0.036358644,-0.015856212
2018-04-06 02:00,0,-0.022522776,-0.036504053,-0.015311941
2018-04-06 03:00,0,-0.023406579,-0.036823801,-0.014384949
2018-04-06 04:00,0,-0.024804152,-0.03787575,-0.014523411
2018-04-06 05:00,0,-0.025998701,-0.037922853,-0.015529884
2018-04-06 06:00,0,-0.026439056,-0.038983168,-0.016605549
2018-04-06 07:00,0,-0.026368976,-0.039550696,-0.016429894
2018-04-06 08:00,0,-0.026411098,-0.039103556,-0.015481821
2018-04-06 09:00,0,-0.02443969,-0.037869947,-0.013945432
2018-04-06 10:00,0,-0.02116012,-0.03620523,-0.012386535
2018-04-06 11:00,0,-0.023227158,-0.036604855,-0.012527167
2018-04-06 12:00,0,-0.025022711,-0.037478847,-0.014108493
2018-04-06 13:00,0,-0.024399073,-0.037715677,-0.015065404
2018-04-06 14:00,0,-0.024346279,-0.037146167,-0.015170415
2018-04-06 15:00,0,-0.023511958,-0.035832363,-0.01358909
2018-04-06 16:00,0,-0.021519073,-0.035340326,-0.01436101
2018-04-06 17:00,0,-0.021435525,-0.035513351,-0.016914119
2018-04-06 18:00,0,-0.023454158,-0.03661412,-0.017583162
2018-04-06 19:00,0,-0.023476101,-0.036854306,-0.017323493
2018-04-06 20:00,0,-0.02338902,-0.037163302,-0.017209432
2018-04-06 21:00,0,-0.022860257,-0.037802891,-0.017603408
2018-04-06 22:00,0,-0.02270539,-0.037288863,-0.016878558
2018-04-06 23:00,0,-0.022393932,-0.037037558,-0.016186429
2018-04-07 00:00,0,-0.02206723,-0.035759095,-0.016081978
2018-04-07 01:00,0,-0.021748525,-0.034994669,-0.015865069
2018-04-07 02:00,0,-0.021709075,-0.034883105,-0.015391619
2018-04-07 03:00,0,-0.021833145,-0.034836604,-0.014235361
2018-04-07 04:00,0,-0.021703706,-0.034279631,-0.014552827
2018-04-07 05:00,0,-0.02235572,-0.03346252,-0.016042403
2018-04-07 06:00,0,-0.022944726,-0.034834615,-0.017592042
2018-04-07 07:00,0,-0.023348048,-0.036504022,-0.018105159
2018-04-07 08:00,0,-0.023446316,-0.036436326,-0.017327096
2018-04-07 09:00,0,-0.021798749,-0.03528949,-0.01587835
2018-04-07 10:00,0,-0.018447398,-0.034255776,-0.014192374
2018-04-07 11:00,0,-0.020685972,-0.034767514,-0.013878992
2018-04-07 12:00,0,-0.022181247,-0.035539875,-0.015010782
2018-04-07 13:00,0,-0.021834034,-0.035850101,-0.015616487
2018-04-07 14:00,0,-0.021945742,-0.035423992,-0.015279088
2018-04-07 15:00,0,-0.02134893,-0.034922421,-0.013541293
2018-04-07 16:00,0,-0.019919442,-0.035039833,-0.014270262
2018-04-07 17:00,0,-0.019679053,-0.035304484,-0.017414596
2018-04-07 18:00,0,-0.021391236,-0.036079184,-0.018094101
2018-04-07 19:00,0,-0.021340003,-0.036647526,-0.01754183
2018-04-07 20:00,0,-0.021416289,-0.03645758,-0.017332345
2018-04-07 21:00,0,-0.021089278,-0.03670227,-0.017069944
2018-04-07 22:00,0,-0.021123271,-0.036106996,-0.016230463
2018-04-07 23:00,0,-0.020906595,-0.03554889,-0.015623191
2018-04-08 00:00,0,-0.02062643,-0.034895716,-0.015278248
2018-04-08 01:00,0,-0.020284327,-0.034546539,-0.015134438
2018-04-08 02:00,0,-0.020226392,-0.034642994,-0.014648871
2018-04-08 03:00,0,-0.020189476,-0.034095083,-0.013538444
2018-04-08 04:00,0,-0.019743841,-0.033748437,-0.013691398
2018-04-08 05:00,0,-0.020390974,-0.033448778,-0.015161839
2018-04-08 06:00,0,-0.020901146,-0.034498488,-0.016715375
2018-04-08 07:00,0,-0.021659379,-0.036118738,-0.017425133
2018-04-08 08:00,0,-0.022102625,-0.036370433,-0.01647665
2018-04-08 09:00,0,-0.020438325,-0.035718508,-0.014157286
2018-04-08 10:00,0,-0.017334273,-0.034747746,-0.011736193
2018-04-08 11:00,0,-0.019463197,-0.034654788,-0.011215131
2018-04-08 12:00,0,-0.020935543,-0.035257791,-0.012334557
2018-04-08 13:00,0,-0.020599401,-0.035386767,-0.013059734
2018-04-08 14:00,0,-0.020548485,-0.035290711,-0.012782552
2018-04-08 15:00,0,-0.020039184,-0.0347225,-0.010825822
2018-04-08 16:00,0,-0.019013313,-0.034761921,-0.011535853
2018-04-08 17:00,0,-0.019492833,-0.035413548,-0.015193076
2018-04-08 18:00,0,-0.021479303,-0.036440842,-0.016405206
2018-04-08 19:00,0,-0.02161356,-0.037206938,-0.016345412
2018-04-08 20:00,0,-0.021717486,-0.03682178,-0.016584852
2018-04-08 21:00,0,-0.021394748,-0.036654654,-0.016013074
2018-04-08 22:00,0,-0.021452218,-0.0361653,-0.015518823
2018-04-08 23:00,0,-0.021286923,-0.035601183,-0.014915849
2018-04-09 00:00,0,-0.02103241,-0.034830512,-0.014752243
2018-04-09 01:00,0,-0.020894273,-0.034894818,-0.014512181
2018-04-09 02:00,0,-0.021317598,-0.035026507,-0.013928905
2018-04-09 03:00,0,-0.022485772,-0.035665409,-0.012988005
2018-04-09 04:00,0,-0.024168714,-0.037166856,-0.013666422
2018-04-09 05:00,0,-0.025484952,-0.038543665,-0.014873694
2018-04-09 06:00,0,-0.025799745,-0.040394333,-0.016237271
2018-04-09 07:00,0,-0.026019457,-0.041684004,-0.016539848
2018-04-09 08:00,0,-0.026265394,-0.04178992,-0.015668972
2018-04-09 09:00,0,-0.02452293,-0.040830098,-0.013908094
2018-04-09 10:00,0,-0.021437959,-0.039826239,-0.012419348
2018-04-09 11:00,0,-0.023930053,-0.04042507,-0.01231539
2018-04-09 12:00,0,-0.025730856,-0.041333158,-0.013691094
2018-04-09 13:00,0,-0.025213672,-0.041391033,-0.014362625
2018-04-09 14:00,0,-0.025156112,-0.040695295,-0.013776487
2018-04-09 15:00,0,-0.024080136,-0.03959965,-0.011550721
2018-04-09 16:00,0,-0.02234426,-0.039205697,-0.012522288
2018-04-09 17:00,0,-0.021894561,-0.038911081,-0.016981801
2018-04-09 18:00,0,-0.023759147,-0.039683672,-0.018501159
2018-04-09 19:00,0,-0.023733686,-0.039600155,-0.017808784
2018-04-09 20:00,0,-0.02321023,-0.039684283,-0.017607638
2018-04-09 21:00,0,-0.022601192,-0.039437257,-0.016667511
2018-04-09 22:00,0,-0.022373606,-0.038367583,-0.016005803
2018-04-09 23:00,0,-0.021911672,-0.037510778,-0.015562698
2018-04-10 00:00,0,-0.021663314,-0.036735239,-0.015431537
2018-04-10 01:00,0,-0.021520656,-0.036208613,-0.015487395
2018-04-10 02:00,0,-0.021758986,-0.036551005,-0.015647005
2018-04-10 03:00,0,-0.022707738,-0.037118702,-0.016197508
2018-04-10 04:00,0,-0.02425358,-0.038223658,-0.017084172
2018-04-10 05:00,0,-0.025641572,-0.038801972,-0.018035201
2018-04-10 06:00,0,-0.026077956,-0.039703318,-0.018611188
2018-04-10 07:00,0,-0.02626348,-0.040715258,-0.018428357
2018-04-10 08:00,0,-0.026443365,-0.040831145,-0.017542903
2018-04-10 09:00,0,-0.024802735,-0.039767467,-0.015777627
2018-04-10 10:00,0,-0.021507797,-0.038529804,-0.014424901
2018-04-10 11:00,0,-0.024269577,-0.039127692,-0.014645765
2018-04-10 12:00,0,-0.02603902,-0.03998479,-0.015897638
2018-04-10 13:00,0,-0.025465524,-0.040618406,-0.016499418
2018-04-10 14:00,0,-0.025348344,-0.040184138,-0.015386897
2018-04-10 15:00,0,-0.024302468,-0.039490624,-0.013031977
2018-04-10 16:00,0,-0.022541788,-0.038955342,-0.014268812
2018-04-10 17:00,0,-0.022299931,-0.038664423,-0.018177119
2018-04-10 18:00,0,-0.023836733,-0.039663077,-0.019329602
2018-04-10 19:00,0,-0.023895139,-0.03999496,-0.018593091
2018-04-10 20:00,0,-0.023223452,-0.039774126,-0.018145549
2018-04-10 21:00,0,-0.022464584,-0.03958021,-0.017359638
2018-04-10 22:00,0,-0.022624032,-0.038682337,-0.016970567
2018-04-10 23:00,0,-0.022276663,-0.037604907,-0.016485269
2018-04-11 00:00,0,-0.021984734,-0.036535612,-0.016357274
2018-04-11 01:00,0,-0.021703842,-0.03643642,-0.016335763
2018-04-11 02:00,0,-0.021880597,-0.036647476,-0.016214817
2018-04-11 03:00,0,-0.022836371,-0.037414718,-0.016589849
2018-04-11 04:00,0,-0.024339342,-0.038412579,-0.017450134
2018-04-11 05:00,0,-0.025687617,-0.038867206,-0.0184085
2018-04-11 06:00,0,-0.025958042,-0.040230523,-0.019300269
2018-04-11 07:00,0,-0.026031855,-0.041455666,-0.019106009
2018-04-11 08:00,0,-0.026191127,-0.041861591,-0.018005654
2018-04-11 09:00,0,-0.024309057,-0.040734708,-0.016090172
2018-04-11 10:00,0,-0.020801075,-0.039783469,-0.015125954
2018-04-11 11:00,0,-0.023720024,-0.040212854,-0.015122537
2018-04-11 12:00,0,-0.025467121,-0.040750402,-0.016565437
2018-04-11 13:00,0,-0.025090816,-0.041014593,-0.01705825
2018-04-11 14:00,0,-0.025116946,-0.040107122,-0.016189605
2018-04-11 15:00,0,-0.024171227,-0.038935114,-0.014034478
2018-04-11 16:00,0,-0.022381551,-0.038552055,-0.014593813
2018-04-11 17:00,0,-0.02213283,-0.038440939,-0.018478844
2018-04-11 18:00,0,-0.02391242,-0.03932935,-0.019869286
2018-04-11 19:00,0,-0.023778925,-0.039925613,-0.019273175
2018-04-11 20:00,0,-0.023297782,-0.040028293,-0.01889094
2018-04-11 21:00,0,-0.0226051,-0.039712881,-0.017898726
2018-04-11 22:00,0,-0.022523933,-0.038811266,-0.017146276
2018-04-11 23:00,0,-0.022183662,-0.037456297,-0.016569672
2018-04-12 00:00,0,-0.021856727,-0.036616103,-0.016417449
2018-04-12 01:00,0,-0.021623084,-0.036141491,-0.016467485
2018-04-12 02:00,0,-0.021796132,-0.03624889,-0.016454158
2018-04-12 03:00,0,-0.022643072,-0.03697838,-0.01686502
2018-04-12 04:00,0,-0.024079817,-0.037866023,-0.017781006
2018-04-12 05:00,0,-0.025434406,-0.038473569,-0.018515649
2018-04-12 06:00,0,-0.025836519,-0.039946717,-0.019301996
2018-04-12 07:00,0,-0.025957685,-0.041030058,-0.019105907
2018-04-12 08:00,0,-0.026242541,-0.041430776,-0.018125088
2018-04-12 09:00,0,-0.024639735,-0.040722946,-0.016081798
2018-04-12 10:00,0,-0.021438326,-0.039590832,-0.014904909
2018-04-12 11:00,0,-0.02423445,-0.040283267,-0.01483992
2018-04-12 12:00,0,-0.02601642,-0.041449823,-0.01631839
2018-04-12 13:00,0,-0.025672516,-0.041545553,-0.016885425
2018-04-12 14:00,0,-0.025458422,-0.040917554,-0.015866321
2018-04-12 15:00,0,-0.024364721,-0.039782241,-0.013581488
2018-04-12 16:00,0,-0.022404107,-0.039265137,-0.01439577
2018-04-12 17:00,0,-0.021969537,-0.038918416,-0.018269664
2018-04-12 18:00,0,-0.023640437,-0.039073504,-0.019700216
2018-04-12 19:00,0,-0.023586354,-0.038990524,-0.019149922
2018-04-12 20:00,0,-0.023016811,-0.038719223,-0.018629304
2018-04-12 21:00,0,-0.022386079,-0.038572654,-0.017623388
2018-04-12 22:00,0,-0.022304042,-0.037981016,-0.016963828
2018-04-12 23:00,0,-0.022110118,-0.037000879,-0.016525656
2018-04-13 00:00,0,-0.021925179,-0.035901579,-0.016366612
2018-04-13 01:00,0,-0.021562518,-0.035823334,-0.016435901
2018-04-13 02:00,0,-0.021773553,-0.036181763,-0.016479135
2018-04-13 03:00,0,-0.022570502,-0.036689801,-0.016770866
2018-04-13 04:00,0,-0.024213719,-0.037584203,-0.017734082
2018-04-13 05:00,0,-0.025593646,-0.037833193,-0.018542681
2018-04-13 06:00,0,-0.025869288,-0.038859091,-0.019349965
2018-04-13 07:00,0,-0.026060201,-0.040108254,-0.019155006
2018-04-13 08:00,0,-0.026178877,-0.040437246,-0.018122852
2018-04-13 09:00,0,-0.024437409,-0.039352469,-0.016052511
2018-04-13 10:00,0,-0.021104733,-0.038148466,-0.014874824
2018-04-13 11:00,0,-0.023270059,-0.038749892,-0.015089089
2018-04-13 12:00,0,-0.02494898,-0.039653444,-0.01643431
2018-04-13 13:00,0,-0.024507403,-0.039901613,-0.016807413
2018-04-13 14:00,0,-0.024400241,-0.039251947,-0.015852502
2018-04-13 15:00,0,-0.023655789,-0.03827839,-0.013650352
2018-04-13 16:00,0,-0.02180346,-0.037673584,-0.01421329
2018-04-13 17:00,0,-0.021357238,-0.0372486,-0.01803432
2018-04-13 18:00,0,-0.023046927,-0.037993812,-0.019391105
2018-04-13 19:00,0,-0.023170695,-0.038442116,-0.018780985
2018-04-13 20:00,0,-0.02271294,-0.03873757,-0.018635502
2018-04-13 21:00,0,-0.02222707,-0.039004734,-0.017809464
2018-04-13 22:00,0,-0.021965781,-0.038162123,-0.017046079
2018-04-13 23:00,0,-0.021574745,-0.03704738,-0.016615189
2018-04-14 00:00,0,-0.021252908,-0.036155812,-0.016330687
2018-04-14 01:00,0,-0.02094558,-0.035737973,-0.016290105
2018-04-14 02:00,0,-0.02094762,-0.035432786,-0.015890512
2018-04-14 03:00,0,-0.021158326,-0.035378611,-0.015194026
2018-04-14 04:00,0,-0.021144685,-0.03508017,-0.015536971
2018-04-14 05:00,0,-0.021787845,-0.034705863,-0.01689167
2018-04-14 06:00,0,-0.022278546,-0.035846827,-0.018073583
2018-04-14 07:00,0,-0.02279644,-0.037511795,-0.018269694
2018-04-14 08:00,0,-0.022984025,-0.03769584,-0.01739404
2018-04-14 09:00,0,-0.021260518,-0.036526777,-0.015572052
2018-04-14 10:00,0,-0.018157499,-0.035813034,-0.0141879
2018-04-14 11:00,0,-0.020428519,-0.036084927,-0.014022732
2018-04-14 12:00,0,-0.022078337,-0.036954314,-0.015276007
2018-04-14 13:00,0,-0.021700605,-0.037215117,-0.015995755
2018-04-14 14:00,0,-0.021708839,-0.036697656,-0.015688034
2018-04-14 15:00,0,-0.021266271,-0.036267192,-0.014055386
2018-04-14 16:00,0,-0.019615035,-0.036280957,-0.014752861
2018-04-14 17:00,0,-0.019530006,-0.03642344,-0.017987815
2018-04-14 18:00,0,-0.021392295,-0.037078089,-0.018660129
2018-04-14 19:00,0,-0.021426798,-0.03717627,-0.018219625
2018-04-14 20:00,0,-0.021319381,-0.037020199,-0.01808798
2018-04-14 21:00,0,-0.020820331,-0.037364438,-0.017447102
2018-04-14 22:00,0,-0.020715733,-0.03680695,-0.016647586
2018-04-14 23:00,0,-0.020436273,-0.036020476,-0.016211787
2018-04-15 00:00,0,-0.020144321,-0.035329494,-0.016008412
2018-04-15 01:00,0,-0.019768506,-0.034830854,-0.015865853
2018-04-15 02:00,0,-0.019616064,-0.034639594,-0.015306658
2018-04-15 03:00,0,-0.01955347,-0.034192572,-0.014431483
2018-04-15 04:00,0,-0.019209315,-0.033794449,-0.014579426
2018-04-15 05:00,0,-0.019986852,-0.033233325,-0.015982128
2018-04-15 06:00,0,-0.020540568,-0.034021173,-0.017489283
2018-04-15 07:00,0,-0.021197514,-0.03557906,-0.017908199
2018-04-15 08:00,0,-0.021868389,-0.03613726,-0.016927573
2018-04-15 09:00,0,-0.020613514,-0.035025668,-0.015588702
2018-04-15 10:00,0,-0.017369145,-0.034728689,-0.013820263
2018-04-15 11:00,0,-0.019396559,-0.034658561,-0.013879469
2018-04-15 12:00,0,-0.021059202,-0.035662504,-0.01511275
2018-04-15 13:00,0,-0.020821523,-0.035840774,-0.015959535
2018-04-15 14:00,0,-0.021100257,-0.035339718,-0.016049814
2018-04-15 15:00,0,-0.020820491,-0.035293926,-0.014602509
2018-04-15 16:00,0,-0.019726253,-0.035530111,-0.01573991
2018-04-15 17:00,0,-0.01967426,-0.036068077,-0.018654486
2018-04-15 18:00,0,-0.021339564,-0.037113142,-0.019448051
2018-04-15 19:00,0,-0.021538583,-0.037323158,-0.018576786
2018-04-15 20:00,0,-0.021484521,-0.037324479,-0.01808355
2018-04-15 21:00,0,-0.020989311,-0.036760403,-0.017188349
2018-04-15 22:00,0,-0.021165033,-0.035902367,-0.016378293
2018-04-15 23:00,0,-0.020922474,-0.035495463,-0.015854766
2018-04-16 00:00,0,-0.020838269,-0.0349058,-0.015675729
2018-04-16 01:00,0,-0.020737278,-0.035010014,-0.015573144
2018-04-16 02:00,0,-0.020866067,-0.035160012,-0.015489528
2018-04-16 03:00,0,-0.021954192,-0.035995788,-0.015904973
2018-04-16 04:00,0,-0.023786186,-0.037308901,-0.017448856
2018-04-16 05:00,0,-0.025501756,-0.038829296,-0.018422699
2018-04-16 06:00,0,-0.026143683,-0.039860873,-0.019212513
2018-04-16 07:00,0,-0.026553639,-0.041185,-0.019021672
2018-04-16 08:00,0,-0.026913054,-0.040943853,-0.018188814
2018-04-16 09:00,0,-0.025133581,-0.039817671,-0.01635187
2018-04-16 10:00,0,-0.021983014,-0.038166464,-0.015136961
2018-04-16 11:00,0,-0.024436383,-0.039376294,-0.015197433
2018-04-16 12:00,0,-0.026262907,-0.040347672,-0.016752057
2018-04-16 13:00,0,-0.025881991,-0.04042473,-0.017234565
2018-04-16 14:00,0,-0.02577568,-0.039854543,-0.01652526
2018-04-16 15:00,0,-0.024766508,-0.039043997,-0.014506119
2018-04-16 16:00,0,-0.022582323,-0.038612851,-0.015211235
2018-04-16 17:00,0,-0.022280379,-0.038175999,-0.018418068
2018-04-16 18:00,0,-0.023707939,-0.038873348,-0.019605442
2018-04-16 19:00,0,-0.023525981,-0.039535344,-0.018912337
2018-04-16 20:00,0,-0.022945132,-0.039294719,-0.018773442
2018-04-16 21:00,0,-0.0222135,-0.038650037,-0.01782328
2018-04-16 22:00,0,-0.022131439,-0.03783308,-0.017196731
2018-04-16 23:00,0,-0.021719423,-0.0369724,-0.016663808
2018-04-17 00:00,0,-0.021476747,-0.036103622,-0.016480487
2018-04-17 01:00,0,-0.021277087,-0.03590855,-0.016435308
2018-04-17 02:00,0,-0.021540249,-0.036204159,-0.016303883
2018-04-17 03:00,0,-0.022467313,-0.036911756,-0.016478589
2018-04-17 04:00,0,-0.024008421,-0.038450094,-0.017480561
2018-04-17 05:00,0,-0.025426325,-0.03972863,-0.018485787
2018-04-17 06:00,0,-0.025837463,-0.040243625,-0.019433372
2018-04-17 07:00,0,-0.025965644,-0.041292959,-0.01941279
2018-04-17 08:00,0,-0.026265275,-0.040847309,-0.018404824
2018-04-17 09:00,0,-0.024502157,-0.039432319,-0.016296605
2018-04-17 10:00,0,-0.021216988,-0.037842063,-0.015049047
2018-04-17 11:00,0,-0.023973155,-0.038943447,-0.015203162
2018-04-17 12:00,0,-0.025656327,-0.0398949,-0.016864987
2018-04-17 13:00,0,-0.025293968,-0.040187482,-0.017240091
2018-04-17 14:00,0,-0.025186309,-0.03966598,-0.016324083
2018-04-17 15:00,0,-0.024029362,-0.03914795,-0.014066023
2018-04-17 16:00,0,-0.022054438,-0.038272201,-0.015134632
2018-04-17 17:00,0,-0.021541586,-0.038112503,-0.018419066
2018-04-17 18:00,0,-0.023601883,-0.038838337,-0.019711481
2018-04-17 19:00,0,-0.023686449,-0.039744013,-0.018888748
2018-04-17 20:00,0,-0.023071455,-0.038953713,-0.018534816
2018-04-17 21:00,0,-0.022281608,-0.038403952,-0.01772195
2018-04-17 22:00,0,-0.022284611,-0.03761333,-0.017149563
2018-04-17 23:00,0,-0.021920832,-0.037099513,-0.016595928
2018-04-18 00:00,0,-0.021717402,-0.036491706,-0.016426897
2018-04-18 01:00,0,-0.021436513,-0.036307059,-0.016500081
2018-04-18 02:00,0,-0.021685937,-0.036404434,-0.016452919
2018-04-18 03:00,0,-0.022704983,-0.037043899,-0.016683904
2018-04-18 04:00,0,-0.024043381,-0.038360787,-0.01746972
2018-04-18 05:00,0,-0.025274781,-0.039653854,-0.018252139
2018-04-18 06:00,0,-0.025480539,-0.040726638,-0.018835766
2018-04-18 07:00,0,-0.02554907,-0.04176501,-0.018587616
2018-04-18 08:00,0,-0.025790108,-0.041414298,-0.017629888
2018-04-18 09:00,0,-0.02412502,-0.040265187,-0.015798023
2018-04-18 10:00,0,-0.020916452,-0.038992106,-0.014326223
2018-04-18 11:00,0,-0.023564283,-0.039780134,-0.014704628
2018-04-18 12:00,0,-0.025350667,-0.040778213,-0.015792949
2018-04-18 13:00,0,-0.024927198,-0.041056844,-0.016447333
2018-04-18 14:00,0,-0.024835005,-0.039488863,-0.015536236
2018-04-18 15:00,0,-0.023835391,-0.036945813,-0.013273115
2018-04-18 16:00,0,-0.021919678,-0.038859799,-0.014395609
2018-04-18 17:00,0,-0.021665626,-0.038553748,-0.018179052
2018-04-18 18:00,0,-0.023731318,-0.039212666,-0.019615987
2018-04-18 19:00,0,-0.023778373,-0.039867003,-0.019160969
2018-04-18 20:00,0,-0.023168771,-0.03928326,-0.018690579
2018-04-18 21:00,0,-0.022366673,-0.038433039,-0.017412823
2018-04-18 22:00,0,-0.022272331,-0.037493606,-0.016876545
2018-04-18 23:00,0,-0.022057775,-0.037129619,-0.016267208
2018-04-19 00:00,0,-0.021877658,-0.036710603,-0.016106245
2018-04-19 01:00,0,-0.021657796,-0.036234504,-0.016151782
2018-04-19 02:00,0,-0.02179199,-0.036226861,-0.01608629
2018-04-19 03:00,0,-0.022646327,-0.037030113,-0.01641475
2018-04-19 04:00,0,-0.024077274,-0.038345377,-0.017223895
2018-04-19 05:00,0,-0.025408151,-0.039566834,-0.017842068
2018-04-19 06:00,0,-0.025646703,-0.040579406,-0.018481945
2018-04-19 07:00,0,-0.025723519,-0.042098159,-0.018098945
2018-04-19 08:00,0,-0.025948219,-0.041850662,-0.017065731
2018-04-19 09:00,0,-0.024304626,-0.040849582,-0.014755228
2018-04-19 10:00,0,-0.020844812,-0.039424324,-0.013714755
2018-04-19 11:00,0,-0.023514025,-0.040266175,-0.013884114
2018-04-19 12:00,0,-0.025331673,-0.041541344,-0.015496933
2018-04-19 13:00,0,-0.02500605,-0.04151129,-0.016179749
2018-04-19 14:00,0,-0.024874233,-0.040858704,-0.01515318
2018-04-19 15:00,0,-0.023879229,-0.039748744,-0.013190343
2018-04-19 16:00,0,-0.021879328,-0.039019585,-0.013685949
2018-04-19 17:00,0,-0.021808133,-0.038957146,-0.01767531
2018-04-19 18:00,0,-0.023815983,-0.039393417,-0.019405707
2018-04-19 19:00,0,-0.023753405,-0.04037406,-0.018768255
2018-04-19 20:00,0,-0.023201505,-0.040179419,-0.018267391
2018-04-19 21:00,0,-0.022400177,-0.039549434,-0.017643656
2018-04-19 22:00,0,-0.022331257,-0.03858426,-0.016877065
2018-04-19 23:00,0,-0.021891213,-0.03785216,-0.016434074
2018-04-20 00:00,0,-0.021622388,-0.037139545,-0.016279968
2018-04-20 01:00,0,-0.021319087,-0.036688746,-0.016295957
2018-04-20 02:00,0,-0.021591886,-0.036611859,-0.016205903
2018-04-20 03:00,0,-0.022579586,-0.037293149,-0.016301172
2018-04-20 04:00,0,-0.023979828,-0.038468557,-0.017225987
2018-04-20 05:00,0,-0.025433908,-0.039744915,-0.018303043
2018-04-20 06:00,0,-0.025732426,-0.040704861,-0.019221275
2018-04-20 07:00,0,-0.025801869,-0.041941167,-0.019170702
2018-04-20 08:00,0,-0.025968444,-0.042159526,-0.018321959
2018-04-20 09:00,0,-0.024132348,-0.041392989,-0.016199886
2018-04-20 10:00,0,-0.020724175,-0.039921277,-0.014986901
2018-04-20 11:00,0,-0.023239004,-0.040291935,-0.015054134
2018-04-20 12:00,0,-0.02490631,-0.041409737,-0.016614656
2018-04-20 13:00,0,-0.024592428,-0.041267572,-0.017060496
2018-04-20 14:00,0,-0.024538593,-0.040809692,-0.015952266
2018-04-20 15:00,0,-0.023616685,-0.039864274,-0.013758845
2018-04-20 16:00,0,-0.021471193,-0.038769172,-0.014228568
2018-04-20 17:00,0,-0.021008967,-0.038366064,-0.017391629
2018-04-20 18:00,0,-0.023105639,-0.038745564,-0.01918489
2018-04-20 19:00,0,-0.023190579,-0.03962058,-0.018648058
2018-04-20 20:00,0,-0.022579831,-0.039315852,-0.01860236
2018-04-20 21:00,0,-0.021941807,-0.038824171,-0.017813597
2018-04-20 22:00,0,-0.02175136,-0.038211676,-0.017202395
2018-04-20 23:00,0,-0.021412505,-0.037232671,-0.016611888
2018-04-21 00:00,0,-0.021168597,-0.036266506,-0.016466534
2018-04-21 01:00,0,-0.02086204,-0.03582825,-0.016267504
2018-04-21 02:00,0,-0.020778262,-0.035630752,-0.015762119
2018-04-21 03:00,0,-0.020890431,-0.035332091,-0.014869441
2018-04-21 04:00,0,-0.02093255,-0.034841943,-0.015225664
2018-04-21 05:00,0,-0.021811591,-0.035085642,-0.016596513
2018-04-21 06:00,0,-0.022359379,-0.036566518,-0.017661153
2018-04-21 07:00,0,-0.02299803,-0.038400918,-0.017768958
2018-04-21 08:00,0,-0.023293087,-0.038359403,-0.016829883
2018-04-21 09:00,0,-0.021606952,-0.037536743,-0.015105486
2018-04-21 10:00,0,-0.018641279,-0.036210234,-0.013689856
2018-04-21 11:00,0,-0.020882312,-0.03651999,-0.013756159
2018-04-21 12:00,0,-0.022448703,-0.037408389,-0.014721545
2018-04-21 13:00,0,-0.022139599,-0.037926822,-0.015327487
2018-04-21 14:00,0,-0.0221331,-0.037529036,-0.015028433
2018-04-21 15:00,0,-0.021521926,-0.037088811,-0.013117904
2018-04-21 16:00,0,-0.019908944,-0.036612118,-0.013757814
2018-04-21 17:00,0,-0.01967846,-0.036314708,-0.016943003
2018-04-21 18:00,0,-0.021482376,-0.036909909,-0.018389042
2018-04-21 19:00,0,-0.021678345,-0.037521611,-0.01789463
2018-04-21 20:00,0,-0.021455804,-0.037183439,-0.017719559
2018-04-21 21:00,0,-0.020786068,-0.036574223,-0.017139147
2018-04-21 22:00,0,-0.020864534,-0.035976877,-0.016537046
2018-04-21 23:00,0,-0.020458184,-0.035364234,-0.016088747
2018-04-22 00:00,0,-0.020262871,-0.034955219,-0.015796477
2018-04-22 01:00,0,-0.019852014,-0.034689032,-0.01581039
2018-04-22 02:00,0,-0.019717583,-0.034433667,-0.015365441
2018-04-22 03:00,0,-0.019579093,-0.034269007,-0.014323173
2018-04-22 04:00,0,-0.01930231,-0.033495637,-0.014679631
2018-04-22 05:00,0,-0.020077859,-0.033507224,-0.015901785
2018-04-22 06:00,0,-0.020601626,-0.034851837,-0.016886496
2018-04-22 07:00,0,-0.021257338,-0.036656646,-0.017393827
2018-04-22 08:00,0,-0.021675196,-0.036836636,-0.016539598
2018-04-22 09:00,0,-0.020325668,-0.03591797,-0.015177589
2018-04-22 10:00,0,-0.016906426,-0.035161686,-0.013435169
2018-04-22 11:00,0,-0.019465517,-0.035196255,-0.013296787
2018-04-22 12:00,0,-0.021025609,-0.036018828,-0.014663321
2018-04-22 13:00,0,-0.020778058,-0.035769671,-0.015465363
2018-04-22 14:00,0,-0.020925379,-0.035751352,-0.015292487
2018-04-22 15:00,0,-0.020543302,-0.035208537,-0.013716352
2018-04-22 16:00,0,-0.019555635,-0.035587149,-0.01427881
2018-04-22 17:00,0,-0.01936833,-0.03597918,-0.017729781
2018-04-22 18:00,0,-0.021381619,-0.036909613,-0.019209464
2018-04-22 19:00,0,-0.021836698,-0.03776942,-0.018359194
2018-04-22 20:00,0,-0.021829345,-0.037593896,-0.017888698
2018-04-22 21:00,0,-0.021355341,-0.036731779,-0.016804327
2018-04-22 22:00,0,-0.02136425,-0.036292284,-0.016259646
2018-04-22 23:00,0,-0.021001455,-0.03555006,-0.01574626
2018-04-23 00:00,0,-0.020814799,-0.034749434,-0.015638042
2018-04-23 01:00,0,-0.020655848,-0.034816827,-0.015500485
2018-04-23 02:00,0,-0.020940542,-0.035005367,-0.015537557
2018-04-23 03:00,0,-0.02194488,-0.035903585,-0.016064351
2018-04-23 04:00,0,-0.023554176,-0.03700027,-0.017387878
2018-04-23 05:00,0,-0.025137169,-0.038869237,-0.018081826
2018-04-23 06:00,0,-0.025689974,-0.040130905,-0.018918391
2018-04-23 07:00,0,-0.025958447,-0.041224308,-0.018939426
2018-04-23 08:00,0,-0.026190859,-0.041311384,-0.017943087
2018-04-23 09:00,0,-0.024721283,-0.040291179,-0.016038711
2018-04-23 10:00,0,-0.021460689,-0.038965669,-0.014952318
2018-04-23 11:00,0,-0.024282085,-0.039383111,-0.015118982
2018-04-23 12:00,0,-0.026247578,-0.040623464,-0.016461993
2018-04-23 13:00,0,-0.025855245,-0.040797462,-0.017075484
2018-04-23 14:00,0,-0.025724746,-0.040303511,-0.015887803
2018-04-23 15:00,0,-0.024673282,-0.039214007,-0.013441146
2018-04-23 16:00,0,-0.0224266,-0.038536811,-0.013755388
2018-04-23 17:00,0,-0.022110468,-0.038183537,-0.017584349
2018-04-23 18:00,0,-0.023805983,-0.038486899,-0.019238131
2018-04-23 19:00,0,-0.023787521,-0.039121748,-0.01845868
2018-04-23 20:00,0,-0.023019417,-0.038711176,-0.019070527
2018-04-23 21:00,0,-0.02228046,-0.038018893,-0.01733451
2018-04-23 22:00,0,-0.022324033,-0.037173079,-0.016674127
2018-04-23 23:00,0,-0.022031263,-0.036205719,-0.016105398
2018-04-24 00:00,0,-0.021720168,-0.035576081,-0.01604214
2018-04-24 01:00,0,-0.021360805,-0.035470731,-0.016090391
2018-04-24 02:00,0,-0.021455502,-0.03555038,-0.016055321
2018-04-24 03:00,0,-0.022367936,-0.036513854,-0.01615442
2018-04-24 04:00,0,-0.024042018,-0.037905442,-0.017279045
2018-04-24 05:00,0,-0.025476461,-0.039188673,-0.018040407
2018-04-24 06:00,0,-0.025967949,-0.04020664,-0.018770836
2018-04-24 07:00,0,-0.026215802,-0.041476397,-0.018756289
2018-04-24 08:00,0,-0.026693102,-0.041515478,-0.01782876
2018-04-24 09:00,0,-0.024955105,-0.04058822,-0.016122854
2018-04-24 10:00,0,-0.021545762,-0.03900729,-0.015064233
2018-04-24 11:00,0,-0.024196882,-0.039546184,-0.015337894
2018-04-24 12:00,0,-0.025890876,-0.040172643,-0.016610961
2018-04-24 13:00,0,-0.025675768,-0.040452915,-0.017283473
2018-04-24 14:00,0,-0.025520033,-0.039746344,-0.016373033
2018-04-24 15:00,0,-0.024148661,-0.038837283,-0.013883124
2018-04-24 16:00,0,-0.022160637,-0.038714543,-0.01429078
2018-04-24 17:00,0,-0.02157932,-0.03892798,-0.017882392
2018-04-24 18:00,0,-0.023413348,-0.03959967,-0.019555507
2018-04-24 19:00,0,-0.023742592,-0.039768253,-0.018841606
2018-04-24 20:00,0,-0.022990662,-0.039189755,-0.018520424
2018-04-24 21:00,0,-0.022052,-0.038824658,-0.017496252
2018-04-24 22:00,0,-0.022036738,-0.038045603,-0.016813258
2018-04-24 23:00,0,-0.021731558,-0.036882573,-0.016200027
2018-04-25 00:00,0,-0.021468103,-0.035713873,-0.016093993
2018-04-25 01:00,0,-0.021221224,-0.035166023,-0.016221531
2018-04-25 02:00,0,-0.021577585,-0.035274507,-0.016365999
2018-04-25 03:00,0,-0.022460844,-0.035982973,-0.016534471
2018-04-25 04:00,0,-0.023933251,-0.036748174,-0.017438782
2018-04-25 05:00,0,-0.025393858,-0.038106429,-0.01825592
2018-04-25 06:00,0,-0.025767912,-0.039893014,-0.019048187
2018-04-25 07:00,0,-0.025988775,-0.041142966,-0.018892432
2018-04-25 08:00,0,-0.026238732,-0.04098813,-0.018043464
2018-04-25 09:00,0,-0.024650031,-0.040102145,-0.016423642
2018-04-25 10:00,0,-0.021301056,-0.038747976,-0.015229398
2018-04-25 11:00,0,-0.024000655,-0.039376394,-0.015383873
2018-04-25 12:00,0,-0.025934178,-0.040368326,-0.016866856
2018-04-25 13:00,0,-0.02560707,-0.040270052,-0.017256039
2018-04-25 14:00,0,-0.025512819,-0.039595837,-0.016354735
2018-04-25 15:00,0,-0.024455808,-0.03885628,-0.013990749
2018-04-25 16:00,0,-0.022280313,-0.037939212,-0.01433951
2018-04-25 17:00,0,-0.021784981,-0.037621261,-0.017919224
2018-04-25 18:00,0,-0.023834068,-0.037942234,-0.019782547
2018-04-25 19:00,0,-0.02403023,-0.038865042,-0.019187889
2018-04-25 20:00,0,-0.02339118,-0.03884854,-0.018677141
2018-04-25 21:00,0,-0.02250824,-0.038034518,-0.017791157
2018-04-25 22:00,0,-0.022340035,-0.037628634,-0.017003021
2018-04-25 23:00,0,-0.021699058,-0.036030757,-0.016509077
2018-04-26 00:00,0,-0.021463524,-0.035069205,-0.016382512
2018-04-26 01:00,0,-0.021331864,-0.03506288,-0.016355418
2018-04-26 02:00,0,-0.021514238,-0.035304621,-0.016334918
2018-04-26 03:00,0,-0.022298865,-0.035737737,-0.016448914
2018-04-26 04:00,0,-0.023905852,-0.036700659,-0.017425167
2018-04-26 05:00,0,-0.025617372,-0.037782504,-0.01837317
2018-04-26 06:00,0,-0.026480114,-0.038668139,-0.019056074
2018-04-26 07:00,0,-0.026978217,-0.039768586,-0.019297037
2018-04-26 08:00,0,-0.027441959,-0.040001554,-0.018463487
2018-04-26 09:00,0,-0.025763719,-0.039040978,-0.016642298
2018-04-26 10:00,0,-0.022526075,-0.03775969,-0.015333699
2018-04-26 11:00,0,-0.025178642,-0.038499813,-0.015507908
2018-04-26 12:00,0,-0.02679668,-0.03932331,-0.016882674
2018-04-26 13:00,0,-0.026525262,-0.039998116,-0.01756229
2018-04-26 14:00,0,-0.026380338,-0.039313028,-0.016477419
2018-04-26 15:00,0,-0.025234461,-0.038617044,-0.013937083
2018-04-26 16:00,0,-0.022934767,-0.037872127,-0.014578269
2018-04-26 17:00,0,-0.022151548,-0.037550809,-0.018225247
2018-04-26 18:00,0,-0.02373412,-0.037856116,-0.019317405
2018-04-26 19:00,0,-0.023733886,-0.038938078,-0.018862516
2018-04-26 20:00,0,-0.023218576,-0.03888236,-0.01861134
2018-04-26 21:00,0,-0.022363404,-0.038728261,-0.017783557
2018-04-26 22:00,0,-0.022240125,-0.037872097,-0.016958799
2018-04-26 23:00,0,-0.021738498,-0.036942996,-0.016349634
2018-04-27 00:00,0,-0.021442303,-0.036067363,-0.01627586
2018-04-27 01:00,0,-0.021162922,-0.03587248,-0.01628759
2018-04-27 02:00,0,-0.021500743,-0.035936384,-0.016287457
2018-04-27 03:00,0,-0.022374434,-0.036728933,-0.016504369
2018-04-27 04:00,0,-0.023803019,-0.037815304,-0.017124973
2018-04-27 05:00,0,-0.025220623,-0.038743098,-0.018237857
2018-04-27 06:00,0,-0.025582792,-0.039843204,-0.018911191
2018-04-27 07:00,0,-0.025797202,-0.040672884,-0.018909297
2018-04-27 08:00,0,-0.02606306,-0.040583722,-0.018122878
2018-04-27 09:00,0,-0.024042431,-0.039661068,-0.016395446
2018-04-27 10:00,0,-0.020832266,-0.038196986,-0.015256394
2018-04-27 11:00,0,-0.023142588,-0.038884258,-0.015660304
2018-04-27 12:00,0,-0.024737296,-0.039534959,-0.017013116
2018-04-27 13:00,0,-0.024250026,-0.03974065,-0.017843109
2018-04-27 14:00,0,-0.024182459,-0.039119122,-0.016692214
2018-04-27 15:00,0,-0.023259033,-0.037987839,-0.014010132
2018-04-27 16:00,0,-0.021292527,-0.037830883,-0.014103747
2018-04-27 17:00,0,-0.020724706,-0.037536294,-0.017558649
2018-04-27 18:00,0,-0.022699979,-0.037791736,-0.019442356
2018-04-27 19:00,0,-0.022951022,-0.038119781,-0.018841524
2018-04-27 20:00,0,-0.022373054,-0.038029723,-0.01871499
2018-04-27 21:00,0,-0.021824614,-0.038047874,-0.017917503
2018-04-27 22:00,0,-0.021768567,-0.037159013,-0.017122465
2018-04-27 23:00,0,-0.021372253,-0.036078166,-0.016602886
2018-04-28 00:00,0,-0.020935382,-0.03558777,-0.016478157
2018-04-28 01:00,0,-0.020686262,-0.03488191,-0.016347004
2018-04-28 02:00,0,-0.020534367,-0.034458502,-0.015980414
2018-04-28 03:00,0,-0.020636578,-0.034310094,-0.015247701
2018-04-28 04:00,0,-0.020614749,-0.033485429,-0.015834773
2018-04-28 05:00,0,-0.021397493,-0.033698409,-0.016911789
2018-04-28 06:00,0,-0.022064225,-0.035122701,-0.018169187
2018-04-28 07:00,0,-0.022683352,-0.037045347,-0.018485127
2018-04-28 08:00,0,-0.022992515,-0.037361481,-0.01761462
2018-04-28 09:00,0,-0.021412966,-0.036628297,-0.015941817
2018-04-28 10:00,0,-0.018379878,-0.03559695,-0.014282646
2018-04-28 11:00,0,-0.020407052,-0.035803767,-0.014396489
2018-04-28 12:00,0,-0.02219998,-0.037059849,-0.015676093
2018-04-28 13:00,0,-0.021949224,-0.037078341,-0.016233592
2018-04-28 14:00,0,-0.022002942,-0.036898721,-0.016072506
2018-04-28 15:00,0,-0.021316767,-0.036455818,-0.014071836
2018-04-28 16:00,0,-0.019742118,-0.03617908,-0.014535777
2018-04-28 17:00,0,-0.019377341,-0.036047507,-0.017541487
2018-04-28 18:00,0,-0.021179349,-0.036239563,-0.018476579
2018-04-28 19:00,0,-0.021537265,-0.03700192,-0.018009242
2018-04-28 20:00,0,-0.021270909,-0.037110671,-0.017963718
2018-04-28 21:00,0,-0.02073505,-0.037159433,-0.017349528
2018-04-28 22:00,0,-0.020670091,-0.036455173,-0.016616175
2018-04-28 23:00,0,-0.020242828,-0.035721267,-0.016067945
2018-04-29 00:00,0,-0.019997527,-0.034991593,-0.015711123
2018-04-29 01:00,0,-0.019646133,-0.034591839,-0.015816438
2018-04-29 02:00,0,-0.019568109,-0.034365545,-0.015457024
2018-04-29 03:00,0,-0.019414754,-0.03410972,-0.014564015
2018-04-29 04:00,0,-0.019079925,-0.032863691,-0.014748364
2018-04-29 05:00,0,-0.019681853,-0.032756546,-0.015925015
2018-04-29 06:00,0,-0.02009011,-0.033981593,-0.017271478
2018-04-29 07:00,0,-0.020825242,-0.035929703,-0.017631999
2018-04-29 08:00,0,-0.021311398,-0.036599811,-0.016804825
2018-04-29 09:00,0,-0.019834784,-0.036249607,-0.015315083
2018-04-29 10:00,0,-0.01671272,-0.035611716,-0.013876094
2018-04-29 11:00,0,-0.019168366,-0.035639291,-0.013852928
2018-04-29 12:00,0,-0.020904003,-0.036350991,-0.015068682
2018-04-29 13:00,0,-0.020548543,-0.036449548,-0.01588382
2018-04-29 14:00,0,-0.020747834,-0.03603559,-0.015853148
2018-04-29 15:00,0,-0.020417442,-0.035424779,-0.0142496
2018-04-29 16:00,0,-0.019169424,-0.035823056,-0.014523471
2018-04-29 17:00,0,-0.019149634,-0.036115315,-0.017806052
2018-04-29 18:00,0,-0.02104482,-0.036620085,-0.01917459
2018-04-29 19:00,0,-0.021565798,-0.036617739,-0.018525661
2018-04-29 20:00,0,-0.021469969,-0.036012291,-0.017879043
2018-04-29 21:00,0,-0.021024953,-0.036270429,-0.017011465
2018-04-29 22:00,0,-0.021023931,-0.036129172,-0.016231769
2018-04-29 23:00,0,-0.020643272,-0.034994017,-0.015856719
2018-04-30 00:00,0,-0.02042965,-0.034332749,-0.015657037
2018-04-30 01:00,0,-0.020283234,-0.034612176,-0.015613176
2018-04-30 02:00,0,-0.020457015,-0.034415096,-0.015551503
2018-04-30 03:00,0,-0.021079286,-0.034650344,-0.015674188
2018-04-30 04:00,0,-0.022300835,-0.034329248,-0.017057565
2018-04-30 05:00,0,-0.023706657,-0.035071752,-0.017751961
2018-04-30 06:00,0,-0.024364675,-0.036279463,-0.018497668
2018-04-30 07:00,0,-0.02486616,-0.037946178,-0.018431021
2018-04-30 08:00,0,-0.025149041,-0.038510805,-0.017731443
2018-04-30 09:00,0,-0.023515193,-0.037605304,-0.015908036
2018-04-30 10:00,0,-0.02037554,-0.036457511,-0.014905267
2018-04-30 11:00,0,-0.022668058,-0.036645739,-0.01478628
2018-04-30 12:00,0,-0.02439862,-0.037347852,-0.016166703
2018-04-30 13:00,0,-0.02405583,-0.037373156,-0.016869598
2018-04-30 14:00,0,-0.02412837,-0.037361935,-0.015848689
2018-04-30 15:00,0,-0.023037462,-0.036891411,-0.013158478
2018-04-30 16:00,0,-0.020930742,-0.036852541,-0.01341366
2018-04-30 17:00,0,-0.020447025,-0.036443133,-0.017168223
2018-04-30 18:00,0,-0.022270781,-0.036994426,-0.018803837
2018-04-30 19:00,0,-0.022673318,-0.036882841,-0.018300268
2018-04-30 20:00,0,-0.022112005,-0.036990299,-0.018011302
2018-04-30 21:00,0,-0.021332526,-0.036896794,-0.017130603
2018-04-30 22:00,0,-0.021267209,-0.036070512,-0.016498
2018-04-30 23:00,0,-0.020841719,-0.03505261,-0.015969033
2018-05-01 00:00,0,-0.020606174,-0.03435299,-0.015889601
2018-05-01 01:00,0,-0.02025422,-0.033931571,-0.015808458
2018-05-01 02:00,0,-0.020124879,-0.033708116,-0.015509874
2018-05-01 03:00,0,-0.020052391,-0.033330321,-0.014699366
2018-05-01 04:00,0,-0.019659648,-0.032543449,-0.014941122
2018-05-01 05:00,0,-0.020352259,-0.032243481,-0.016269805
2018-05-01 06:00,0,-0.021016087,-0.03280774,-0.017513948
2018-05-01 07:00,0,-0.021658943,-0.034507328,-0.017947146
2018-05-01 08:00,0,-0.022121716,-0.034642778,-0.017339245
2018-05-01 09:00,0,-0.020747606,-0.034167596,-0.015371331
2018-05-01 10:00,0,-0.017701138,-0.033437704,-0.013939805
2018-05-01 11:00,0,-0.020122537,-0.033790251,-0.013644019
2018-05-01 12:00,0,-0.021566423,-0.034586771,-0.015177206
2018-05-01 13:00,0,-0.021192848,-0.034694384,-0.015946522
2018-05-01 14:00,0,-0.021365906,-0.034079425,-0.015660492
2018-05-01 15:00,0,-0.020946497,-0.033828445,-0.013830939
2018-05-01 16:00,0,-0.019752297,-0.033925647,-0.014462745
2018-05-01 17:00,0,-0.019551463,-0.034178719,-0.017235975
2018-05-01 18:00,0,-0.021475207,-0.034903798,-0.01879827
2018-05-01 19:00,0,-0.021855498,-0.03610003,-0.01825155
2018-05-01 20:00,0,-0.021689888,-0.036839924,-0.017946724
2018-05-01 21:00,0,-0.021034919,-0.03645315,-0.01711686
2018-05-01 22:00,0,-0.021144071,-0.035689913,-0.016459548
2018-05-01 23:00,0,-0.020702088,-0.034878156,-0.015793735
2018-05-02 00:00,0,-0.020522275,-0.034148421,-0.015720751
2018-05-02 01:00,0,-0.02040809,-0.033721177,-0.015773185
2018-05-02 02:00,0,-0.020573848,-0.034157633,-0.015677416
2018-05-02 03:00,0,-0.021495673,-0.034867985,-0.016082844
2018-05-02 04:00,0,-0.023183998,-0.036001243,-0.016886365
2018-05-02 05:00,0,-0.02471653,-0.03771007,-0.017908502
2018-05-02 06:00,0,-0.025312643,-0.038988603,-0.018674086
2018-05-02 07:00,0,-0.025693006,-0.039533231,-0.018757789
2018-05-02 08:00,0,-0.026020183,-0.039241253,-0.017915026
2018-05-02 09:00,0,-0.024459425,-0.037955969,-0.016041545
2018-05-02 10:00,0,-0.021051815,-0.036755137,-0.015078901
2018-05-02 11:00,0,-0.023829302,-0.037524691,-0.015092714
2018-05-02 12:00,0,-0.025565381,-0.0383926,-0.0166349
2018-05-02 13:00,0,-0.025334838,-0.038506544,-0.017098447
2018-05-02 14:00,0,-0.025448594,-0.038163036,-0.015966804
2018-05-02 15:00,0,-0.024423449,-0.037345401,-0.013620094
2018-05-02 16:00,0,-0.022291613,-0.037037565,-0.014002101
2018-05-02 17:00,0,-0.021941232,-0.037094163,-0.01748827
2018-05-02 18:00,0,-0.023590123,-0.037438033,-0.01933084
2018-05-02 19:00,0,-0.023742072,-0.03816712,-0.018783673
2018-05-02 20:00,0,-0.023074518,-0.03823685,-0.018302983
2018-05-02 21:00,0,-0.022255458,-0.038139288,-0.017458576
2018-05-02 22:00,0,-0.022086701,-0.037242776,-0.016800876
2018-05-02 23:00,0,-0.021606708,-0.037051159,-0.016446255
2018-05-03 00:00,0,-0.021275305,-0.035964836,-0.016188983
2018-05-03 01:00,0,-0.021074248,-0.035541881,-0.016261391
2018-05-03 02:00,0,-0.021314747,-0.035487357,-0.016346644
2018-05-03 03:00,0,-0.022192062,-0.036159478,-0.01641321
2018-05-03 04:00,0,-0.023637652,-0.037174558,-0.016923039
2018-05-03 05:00,0,-0.025076176,-0.038532861,-0.018127361
2018-05-03 06:00,0,-0.025569016,-0.039216417,-0.018950243
2018-05-03 07:00,0,-0.025813062,-0.040064236,-0.018895094
2018-05-03 08:00,0,-0.026000189,-0.03987161,-0.01800539
2018-05-03 09:00,0,-0.024399692,-0.038971328,-0.016316449
2018-05-03 10:00,0,-0.021247345,-0.037484577,-0.015014486
2018-05-03 11:00,0,-0.024060317,-0.038314142,-0.01524462
2018-05-03 12:00,0,-0.025852679,-0.039256174,-0.016871389
2018-05-03 13:00,0,-0.025568815,-0.039419085,-0.01751683
2018-05-03 14:00,0,-0.02555839,-0.038828321,-0.01644556
2018-05-03 15:00,0,-0.024625484,-0.038031226,-0.013893041
2018-05-03 16:00,0,-0.022411112,-0.037346975,-0.014223439
2018-05-03 17:00,0,-0.021892746,-0.037257095,-0.017845475
2018-05-03 18:00,0,-0.02348718,-0.037622784,-0.019755799
2018-05-03 19:00,0,-0.023637131,-0.038220754,-0.01912794
2018-05-03 20:00,0,-0.023061014,-0.038879683,-0.018744782
2018-05-03 21:00,0,-0.022311968,-0.03845388,-0.017491482
2018-05-03 22:00,0,-0.02215681,-0.037600289,-0.016828423
2018-05-03 23:00,0,-0.021598636,-0.036952719,-0.016253106
2018-05-04 00:00,0,-0.021354547,-0.036207096,-0.016244609
2018-05-04 01:00,0,-0.02112268,-0.03605558,-0.016210769
2018-05-04 02:00,0,-0.021305624,-0.03626721,-0.016164812
2018-05-04 03:00,0,-0.022205202,-0.036858205,-0.016339114
2018-05-04 04:00,0,-0.023806926,-0.037735881,-0.017104905
2018-05-04 05:00,0,-0.025425164,-0.038841635,-0.017652003
2018-05-04 06:00,0,-0.026189219,-0.039694056,-0.018150223
2018-05-04 07:00,0,-0.026484256,-0.040515234,-0.017896079
2018-05-04 08:00,0,-0.02685941,-0.040599019,-0.016883573
2018-05-04 09:00,0,-0.02523627,-0.039586506,-0.014844053
2018-05-04 10:00,0,-0.021713962,-0.038087459,-0.013801343
2018-05-04 11:00,0,-0.023949997,-0.038734292,-0.013806935
2018-05-04 12:00,0,-0.02564158,-0.039743228,-0.015589946
2018-05-04 13:00,0,-0.02513672,-0.03969484,-0.01624469
2018-05-04 14:00,0,-0.025068801,-0.03914019,-0.015717116
2018-05-04 15:00,0,-0.024091279,-0.038257716,-0.013686422
2018-05-04 16:00,0,-0.02192924,-0.037531901,-0.014024682
2018-05-04 17:00,0,-0.021508991,-0.037221715,-0.017244054
2018-05-04 18:00,0,-0.02291448,-0.037561528,-0.019119999
2018-05-04 19:00,0,-0.023244451,-0.038195767,-0.018681233
2018-05-04 20:00,0,-0.022689126,-0.038427492,-0.018535977
2018-05-04 21:00,0,-0.021903548,-0.037768921,-0.017863693
2018-05-04 22:00,0,-0.021873784,-0.037089546,-0.017214511
2018-05-04 23:00,0,-0.021348751,-0.036587684,-0.016627167
2018-05-05 00:00,0,-0.021147018,-0.035624031,-0.016356146
2018-05-05 01:00,0,-0.02085327,-0.035189686,-0.016265197
2018-05-05 02:00,0,-0.020779144,-0.034938755,-0.015834598
2018-05-05 03:00,0,-0.020853285,-0.034546682,-0.015007978
2018-05-05 04:00,0,-0.020777007,-0.034068873,-0.015538509
2018-05-05 05:00,0,-0.021716114,-0.034819509,-0.016667913
2018-05-05 06:00,0,-0.022523291,-0.036523611,-0.017779059
2018-05-05 07:00,0,-0.023340111,-0.037757093,-0.018095326
2018-05-05 08:00,0,-0.023713297,-0.037760267,-0.017563605
2018-05-05 09:00,0,-0.022158054,-0.036574543,-0.016061484
2018-05-05 10:00,0,-0.018811206,-0.035267405,-0.014397249
2018-05-05 11:00,0,-0.021149908,-0.035336605,-0.014408887
2018-05-05 12:00,0,-0.022812865,-0.036391814,-0.015811073
2018-05-05 13:00,0,-0.022553921,-0.036528153,-0.016545195
2018-05-05 14:00,0,-0.022404974,-0.036517997,-0.016174028
2018-05-05 15:00,0,-0.021654664,-0.035749854,-0.01423643
2018-05-05 16:00,0,-0.019981112,-0.035577839,-0.014255808
2018-05-05 17:00,0,-0.019602643,-0.035535698,-0.017213906
2018-05-05 18:00,0,-0.021194122,-0.035803847,-0.018717828
2018-05-05 19:00,0,-0.021580691,-0.036490954,-0.01830675
2018-05-05 20:00,0,-0.021372633,-0.036618448,-0.018093171
2018-05-05 21:00,0,-0.020912817,-0.036429006,-0.017381261
2018-05-05 22:00,0,-0.021036787,-0.035743,-0.016607369
2018-05-05 23:00,0,-0.020599743,-0.035439981,-0.016091265
2018-05-06 00:00,0,-0.020293143,-0.034695259,-0.015928652
2018-05-06 01:00,0,-0.019972809,-0.034635929,-0.015769835
2018-05-06 02:00,0,-0.01985392,-0.034275041,-0.015395428
2018-05-06 03:00,0,-0.019692037,-0.033988473,-0.01454714
2018-05-06 04:00,0,-0.019255414,-0.03313585,-0.014802376
2018-05-06 05:00,0,-0.019840256,-0.033380228,-0.016136604
2018-05-06 06:00,0,-0.020333025,-0.034719263,-0.017571183
2018-05-06 07:00,0,-0.020924174,-0.036455826,-0.018279235
2018-05-06 08:00,0,-0.021430009,-0.036666666,-0.01765175
2018-05-06 09:00,0,-0.019929888,-0.035770598,-0.01552652
2018-05-06 10:00,0,-0.016834591,-0.03482341,-0.013711447
2018-05-06 11:00,0,-0.01907521,-0.035175942,-0.013492596
2018-05-06 12:00,0,-0.020774831,-0.035800461,-0.014573133
2018-05-06 13:00,0,-0.02048518,-0.035993055,-0.015129048
2018-05-06 14:00,0,-0.020532755,-0.035818995,-0.01525914
2018-05-06 15:00,0,-0.020204696,-0.035293259,-0.013008795
2018-05-06 16:00,0,-0.019090612,-0.035413578,-0.013139779
2018-05-06 17:00,0,-0.018928974,-0.035858504,-0.016080694
2018-05-06 18:00,0,-0.020772668,-0.036619202,-0.017460894
2018-05-06 19:00,0,-0.021463707,-0.037299957,-0.017275799
2018-05-06 20:00,0,-0.021373337,-0.037559263,-0.017291203
2018-05-06 21:00,0,-0.02097632,-0.036727798,-0.016751779
2018-05-06 22:00,0,-0.021336317,-0.036179527,-0.016201247
2018-05-06 23:00,0,-0.020875088,-0.035715037,-0.01555563
2018-05-07 00:00,0,-0.020678199,-0.035245012,-0.015424372
2018-05-07 01:00,0,-0.020537697,-0.03517602,-0.015283269
2018-05-07 02:00,0,-0.020745851,-0.035343024,-0.014859614
2018-05-07 03:00,0,-0.021539002,-0.03596628,-0.014081482
2018-05-07 04:00,0,-0.023199267,-0.037124951,-0.014712884
2018-05-07 05:00,0,-0.024742534,-0.038915763,-0.015998759
2018-05-07 06:00,0,-0.025196658,-0.040547586,-0.0175899
2018-05-07 07:00,0,-0.025386802,-0.041942678,-0.018283566
2018-05-07 08:00,0,-0.025644665,-0.04189009,-0.017579426
2018-05-07 09:00,0,-0.024191941,-0.040757282,-0.015800847
2018-05-07 10:00,0,-0.020799199,-0.039241165,-0.014379741
2018-05-07 11:00,0,-0.02365885,-0.040068617,-0.01452549
2018-05-07 12:00,0,-0.025476259,-0.041341495,-0.015696031
2018-05-07 13:00,0,-0.025179227,-0.04146464,-0.016326814
2018-05-07 14:00,0,-0.025122857,-0.041068958,-0.01551097
2018-05-07 15:00,0,-0.024168283,-0.040190464,-0.012990459
2018-05-07 16:00,0,-0.022098659,-0.03965002,-0.01331617
2018-05-07 17:00,0,-0.021349023,-0.039223592,-0.016809616
2018-05-07 18:00,0,-0.023158727,-0.039654398,-0.01889125
2018-05-07 19:00,0,-0.023526704,-0.039680433,-0.018412228
2018-05-07 20:00,0,-0.02290806,-0.040128072,-0.018121588
2018-05-07 21:00,0,-0.022127186,-0.039118066,-0.017077221
2018-05-07 22:00,0,-0.022187152,-0.037992356,-0.016475369
2018-05-07 23:00,0,-0.021762195,-0.037197943,-0.0158816
2018-05-08 00:00,0,-0.021516885,-0.036476745,-0.015831313
2018-05-08 01:00,0,-0.021205576,-0.036233153,-0.015892403
2018-05-08 02:00,0,-0.02135104,-0.036362224,-0.015910766
2018-05-08 03:00,0,-0.022164398,-0.036952501,-0.016075323
2018-05-08 04:00,0,-0.023444781,-0.037931924,-0.016909945
2018-05-08 05:00,0,-0.024783868,-0.039270407,-0.017588984
2018-05-08 06:00,0,-0.025214619,-0.040768018,-0.018477512
2018-05-08 07:00,0,-0.025421734,-0.042048158,-0.018699363
2018-05-08 08:00,0,-0.025716731,-0.042031666,-0.018053354
2018-05-08 09:00,0,-0.024211646,-0.041018239,-0.016172014
2018-05-08 10:00,0,-0.020968853,-0.039584263,-0.015121883
2018-05-08 11:00,0,-0.02387264,-0.040542292,-0.015365188
2018-05-08 12:00,0,-0.02574163,-0.041673521,-0.016879387
2018-05-08 13:00,0,-0.025338673,-0.041815044,-0.017452365
2018-05-08 14:00,0,-0.025352091,-0.041379532,-0.016237099
2018-05-08 15:00,0,-0.024311664,-0.040279857,-0.013885661
2018-05-08 16:00,0,-0.022248683,-0.039510107,-0.014068399
2018-05-08 17:00,0,-0.0216472,-0.039061832,-0.017242892
2018-05-08 18:00,0,-0.023233716,-0.039254296,-0.019122099
2018-05-08 19:00,0,-0.023593653,-0.039341955,-0.018721383
2018-05-08 20:00,0,-0.02293941,-0.039525192,-0.018377538
2018-05-08 21:00,0,-0.02220192,-0.03887379,-0.01758472
2018-05-08 22:00,0,-0.022294295,-0.0384891,-0.016845663
2018-05-08 23:00,0,-0.021829307,-0.037773254,-0.016316281
2018-05-09 00:00,0,-0.021518077,-0.036895717,-0.016277111
2018-05-09 01:00,0,-0.021345344,-0.036476986,-0.016220533
2018-05-09 02:00,0,-0.021531703,-0.03691858,-0.016200788
2018-05-09 03:00,0,-0.022168759,-0.037352703,-0.016208366
2018-05-09 04:00,0,-0.023547935,-0.038047295,-0.017047481
2018-05-09 05:00,0,-0.024987033,-0.039583784,-0.017976078
2018-05-09 06:00,0,-0.025459089,-0.040542865,-0.018782019
2018-05-09 07:00,0,-0.025647807,-0.041760745,-0.018945156
2018-05-09 08:00,0,-0.02601912,-0.04157081,-0.018280577
2018-05-09 09:00,0,-0.024480162,-0.040579061,-0.016229129
2018-05-09 10:00,0,-0.021254663,-0.039302125,-0.01511672
2018-05-09 11:00,0,-0.024017618,-0.040326558,-0.015296346
2018-05-09 12:00,0,-0.025792507,-0.041185571,-0.016813546
2018-05-09 13:00,0,-0.025390457,-0.041463143,-0.017458475
2018-05-09 14:00,0,-0.025307814,-0.040855118,-0.016346307
2018-05-09 15:00,0,-0.024156903,-0.039665647,-0.01421482
2018-05-09 16:00,0,-0.021966034,-0.038801276,-0.014764813
2018-05-09 17:00,0,-0.021355695,-0.038490607,-0.017725499
2018-05-09 18:00,0,-0.023059238,-0.038948907,-0.019408566
2018-05-09 19:00,0,-0.023490565,-0.039002504,-0.01890546
2018-05-09 20:00,0,-0.022800788,-0.039181454,-0.018442579
2018-05-09 21:00,0,-0.021938768,-0.03867918,-0.017653935
2018-05-09 22:00,0,-0.0219867,-0.037733757,-0.016886265
2018-05-09 23:00,0,-0.021479872,-0.036821338,-0.016330343
2018-05-10 00:00,0,-0.021149771,-0.036071694,-0.016257947
2018-05-10 01:00,0,-0.020794568,-0.035683447,-0.016213234
2018-05-10 02:00,0,-0.020609609,-0.035349836,-0.01601913
2018-05-10 03:00,0,-0.020272711,-0.034526304,-0.016138797
2018-05-10 04:00,0,-0.019961225,-0.033316005,-0.017048061
2018-05-10 05:00,0,-0.020896844,-0.033125059,-0.018135728
2018-05-10 06:00,0,-0.021385919,-0.034317266,-0.019127734
2018-05-10 07:00,0,-0.022155732,-0.035955037,-0.01912436
2018-05-10 08:00,0,-0.022548827,-0.03590012,-0.018343794
2018-05-10 09:00,0,-0.021078588,-0.035416748,-0.016669754
2018-05-10 10:00,0,-0.018005411,-0.03466028,-0.015668714
2018-05-10 11:00,0,-0.020387954,-0.034983285,-0.015362421
2018-05-10 12:00,0,-0.022136517,-0.035597543,-0.016864894
2018-05-10 13:00,0,-0.021855037,-0.035805169,-0.01762069
2018-05-10 14:00,0,-0.0220974,-0.03546533,-0.016776871
2018-05-10 15:00,0,-0.021601084,-0.034931169,-0.014646831
2018-05-10 16:00,0,-0.020034037,-0.034893468,-0.014794699
2018-05-10 17:00,0,-0.019867148,-0.035166366,-0.017695554
2018-05-10 18:00,0,-0.021481292,-0.035581124,-0.019304078
2018-05-10 19:00,0,-0.021824073,-0.036158401,-0.019015845
2018-05-10 20:00,0,-0.021601222,-0.037056484,-0.018568744
2018-05-10 21:00,0,-0.021021861,-0.036711303,-0.017681359
2018-05-10 22:00,0,-0.021114233,-0.036051818,-0.016937505
2018-05-10 23:00,0,-0.020680854,-0.035337825,-0.016357743
2018-05-11 00:00,0,-0.020411315,-0.034721794,-0.016191973
2018-05-11 01:00,0,-0.020268034,-0.034638128,-0.016157622
2018-05-11 02:00,0,-0.020472248,-0.03466889,-0.016174351
2018-05-11 03:00,0,-0.021120168,-0.034799636,-0.016254427
2018-05-11 04:00,0,-0.022278324,-0.034757218,-0.017090202
2018-05-11 05:00,0,-0.02380165,-0.035365887,-0.018159138
2018-05-11 06:00,0,-0.024405992,-0.036755993,-0.01897138
2018-05-11 07:00,0,-0.024901556,-0.037998276,-0.019182439
2018-05-11 08:00,0,-0.025161885,-0.03801108,-0.018432355
2018-05-11 09:00,0,-0.023403761,-0.037082249,-0.016741707
2018-05-11 10:00,0,-0.020193949,-0.036267291,-0.015474121
2018-05-11 11:00,0,-0.022548565,-0.03668912,-0.015424471
2018-05-11 12:00,0,-0.024253533,-0.037759395,-0.017042676
2018-05-11 13:00,0,-0.023802915,-0.037853722,-0.01784661
2018-05-11 14:00,0,-0.023883627,-0.037554991,-0.016578549
2018-05-11 15:00,0,-0.023028599,-0.036781503,-0.014080714
2018-05-11 16:00,0,-0.020850405,-0.036166933,-0.014282164
2018-05-11 17:00,0,-0.02035842,-0.03606868,-0.017240146
2018-05-11 18:00,0,-0.022023319,-0.03657292,-0.018851435
2018-05-11 19:00,0,-0.022566969,-0.037146999,-0.01857249
2018-05-11 20:00,0,-0.022149867,-0.03780603,-0.018419317
2018-05-11 21:00,0,-0.021448521,-0.037366969,-0.017715811
2018-05-11 22:00,0,-0.021345808,-0.036631459,-0.016974827
2018-05-11 23:00,0,-0.020848908,-0.03587066,-0.016372622
2018-05-12 00:00,0,-0.020521789,-0.035215347,-0.016244231
2018-05-12 01:00,0,-0.020134815,-0.034926694,-0.016145012
2018-05-12 02:00,0,-0.020220088,-0.034545317,-0.015833139
2018-05-12 03:00,0,-0.020289366,-0.034025999,-0.014984594
2018-05-12 04:00,0,-0.020470737,-0.033401523,-0.015369045
2018-05-12 05:00,0,-0.021428236,-0.034118711,-0.016246462
2018-05-12 06:00,0,-0.022208871,-0.035673048,-0.01723291
2018-05-12 07:00,0,-0.022766275,-0.037282536,-0.017578213
2018-05-12 08:00,0,-0.02311064,-0.037643685,-0.016612695
2018-05-12 09:00,0,-0.021680671,-0.036530509,-0.014886534
2018-05-12 10:00,0,-0.018581278,-0.035621481,-0.013416098
2018-05-12 11:00,0,-0.020785389,-0.036025254,-0.013318776
2018-05-12 12:00,0,-0.022514508,-0.036841672,-0.014796751
2018-05-12 13:00,0,-0.022306363,-0.03703064,-0.01579357
2018-05-12 14:00,0,-0.022398893,-0.036710041,-0.015475224
2018-05-12 15:00,0,-0.021748656,-0.036152043,-0.013759161
2018-05-12 16:00,0,-0.020053561,-0.035758001,-0.014182539
2018-05-12 17:00,0,-0.019433082,-0.035688575,-0.017018852
2018-05-12 18:00,0,-0.021167358,-0.036044672,-0.018298792
2018-05-12 19:00,0,-0.02172306,-0.036566214,-0.017846352
2018-05-12 20:00,0,-0.021388692,-0.03665734,-0.017697
2018-05-12 21:00,0,-0.02073239,-0.036210791,-0.016879683
2018-05-12 22:00,0,-0.02081516,-0.036352325,-0.016273307
2018-05-12 23:00,0,-0.020332626,-0.035245522,-0.015993045
2018-05-13 00:00,0,-0.020159816,-0.034463073,-0.015411579
2018-05-13 01:00,0,-0.019906452,-0.033783926,-0.01559351
2018-05-13 02:00,0,-0.01973515,-0.033422745,-0.015068646
2018-05-13 03:00,0,-0.019504373,-0.033251047,-0.014118581
2018-05-13 04:00,0,-0.019214712,-0.032362651,-0.014281211
2018-05-13 05:00,0,-0.019990959,-0.032442153,-0.015286682
2018-05-13 06:00,0,-0.020429091,-0.03383868,-0.0164198
2018-05-13 07:00,0,-0.021084209,-0.035461203,-0.016959708
2018-05-13 08:00,0,-0.021578716,-0.036183292,-0.016084269
2018-05-13 09:00,0,-0.020119686,-0.035812855,-0.01477472
2018-05-13 10:00,0,-0.016652365,-0.035103016,-0.013211992
2018-05-13 11:00,0,-0.019201339,-0.035551955,-0.013252795
2018-05-13 12:00,0,-0.021001726,-0.036157798,-0.01464719
2018-05-13 13:00,0,-0.02083961,-0.036378126,-0.015701153
2018-05-13 14:00,0,-0.021029919,-0.035948521,-0.015629491
2018-05-13 15:00,0,-0.020622904,-0.035661136,-0.013946873
2018-05-13 16:00,0,-0.019436252,-0.035234658,-0.014639007
2018-05-13 17:00,0,-0.019213404,-0.035359333,-0.017534307
2018-05-13 18:00,0,-0.020976919,-0.036201241,-0.019052017
2018-05-13 19:00,0,-0.021737615,-0.036582314,-0.018509099
2018-05-13 20:00,0,-0.021660915,-0.036964503,-0.017941583
2018-05-13 21:00,0,-0.021084389,-0.036459103,-0.017113551
2018-05-13 22:00,0,-0.021133063,-0.035685568,-0.016382609
2018-05-13 23:00,0,-0.020731571,-0.035326113,-0.015956135
2018-05-14 00:00,0,-0.020514953,-0.035009894,-0.015801463
2018-05-14 01:00,0,-0.020297759,-0.034758247,-0.015664317
2018-05-14 02:00,0,-0.020569109,-0.034871733,-0.01568466
2018-05-14 03:00,0,-0.02146086,-0.03551599,-0.015941595
2018-05-14 04:00,0,-0.023270845,-0.036825501,-0.017284244
2018-05-14 05:00,0,-0.025099897,-0.039228619,-0.018179163
2018-05-14 06:00,0,-0.025820257,-0.040660087,-0.019186972
2018-05-14 07:00,0,-0.026223514,-0.041627754,-0.019262327
2018-05-14 08:00,0,-0.026661641,-0.04189932,-0.018377218
2018-05-14 09:00,0,-0.025151024,-0.040901629,-0.016563705
2018-05-14 10:00,0,-0.021949322,-0.039869021,-0.015197771
2018-05-14 11:00,0,-0.024694254,-0.040635231,-0.015475449
2018-05-14 12:00,0,-0.02639878,-0.041865395,-0.017001401
2018-05-14 13:00,0,-0.026033682,-0.041773944,-0.017402375
2018-05-14 14:00,0,-0.0259244,-0.040883136,-0.016406243
2018-05-14 15:00,0,-0.02489175,-0.039955093,-0.013845589
2018-05-14 16:00,0,-0.022956529,-0.039384189,-0.01438072
2018-05-14 17:00,0,-0.022043498,-0.039056028,-0.017517485
2018-05-14 18:00,0,-0.023477488,-0.03916001,-0.019324611
2018-05-14 19:00,0,-0.023789848,-0.03910399,-0.018587709
2018-05-14 20:00,0,-0.022927159,-0.039617536,-0.0184707
2018-05-14 21:00,0,-0.022162692,-0.03880986,-0.01753726
2018-05-14 22:00,0,-0.022034561,-0.038033862,-0.016939561
2018-05-14 23:00,0,-0.021501669,-0.037457061,-0.016495256
2018-05-15 00:00,0,-0.021274825,-0.036760132,-0.016425641
2018-05-15 01:00,0,-0.021034155,-0.036710319,-0.016414188
2018-05-15 02:00,0,-0.021297387,-0.036448496,-0.016317535
2018-05-15 03:00,0,-0.02209385,-0.036956407,-0.016392402
2018-05-15 04:00,0,-0.023758846,-0.03812485,-0.017307597
2018-05-15 05:00,0,-0.025467824,-0.039939903,-0.01822135
2018-05-15 06:00,0,-0.026119146,-0.041160563,-0.019159471
2018-05-15 07:00,0,-0.026627257,-0.042277486,-0.019209441
2018-05-15 08:00,0,-0.027180268,-0.0420444,-0.018263073
2018-05-15 09:00,0,-0.025662903,-0.040662556,-0.01643819
2018-05-15 10:00,0,-0.022171344,-0.039113697,-0.015143678
2018-05-15 11:00,0,-0.025087699,-0.039758944,-0.015499061
2018-05-15 12:00,0,-0.026762023,-0.040934676,-0.017062249
2018-05-15 13:00,0,-0.026277697,-0.041461914,-0.017565244
2018-05-15 14:00,0,-0.025960059,-0.041031646,-0.016439306
2018-05-15 15:00,0,-0.024762499,-0.039899366,-0.01431203
2018-05-15 16:00,0,-0.022412911,-0.03913861,-0.01446562
2018-05-15 17:00,0,-0.021587908,-0.038646986,-0.017558308
2018-05-15 18:00,0,-0.023180905,-0.038951459,-0.019563474
2018-05-15 19:00,0,-0.023501261,-0.039141926,-0.019067941
2018-05-15 20:00,0,-0.022843825,-0.039536231,-0.018680384
2018-05-15 21:00,0,-0.022060353,-0.038644925,-0.01779383
2018-05-15 22:00,0,-0.022106147,-0.037635534,-0.017212562
2018-05-15 23:00,0,-0.021530082,-0.036772698,-0.016701277
2018-05-16 00:00,0,-0.021320388,-0.036044924,-0.016666474
2018-05-16 01:00,0,-0.021051029,-0.035876139,-0.016677752
2018-05-16 02:00,0,-0.02130523,-0.035785841,-0.016500537
2018-05-16 03:00,0,-0.02205437,-0.03593931,-0.016608544
2018-05-16 04:00,0,-0.023611694,-0.03665422,-0.017540938
2018-05-16 05:00,0,-0.02518174,-0.038365294,-0.018511085
2018-05-16 06:00,0,-0.025844652,-0.039649507,-0.019346019
2018-05-16 07:00,0,-0.026229536,-0.0407925,-0.019398806
2018-05-16 08:00,0,-0.026639408,-0.040598693,-0.018782261
2018-05-16 09:00,0,-0.025012184,-0.039564478,-0.016811252
2018-05-16 10:00,0,-0.02178604,-0.038437273,-0.015716474
2018-05-16 11:00,0,-0.024321563,-0.039457751,-0.015861083
2018-05-16 12:00,0,-0.0261211,-0.040575409,-0.017326911
2018-05-16 13:00,0,-0.025659001,-0.040831093,-0.018096665
2018-05-16 14:00,0,-0.025623609,-0.04046178,-0.016956898
2018-05-16 15:00,0,-0.024549527,-0.039007485,-0.014385945
2018-05-16 16:00,0,-0.022303577,-0.037737386,-0.014895175
2018-05-16 17:00,0,-0.021859861,-0.037027783,-0.017885358
2018-05-16 18:00,0,-0.023183472,-0.037548905,-0.020047776
2018-05-16 19:00,0,-0.023493378,-0.038174938,-0.019618675
2018-05-16 20:00,0,-0.023025121,-0.038633267,-0.019086759
2018-05-16 21:00,0,-0.022227491,-0.038132917,-0.018079624
2018-05-16 22:00,0,-0.022115412,-0.03728219,-0.017309139
2018-05-16 23:00,0,-0.021864533,-0.036285008,-0.016818517
2018-05-17 00:00,0,-0.021679777,-0.035673709,-0.016715391
2018-05-17 01:00,0,-0.02148332,-0.035522417,-0.016682574
2018-05-17 02:00,0,-0.021642816,-0.035835479,-0.016584775
2018-05-17 03:00,0,-0.022350259,-0.036290979,-0.01667612
2018-05-17 04:00,0,-0.023691767,-0.03724142,-0.017599629
2018-05-17 05:00,0,-0.025176451,-0.038538468,-0.018462591
2018-05-17 06:00,0,-0.025857841,-0.039816961,-0.01937217
2018-05-17 07:00,0,-0.026083344,-0.04076944,-0.019597584
2018-05-17 08:00,0,-0.026690647,-0.040469642,-0.018799948
2018-05-17 09:00,0,-0.025132543,-0.03929265,-0.016848389
2018-05-17 10:00,0,-0.022054893,-0.037654615,-0.015637034
2018-05-17 11:00,0,-0.024628769,-0.038554809,-0.016073736
2018-05-17 12:00,0,-0.026529781,-0.039753639,-0.017431856
2018-05-17 13:00,0,-0.026202869,-0.04001258,-0.017976873
2018-05-17 14:00,0,-0.026076529,-0.039512214,-0.016946514
2018-05-17 15:00,0,-0.024778966,-0.038652242,-0.014410333
2018-05-17 16:00,0,-0.022491292,-0.038053886,-0.014601918
2018-05-17 17:00,0,-0.021889048,-0.037664481,-0.017410879
2018-05-17 18:00,0,-0.023144628,-0.037837383,-0.019884186
2018-05-17 19:00,0,-0.023389606,-0.038104438,-0.019424653
2018-05-17 20:00,0,-0.02275682,-0.038944825,-0.01910318
2018-05-17 21:00,0,-0.022013702,-0.038572294,-0.018111817
2018-05-17 22:00,0,-0.022087388,-0.037759076,-0.017174524
2018-05-17 23:00,0,-0.021658358,-0.036785418,-0.016807496
2018-05-18 00:00,0,-0.021390579,-0.035945698,-0.016648974
2018-05-18 01:00,0,-0.021243056,-0.035891505,-0.016682274
2018-05-18 02:00,0,-0.021375087,-0.036060239,-0.016615218
2018-05-18 03:00,0,-0.022119604,-0.036208687,-0.016712634
2018-05-18 04:00,0,-0.023714064,-0.036884303,-0.017528723
2018-05-18 05:00,0,-0.025257173,-0.038068983,-0.018409783
2018-05-18 06:00,0,-0.025747569,-0.039165199,-0.019232393
2018-05-18 07:00,0,-0.026018742,-0.039976298,-0.01932109
2018-05-18 08:00,0,-0.026351937,-0.040037994,-0.018661411
2018-05-18 09:00,0,-0.024687357,-0.038879096,-0.0169114
2018-05-18 10:00,0,-0.021058626,-0.037562268,-0.016001547
2018-05-18 11:00,0,-0.023439352,-0.038207493,-0.015823083
2018-05-18 12:00,0,-0.025134737,-0.039032704,-0.017290774
2018-05-18 13:00,0,-0.02478838,-0.03907712,-0.018039325
2018-05-18 14:00,0,-0.024829672,-0.03871623,-0.016845708
2018-05-18 15:00,0,-0.023857637,-0.037775003,-0.014463125
2018-05-18 16:00,0,-0.021812786,-0.036592064,-0.014615652
2018-05-18 17:00,0,-0.021040911,-0.036158591,-0.017592362
2018-05-18 18:00,0,-0.022619177,-0.036638755,-0.01944638
2018-05-18 19:00,0,-0.023086096,-0.037171046,-0.018884825
2018-05-18 20:00,0,-0.022525915,-0.037867765,-0.018875583
2018-05-18 21:00,0,-0.021786775,-0.037505949,-0.018069626
2018-05-18 22:00,0,-0.02168245,-0.036836084,-0.017435384
2018-05-18 23:00,0,-0.02123716,-0.036063822,-0.01687193
2018-05-19 00:00,0,-0.020932169,-0.035220457,-0.016600895
2018-05-19 01:00,0,-0.020608721,-0.034871628,-0.016428314
2018-05-19 02:00,0,-0.020520928,-0.03467849,-0.015959142
2018-05-19 03:00,0,-0.02042136,-0.03411872,-0.015168336
2018-05-19 04:00,0,-0.020526654,-0.033317454,-0.015749612
2018-05-19 05:00,0,-0.021349482,-0.033215828,-0.016891581
2018-05-19 06:00,0,-0.021971133,-0.034639529,-0.018420249
2018-05-19 07:00,0,-0.02264622,-0.036334391,-0.018914952
2018-05-19 08:00,0,-0.023074987,-0.037090291,-0.018153265
2018-05-19 09:00,0,-0.021450466,-0.036282406,-0.016391377
2018-05-19 10:00,0,-0.018395288,-0.035432571,-0.015112253
2018-05-19 11:00,0,-0.020697811,-0.035921181,-0.014639284
2018-05-19 12:00,0,-0.022378778,-0.036680382,-0.016213756
2018-05-19 13:00,0,-0.02217141,-0.036653781,-0.016864882
2018-05-19 14:00,0,-0.022247955,-0.035967713,-0.016501467
2018-05-19 15:00,0,-0.021640311,-0.035403616,-0.014526386
2018-05-19 16:00,0,-0.020123631,-0.035284721,-0.014348685
2018-05-19 17:00,0,-0.019618964,-0.035284535,-0.016697294
2018-05-19 18:00,0,-0.020865774,-0.035576897,-0.018322905
2018-05-19 19:00,0,-0.021405571,-0.035879637,-0.018079413
2018-05-19 20:00,0,-0.021132523,-0.036356484,-0.017976004
2018-05-19 21:00,0,-0.020507211,-0.035980869,-0.017432696
2018-05-19 22:00,0,-0.020547261,-0.035403089,-0.016734351
2018-05-19 23:00,0,-0.02008287,-0.035214694,-0.016304395
2018-05-20 00:00,0,-0.019970075,-0.03461113,-0.016187623
2018-05-20 01:00,0,-0.01969087,-0.034300898,-0.015903812
2018-05-20 02:00,0,-0.019642196,-0.034136427,-0.01541143
2018-05-20 03:00,0,-0.019466627,-0.033556108,-0.01457893
2018-05-20 04:00,0,-0.019052896,-0.032651196,-0.014835772
2018-05-20 05:00,0,-0.01972959,-0.032811478,-0.016049417
2018-05-20 06:00,0,-0.020316635,-0.034033624,-0.01737881
2018-05-20 07:00,0,-0.021113999,-0.035367019,-0.017890061
2018-05-20 08:00,0,-0.021779616,-0.035516851,-0.017338343
2018-05-20 09:00,0,-0.020386666,-0.034664263,-0.015909025
2018-05-20 10:00,0,-0.017142202,-0.03361322,-0.014384113
2018-05-20 11:00,0,-0.019373996,-0.034034308,-0.01424036
2018-05-20 12:00,0,-0.021029427,-0.034689489,-0.015628495
2018-05-20 13:00,0,-0.020821336,-0.034987436,-0.016539236
2018-05-20 14:00,0,-0.020982468,-0.034679583,-0.016306026
2018-05-20 15:00,0,-0.020529963,-0.034095746,-0.014388145
2018-05-20 16:00,0,-0.018913015,-0.034364268,-0.014726287
2018-05-20 17:00,0,-0.018732246,-0.034893681,-0.01724537
2018-05-20 18:00,0,-0.020282589,-0.035627316,-0.019416092
2018-05-20 19:00,0,-0.021050601,-0.036456663,-0.018971411
2018-05-20 20:00,0,-0.020997796,-0.036815029,-0.018594204
2018-05-20 21:00,0,-0.020518086,-0.036549574,-0.017587786
2018-05-20 22:00,0,-0.020853101,-0.035924071,-0.016787196
2018-05-20 23:00,0,-0.020497517,-0.035485153,-0.016307663
2018-05-21 00:00,0,-0.020187459,-0.034991916,-0.016167747
2018-05-21 01:00,0,-0.019791629,-0.034474353,-0.016031331
2018-05-21 02:00,0,-0.019716564,-0.034248367,-0.015900922
2018-05-21 03:00,0,-0.019492828,-0.033677168,-0.016051472
2018-05-21 04:00,0,-0.019364312,-0.032637093,-0.017235975
2018-05-21 05:00,0,-0.020118141,-0.033116427,-0.018322976
2018-05-21 06:00,0,-0.020687054,-0.034094771,-0.019303643
2018-05-21 07:00,0,-0.021439652,-0.035518275,-0.019400198
2018-05-21 08:00,0,-0.02198665,-0.036011593,-0.018850493
2018-05-21 09:00,0,-0.020592891,-0.035617119,-0.017108314
2018-05-21 10:00,0,-0.017697041,-0.034934304,-0.015956899
2018-05-21 11:00,0,-0.019995651,-0.034856786,-0.015938867
2018-05-21 12:00,0,-0.0216169,-0.035369383,-0.017408887
2018-05-21 13:00,0,-0.021197265,-0.0355734,-0.017975125
2018-05-21 14:00,0,-0.021422463,-0.035550026,-0.016973476
2018-05-21 15:00,0,-0.020890061,-0.035350607,-0.014464646
2018-05-21 16:00,0,-0.019606356,-0.035558781,-0.014849379
2018-05-21 17:00,0,-0.019439721,-0.035658596,-0.017811466
2018-05-21 18:00,0,-0.021125565,-0.036361114,-0.019349779
2018-05-21 19:00,0,-0.021721012,-0.036508538,-0.018999156
2018-05-21 20:00,0,-0.021711551,-0.037144965,-0.018854867
2018-05-21 21:00,0,-0.021108513,-0.036679953,-0.017905732
2018-05-21 22:00,0,-0.021244679,-0.036128466,-0.017284573
2018-05-21 23:00,0,-0.020848621,-0.03561561,-0.016645614
2018-05-22 00:00,0,-0.020699435,-0.034866587,-0.016557844
2018-05-22 01:00,0,-0.020570579,-0.034978378,-0.016572142
2018-05-22 02:00,0,-0.020709021,-0.035025304,-0.01642145
2018-05-22 03:00,0,-0.021457142,-0.03538694,-0.016326378
2018-05-22 04:00,0,-0.023154492,-0.036650871,-0.017287798
2018-05-22 05:00,0,-0.024651689,-0.038194816,-0.018163074
2018-05-22 06:00,0,-0.025263226,-0.040062201,-0.019364934
2018-05-22 07:00,0,-0.025672054,-0.041657271,-0.019458353
2018-05-22 08:00,0,-0.026064372,-0.041587129,-0.018663233
2018-05-22 09:00,0,-0.024638732,-0.040592133,-0.016915968
2018-05-22 10:00,0,-0.021447847,-0.039567507,-0.015643524
2018-05-22 11:00,0,-0.024551025,-0.040614629,-0.015988521
2018-05-22 12:00,0,-0.026337689,-0.04164621,-0.017305126
2018-05-22 13:00,0,-0.025982178,-0.041356267,-0.018093835
2018-05-22 14:00,0,-0.025967885,-0.041046227,-0.016851735
2018-05-22 15:00,0,-0.024753855,-0.040489011,-0.01423213
2018-05-22 16:00,0,-0.022501978,-0.040041744,-0.014672503
2018-05-22 17:00,0,-0.02196381,-0.039640908,-0.017728025
2018-05-22 18:00,0,-0.023482654,-0.03954809,-0.019978727
2018-05-22 19:00,0,-0.023863522,-0.038969305,-0.019446775
2018-05-22 20:00,0,-0.023166377,-0.039057756,-0.019109583
2018-05-22 21:00,0,-0.022363272,-0.038661875,-0.018054011
2018-05-22 22:00,0,-0.022304807,-0.037694816,-0.01728683
2018-05-22 23:00,0,-0.021901016,-0.037167584,-0.016603264
2018-05-23 00:00,0,-0.021593566,-0.036554451,-0.016602697
2018-05-23 01:00,0,-0.02131965,-0.036310913,-0.016719766
2018-05-23 02:00,0,-0.021464672,-0.036399834,-0.016538016
2018-05-23 03:00,0,-0.0222265,-0.036651578,-0.016540172
2018-05-23 04:00,0,-0.023756973,-0.037550696,-0.017407339
2018-05-23 05:00,0,-0.02526266,-0.039438619,-0.018635308
2018-05-23 06:00,0,-0.025628055,-0.040830067,-0.019411531
2018-05-23 07:00,0,-0.025917626,-0.042349431,-0.019509016
2018-05-23 08:00,0,-0.026301922,-0.042400671,-0.018799011
2018-05-23 09:00,0,-0.024849006,-0.041419779,-0.01701847
2018-05-23 10:00,0,-0.021650823,-0.039995073,-0.016161522
2018-05-23 11:00,0,-0.024509508,-0.040891009,-0.01623416
2018-05-23 12:00,0,-0.026321615,-0.041541055,-0.017597885
2018-05-23 13:00,0,-0.025993983,-0.041640996,-0.018249062
2018-05-23 14:00,0,-0.026104252,-0.041092313,-0.017321635
2018-05-23 15:00,0,-0.024990517,-0.040291888,-0.014477888
2018-05-23 16:00,0,-0.022756187,-0.039622227,-0.014774665
2018-05-23 17:00,0,-0.022315249,-0.039137332,-0.017589519
2018-05-23 18:00,0,-0.023633536,-0.039331961,-0.019411586
2018-05-23 19:00,0,-0.024112432,-0.039234529,-0.019097089
2018-05-23 20:00,0,-0.023476438,-0.039154856,-0.018863342
2018-05-23 21:00,0,-0.02258367,-0.038428146,-0.018041673
2018-05-23 22:00,0,-0.022440718,-0.037277636,-0.017146157
2018-05-23 23:00,0,-0.02189343,-0.037164483,-0.016670493
2018-05-24 00:00,0,-0.021660117,-0.036820516,-0.016542823
2018-05-24 01:00,0,-0.021317418,-0.03677678,-0.016445842
2018-05-24 02:00,0,-0.021511857,-0.036475527,-0.015922442
2018-05-24 03:00,0,-0.022243841,-0.036428299,-0.015157237
2018-05-24 04:00,0,-0.023806179,-0.037324394,-0.015497523
2018-05-24 05:00,0,-0.02547486,-0.039194091,-0.01699981
2018-05-24 06:00,0,-0.026071674,-0.040574023,-0.018394189
2018-05-24 07:00,0,-0.026618651,-0.041789947,-0.018741369
2018-05-24 08:00,0,-0.026897343,-0.041838331,-0.018096147
2018-05-24 09:00,0,-0.025399946,-0.040701715,-0.016490768
2018-05-24 10:00,0,-0.022190855,-0.03931183,-0.014948373
2018-05-24 11:00,0,-0.024933344,-0.039905089,-0.014971424
2018-05-24 12:00,0,-0.026666273,-0.041379101,-0.016274921
2018-05-24 13:00,0,-0.026352326,-0.041911713,-0.01709376
2018-05-24 14:00,0,-0.026296636,-0.041672149,-0.016487376
2018-05-24 15:00,0,-0.025251529,-0.04101247,-0.014393896
2018-05-24 16:00,0,-0.023032093,-0.039983106,-0.01469931
2018-05-24 17:00,0,-0.022411184,-0.039689114,-0.01694715
2018-05-24 18:00,0,-0.023781511,-0.039831106,-0.018940898
2018-05-24 19:00,0,-0.024073097,-0.04009113,-0.018815801
2018-05-24 20:00,0,-0.023486499,-0.040059422,-0.018676357
2018-05-24 21:00,0,-0.022594931,-0.039175888,-0.017882024
2018-05-24 22:00,0,-0.022623559,-0.038218368,-0.017045876
2018-05-24 23:00,0,-0.022161213,-0.037492164,-0.016568665
2018-05-25 00:00,0,-0.021903906,-0.036732684,-0.016352849
2018-05-25 01:00,0,-0.021671806,-0.036629712,-0.016352475
2018-05-25 02:00,0,-0.021885183,-0.03671863,-0.016093221
2018-05-25 03:00,0,-0.022644491,-0.037076669,-0.015921214
2018-05-25 04:00,0,-0.024279192,-0.037991244,-0.016779096
2018-05-25 05:00,0,-0.02608225,-0.039734368,-0.017855588
2018-05-25 06:00,0,-0.026675062,-0.041227375,-0.018998045
2018-05-25 07:00,0,-0.026979292,-0.042257999,-0.019303697
2018-05-25 08:00,0,-0.027239468,-0.042014976,-0.018664994
2018-05-25 09:00,0,-0.025661189,-0.041075718,-0.016799071
2018-05-25 10:00,0,-0.022049728,-0.03981687,-0.015711347
2018-05-25 11:00,0,-0.024451007,-0.040463004,-0.015848428
2018-05-25 12:00,0,-0.026114173,-0.041390307,-0.017184831
2018-05-25 13:00,0,-0.025735716,-0.041221857,-0.017732708
2018-05-25 14:00,0,-0.025729051,-0.040445979,-0.01665338
2018-05-25 15:00,0,-0.024535816,-0.039638854,-0.014557061
2018-05-25 16:00,0,-0.022238141,-0.038633988,-0.014481514
2018-05-25 17:00,0,-0.021564425,-0.038329354,-0.017242138
2018-05-25 18:00,0,-0.022897118,-0.03863801,-0.019294767
2018-05-25 19:00,0,-0.023463858,-0.038659735,-0.018977048
2018-05-25 20:00,0,-0.023058703,-0.03957485,-0.018906482
2018-05-25 21:00,0,-0.022218252,-0.038756534,-0.017588842
2018-05-25 22:00,0,-0.022139668,-0.03785841,-0.016945437
2018-05-25 23:00,0,-0.02162716,-0.036941862,-0.016495987
2018-05-26 00:00,0,-0.021290026,-0.036309814,-0.016329328
2018-05-26 01:00,0,-0.020979591,-0.035762269,-0.016254722
2018-05-26 02:00,0,-0.020823093,-0.03556508,-0.015784555
2018-05-26 03:00,0,-0.020832007,-0.035224023,-0.014966832
2018-05-26 04:00,0,-0.021041412,-0.034491931,-0.015330369
2018-05-26 05:00,0,-0.021941199,-0.035261657,-0.016178028
2018-05-26 06:00,0,-0.022780193,-0.036920671,-0.017318485
2018-05-26 07:00,0,-0.023429389,-0.038349581,-0.017581205
2018-05-26 08:00,0,-0.023760439,-0.038723636,-0.016895326
2018-05-26 09:00,0,-0.022208937,-0.03786271,-0.015291317
2018-05-26 10:00,0,-0.018909569,-0.036547475,-0.014075444
2018-05-26 11:00,0,-0.021399977,-0.036734088,-0.014066346
2018-05-26 12:00,0,-0.022935713,-0.037528866,-0.01555851
2018-05-26 13:00,0,-0.022611823,-0.037796855,-0.016201096
2018-05-26 14:00,0,-0.02264784,-0.037659354,-0.016014771
2018-05-26 15:00,0,-0.021943705,-0.036977067,-0.014115597
2018-05-26 16:00,0,-0.020464518,-0.036480202,-0.014187214
2018-05-26 17:00,0,-0.01996309,-0.036423989,-0.016557787
2018-05-26 18:00,0,-0.021635487,-0.036660037,-0.018279388
2018-05-26 19:00,0,-0.022143902,-0.036582755,-0.017970138
2018-05-26 20:00,0,-0.021941897,-0.037290935,-0.017995446
2018-05-26 21:00,0,-0.021276008,-0.036832875,-0.017916348
2018-05-26 22:00,0,-0.021190273,-0.036110272,-0.017043468
2018-05-26 23:00,0,-0.020657777,-0.035237855,-0.0166938
2018-05-27 00:00,0,-0.020450282,-0.034843312,-0.016564448
2018-05-27 01:00,0,-0.020120664,-0.034486066,-0.016349859
2018-05-27 02:00,0,-0.019965494,-0.03405322,-0.015802339
2018-05-27 03:00,0,-0.019660338,-0.033585254,-0.014887005
2018-05-27 04:00,0,-0.01946474,-0.032933165,-0.015147222
2018-05-27 05:00,0,-0.02024706,-0.033490255,-0.016392115
2018-05-27 06:00,0,-0.020793068,-0.035024337,-0.017839797
2018-05-27 07:00,0,-0.021606715,-0.036688353,-0.018533888
2018-05-27 08:00,0,-0.022064818,-0.037127362,-0.01785263
2018-05-27 09:00,0,-0.020753905,-0.036129147,-0.016381753
2018-05-27 10:00,0,-0.017780298,-0.035544578,-0.014795234
2018-05-27 11:00,0,-0.020136645,-0.035502652,-0.014864418
2018-05-27 12:00,0,-0.021909205,-0.036440295,-0.016309692
2018-05-27 13:00,0,-0.021783271,-0.036475908,-0.017029704
2018-05-27 14:00,0,-0.022051025,-0.036500566,-0.016824079
2018-05-27 15:00,0,-0.021320018,-0.035954524,-0.014924764
2018-05-27 16:00,0,-0.020270377,-0.035879084,-0.015337181
2018-05-27 17:00,0,-0.019877295,-0.036447784,-0.017701847
2018-05-27 18:00,0,-0.021535371,-0.03707095,-0.019679857
2018-05-27 19:00,0,-0.022173435,-0.037442,-0.019293221
2018-05-27 20:00,0,-0.022183059,-0.037601077,-0.018974186
2018-05-27 21:00,0,-0.021621286,-0.037001125,-0.017866603
2018-05-27 22:00,0,-0.021721887,-0.036320044,-0.016982499
2018-05-27 23:00,0,-0.02138273,-0.036172914,-0.016487551
2018-05-28 00:00,0,-0.021248949,-0.035767254,-0.016400357
2018-05-28 01:00,0,-0.020991425,-0.035567022,-0.016351979
2018-05-28 02:00,0,-0.021196018,-0.035535573,-0.016200003
2018-05-28 03:00,0,-0.021888602,-0.035898374,-0.016530092
2018-05-28 04:00,0,-0.023615687,-0.037354198,-0.017772457
2018-05-28 05:00,0,-0.025437592,-0.039344207,-0.01881973
2018-05-28 06:00,0,-0.026131495,-0.041086911,-0.019867431
2018-05-28 07:00,0,-0.02646191,-0.042515916,-0.020028082
2018-05-28 08:00,0,-0.026822568,-0.04257738,-0.019182053
2018-05-28 09:00,0,-0.025290557,-0.041547202,-0.017334915
2018-05-28 10:00,0,-0.022067325,-0.040267809,-0.016200147
2018-05-28 11:00,0,-0.024934197,-0.040995492,-0.016185369
2018-05-28 12:00,0,-0.026739846,-0.042343302,-0.017748301
2018-05-28 13:00,0,-0.026457399,-0.04239463,-0.018501393
2018-05-28 14:00,0,-0.026403309,-0.041914571,-0.017166184
2018-05-28 15:00,0,-0.025324206,-0.04086991,-0.014799514
2018-05-28 16:00,0,-0.023063501,-0.039936666,-0.014659157
2018-05-28 17:00,0,-0.022414626,-0.039353065,-0.017719687
2018-05-28 18:00,0,-0.023786283,-0.039555976,-0.019992027
2018-05-28 19:00,0,-0.024325254,-0.038929899,-0.019656651
2018-05-28 20:00,0,-0.023650541,-0.039065523,-0.019409614
2018-05-28 21:00,0,-0.022766606,-0.038540831,-0.018300715
2018-05-28 22:00,0,-0.022636527,-0.037506623,-0.017477505
2018-05-28 23:00,0,-0.022111505,-0.037071128,-0.016977424
2018-05-29 00:00,0,-0.021790757,-0.036786054,-0.016966012
2018-05-29 01:00,0,-0.021532808,-0.036570207,-0.016924613
2018-05-29 02:00,0,-0.021779556,-0.036602956,-0.01671249
2018-05-29 03:00,0,-0.022467515,-0.036897766,-0.016711134
2018-05-29 04:00,0,-0.02407467,-0.037481707,-0.017703417
2018-05-29 05:00,0,-0.025869192,-0.039430092,-0.018636171
2018-05-29 06:00,0,-0.026461091,-0.040883115,-0.019611601
2018-05-29 07:00,0,-0.026824551,-0.042456883,-0.019765584
2018-05-29 08:00,0,-0.027113156,-0.042683677,-0.019021475
2018-05-29 09:00,0,-0.025610554,-0.041926299,-0.016989623
2018-05-29 10:00,0,-0.022307096,-0.04057832,-0.016342468
2018-05-29 11:00,0,-0.025456705,-0.041508243,-0.016315882
2018-05-29 12:00,0,-0.027094501,-0.042618207,-0.01765296
2018-05-29 13:00,0,-0.026787788,-0.04265723,-0.018367553
2018-05-29 14:00,0,-0.026606396,-0.041725684,-0.017290667
2018-05-29 15:00,0,-0.025465206,-0.040406261,-0.014656756
2018-05-29 16:00,0,-0.02332743,-0.039702958,-0.014668391
2018-05-29 17:00,0,-0.02280135,-0.03929734,-0.017589331
2018-05-29 18:00,0,-0.023966242,-0.039661684,-0.019717558
2018-05-29 19:00,0,-0.024363876,-0.039758529,-0.01961571
2018-05-29 20:00,0,-0.023743088,-0.039666393,-0.019229483
2018-05-29 21:00,0,-0.022824139,-0.039220381,-0.018217354
2018-05-29 22:00,0,-0.022650339,-0.038408613,-0.017655053
2018-05-29 23:00,0,-0.02214711,-0.037537742,-0.01711014
2018-05-30 00:00,0,-0.02186615,-0.036737728,-0.016874565
2018-05-30 01:00,0,-0.021669318,-0.03700061,-0.016784856
2018-05-30 02:00,0,-0.021868186,-0.037190633,-0.016685854
2018-05-30 03:00,0,-0.022624906,-0.037315311,-0.016796669
2018-05-30 04:00,0,-0.024223879,-0.038038669,-0.017734096
2018-05-30 05:00,0,-0.025910737,-0.040143395,-0.018758836
2018-05-30 06:00,0,-0.026575802,-0.041534401,-0.019753441
2018-05-30 07:00,0,-0.026823047,-0.042788703,-0.0198513
2018-05-30 08:00,0,-0.027158998,-0.042819268,-0.019247394
2018-05-30 09:00,0,-0.02540077,-0.041768552,-0.017491238
2018-05-30 10:00,0,-0.022281334,-0.040509266,-0.016110337
2018-05-30 11:00,0,-0.024851359,-0.041261539,-0.016299133
2018-05-30 12:00,0,-0.026756642,-0.04242943,-0.018168125
2018-05-30 13:00,0,-0.026384478,-0.0428943,-0.018753992
2018-05-30 14:00,0,-0.026216531,-0.041780694,-0.017494528
2018-05-30 15:00,0,-0.025209061,-0.040623309,-0.014997305
2018-05-30 16:00,0,-0.023051515,-0.039741914,-0.015125909
2018-05-30 17:00,0,-0.022268469,-0.039443959,-0.017963948
2018-05-30 18:00,0,-0.023594338,-0.039750787,-0.020303669
2018-05-30 19:00,0,-0.0240543,-0.039688406,-0.020134822
2018-05-30 20:00,0,-0.023513182,-0.040232867,-0.019705015
2018-05-30 21:00,0,-0.02254271,-0.039326048,-0.018535818
2018-05-30 22:00,0,-0.022314855,-0.038497104,-0.017738205
2018-05-30 23:00,0,-0.021653564,-0.037747292,-0.017211064
2018-05-31 00:00,0,-0.021345877,-0.037316543,-0.017104376
2018-05-31 01:00,0,-0.020894163,-0.03691893,-0.017065763
2018-05-31 02:00,0,-0.020718213,-0.03685263,-0.016953708
2018-05-31 03:00,0,-0.020298372,-0.036830073,-0.017051508
2018-05-31 04:00,0,-0.020097264,-0.037812292,-0.017834592
2018-05-31 05:00,0,-0.021107666,-0.039828155,-0.018737265
2018-05-31 06:00,0,-0.021703199,-0.041212936,-0.01951803
2018-05-31 07:00,0,-0.022252662,-0.042624106,-0.019870501
2018-05-31 08:00,0,-0.022745603,-0.042741164,-0.019396068
2018-05-31 09:00,0,-0.021416966,-0.041414786,-0.017641975
2018-05-31 10:00,0,-0.018348087,-0.040125917,-0.016396898
2018-05-31 11:00,0,-0.020626187,-0.041252735,-0.0167976
2018-05-31 12:00,0,-0.022313661,-0.042552194,-0.017896965
2018-05-31 13:00,0,-0.022224483,-0.04261743,-0.018650135
2018-05-31 14:00,0,-0.022508448,-0.042080021,-0.017608683
2018-05-31 15:00,0,-0.021981076,-0.041276153,-0.015135857
2018-05-31 16:00,0,-0.020538706,-0.040505936,-0.015231636
2018-05-31 17:00,0,-0.020268928,-0.040202576,-0.018251795
2018-05-31 18:00,0,-0.021505901,-0.040331295,-0.020462254
2018-05-31 19:00,0,-0.022315047,-0.04018527,-0.020239692
2018-05-31 20:00,0,-0.022139691,-0.040426428,-0.019689028
2018-05-31 21:00,0,-0.021505712,-0.039923817,-0.018536559
2018-05-31 22:00,0,-0.021500566,-0.038998502,-0.017827349
2018-05-31 23:00,0,-0.021010599,-0.038255,-0.017282729
2018-06-01 00:00,0,-0.020853198,-0.037578391,-0.01720348
2018-06-01 01:00,0,-0.020547964,-0.037307669,-0.017094985
2018-06-01 02:00,0,-0.02069566,-0.037099912,-0.016964356
2018-06-01 03:00,0,-0.021169716,-0.037168247,-0.016820102
2018-06-01 04:00,0,-0.022590025,-0.037988942,-0.017708743
2018-06-01 05:00,0,-0.024076557,-0.040066441,-0.018646027
2018-06-01 06:00,0,-0.024949363,-0.041570155,-0.019788848
2018-06-01 07:00,0,-0.025493554,-0.042923716,-0.019967714
2018-06-01 08:00,0,-0.025711654,-0.042964747,-0.019385653
2018-06-01 09:00,0,-0.024299278,-0.04203681,-0.017766044
2018-06-01 10:00,0,-0.021014553,-0.040565831,-0.016713972
2018-06-01 11:00,0,-0.023531665,-0.041049426,-0.017116252
2018-06-01 12:00,0,-0.025235303,-0.042214429,-0.01828438
2018-06-01 13:00,0,-0.02471155,-0.04213351,-0.018854363
2018-06-01 14:00,0,-0.024768793,-0.041455957,-0.017714891
2018-06-01 15:00,0,-0.02370652,-0.040160501,-0.014920797
2018-06-01 16:00,0,-0.021617318,-0.039177519,-0.015073138
2018-06-01 17:00,0,-0.020973027,-0.038866316,-0.017758453
2018-06-01 18:00,0,-0.022500795,-0.039342375,-0.019948287
2018-06-01 19:00,0,-0.023009356,-0.039165711,-0.019925599
2018-06-01 20:00,0,-0.022663949,-0.039327531,-0.01969859
2018-06-01 21:00,0,-0.021826878,-0.0384743,-0.018850069
2018-06-01 22:00,0,-0.021710708,-0.037740724,-0.018055557
2018-06-01 23:00,0,-0.021119744,-0.037445955,-0.017454733
2018-06-02 00:00,0,-0.020829043,-0.036442475,-0.017233259
2018-06-02 01:00,0,-0.020513836,-0.036098341,-0.017124811
2018-06-02 02:00,0,-0.020454294,-0.035793129,-0.016657092
2018-06-02 03:00,0,-0.020596176,-0.034969169,-0.015902381
2018-06-02 04:00,0,-0.020853357,-0.034439143,-0.016442848
2018-06-02 05:00,0,-0.021685801,-0.035076854,-0.017622303
2018-06-02 06:00,0,-0.022443694,-0.036677847,-0.018888587
2018-06-02 07:00,0,-0.02318779,-0.038293886,-0.01930029
2018-06-02 08:00,0,-0.023659075,-0.038869281,-0.018520872
2018-06-02 09:00,0,-0.022063307,-0.037959468,-0.017047466
2018-06-02 10:00,0,-0.018806051,-0.03700978,-0.015515704
2018-06-02 11:00,0,-0.021273871,-0.037367614,-0.015460315
2018-06-02 12:00,0,-0.022882596,-0.038116622,-0.016791215
2018-06-02 13:00,0,-0.022707119,-0.038314338,-0.017275275
2018-06-02 14:00,0,-0.022709091,-0.037794842,-0.017192381
2018-06-02 15:00,0,-0.022099126,-0.037106241,-0.015290001
2018-06-02 16:00,0,-0.020506772,-0.036890744,-0.015488409
2018-06-02 17:00,0,-0.020006475,-0.036843271,-0.017465632
2018-06-02 18:00,0,-0.021104486,-0.03702817,-0.018927107
2018-06-02 19:00,0,-0.021797547,-0.037172307,-0.018789772
2018-06-02 20:00,0,-0.021654824,-0.03759372,-0.018609198
2018-06-02 21:00,0,-0.021056201,-0.037312713,-0.018105232
2018-06-02 22:00,0,-0.021035956,-0.036785564,-0.017393453
2018-06-02 23:00,0,-0.020577098,-0.036236636,-0.016785838
2018-06-03 00:00,0,-0.020354731,-0.035541034,-0.016727629
2018-06-03 01:00,0,-0.020006155,-0.03526974,-0.016559862
2018-06-03 02:00,0,-0.019860379,-0.034747091,-0.016081723
2018-06-03 03:00,0,-0.019604947,-0.034287551,-0.015310138
2018-06-03 04:00,0,-0.019300672,-0.033553122,-0.015475932
2018-06-03 05:00,0,-0.019960332,-0.033755895,-0.016578695
2018-06-03 06:00,0,-0.020489336,-0.03505269,-0.017888763
2018-06-03 07:00,0,-0.021289872,-0.0365348,-0.018604155
2018-06-03 08:00,0,-0.021860138,-0.037012664,-0.017927352
2018-06-03 09:00,0,-0.020511007,-0.036004973,-0.016517541
2018-06-03 10:00,0,-0.017485167,-0.035298452,-0.01516783
2018-06-03 11:00,0,-0.019706067,-0.035577409,-0.014940246
2018-06-03 12:00,0,-0.021471941,-0.036276602,-0.016368921
2018-06-03 13:00,0,-0.021210005,-0.036557234,-0.017136748
2018-06-03 14:00,0,-0.021332539,-0.036350794,-0.017127906
2018-06-03 15:00,0,-0.020881368,-0.036084183,-0.015213553
2018-06-03 16:00,0,-0.019538538,-0.035775605,-0.015188141
2018-06-03 17:00,0,-0.019499327,-0.036489692,-0.017888501
2018-06-03 18:00,0,-0.021025284,-0.037055589,-0.019609956
2018-06-03 19:00,0,-0.021943218,-0.03715415,-0.01942625
2018-06-03 20:00,0,-0.022050113,-0.037675554,-0.018982989
2018-06-03 21:00,0,-0.021372616,-0.037365104,-0.018129923
2018-06-03 22:00,0,-0.021517286,-0.036502089,-0.017394317
2018-06-03 23:00,0,-0.021083107,-0.036000599,-0.016937477
2018-06-04 00:00,0,-0.020966666,-0.035480213,-0.016761942
2018-06-04 01:00,0,-0.020749606,-0.035206518,-0.016540099
2018-06-04 02:00,0,-0.020885381,-0.035349197,-0.016372057
2018-06-04 03:00,0,-0.021645565,-0.035632656,-0.016814086
2018-06-04 04:00,0,-0.023472,-0.03703827,-0.017986508
2018-06-04 05:00,0,-0.025273284,-0.039252906,-0.019240034
2018-06-04 06:00,0,-0.025905837,-0.040794197,-0.020405607
2018-06-04 07:00,0,-0.026375718,-0.042041055,-0.020711998
2018-06-04 08:00,0,-0.026785582,-0.042291837,-0.020048744
2018-06-04 09:00,0,-0.025182671,-0.041137953,-0.018222819
2018-06-04 10:00,0,-0.022044051,-0.040086891,-0.017184925
2018-06-04 11:00,0,-0.02502713,-0.040839198,-0.017415912
2018-06-04 12:00,0,-0.026795355,-0.041955867,-0.018746281
2018-06-04 13:00,0,-0.026516437,-0.041927331,-0.019212923
2018-06-04 14:00,0,-0.026442179,-0.041426601,-0.017979905
2018-06-04 15:00,0,-0.025254315,-0.040349347,-0.015260828
2018-06-04 16:00,0,-0.023308809,-0.039737696,-0.015372704
2018-06-04 17:00,0,-0.022450388,-0.03931587,-0.018338986
2018-06-04 18:00,0,-0.023780672,-0.039345366,-0.020273037
2018-06-04 19:00,0,-0.024273391,-0.039026132,-0.01962564
2018-06-04 20:00,0,-0.023690011,-0.039360831,-0.019431649
2018-06-04 21:00,0,-0.022804203,-0.038796648,-0.018477814
2018-06-04 22:00,0,-0.022497907,-0.037797601,-0.017921474
2018-06-04 23:00,0,-0.022010446,-0.037321376,-0.01735385
2018-06-05 00:00,0,-0.021748234,-0.036724772,-0.017064322
2018-06-05 01:00,0,-0.021466323,-0.036880579,-0.017048785
2018-06-05 02:00,0,-0.021678008,-0.036715314,-0.016863009
2018-06-05 03:00,0,-0.022369425,-0.036979627,-0.016851387
2018-06-05 04:00,0,-0.023931588,-0.037872007,-0.017808578
2018-06-05 05:00,0,-0.025561425,-0.039938787,-0.019199067
2018-06-05 06:00,0,-0.026060865,-0.04136041,-0.020421354
2018-06-05 07:00,0,-0.026388217,-0.042505916,-0.020598909
2018-06-05 08:00,0,-0.026774389,-0.042390584,-0.020283241
2018-06-05 09:00,0,-0.025238347,-0.041149835,-0.01830245
2018-06-05 10:00,0,-0.022153935,-0.03958178,-0.017241632
2018-06-05 11:00,0,-0.024936006,-0.040582125,-0.017316602
2018-06-05 12:00,0,-0.026716292,-0.041600868,-0.018820693
2018-06-05 13:00,0,-0.026361916,-0.041717333,-0.019341604
2018-06-05 14:00,0,-0.0263135,-0.041233666,-0.01819404
2018-06-05 15:00,0,-0.02518846,-0.04019448,-0.015460518
2018-06-05 16:00,0,-0.023004848,-0.039668781,-0.015301989
2018-06-05 17:00,0,-0.022421343,-0.039125943,-0.018073127
2018-06-05 18:00,0,-0.023736428,-0.039148221,-0.020506471
2018-06-05 19:00,0,-0.024302417,-0.038623576,-0.020401212
2018-06-05 20:00,0,-0.023730502,-0.039071394,-0.019949667
2018-06-05 21:00,0,-0.022738986,-0.038694709,-0.018613687
2018-06-05 22:00,0,-0.022587701,-0.037936504,-0.017929982
2018-06-05 23:00,0,-0.022257823,-0.037388597,-0.017493521
2018-06-06 00:00,0,-0.021926459,-0.036686554,-0.017328534
2018-06-06 01:00,0,-0.021649311,-0.036455189,-0.017225403
2018-06-06 02:00,0,-0.021805877,-0.036434602,-0.017023826
2018-06-06 03:00,0,-0.022343267,-0.036561565,-0.017084526
2018-06-06 04:00,0,-0.023784297,-0.037576039,-0.018073977
2018-06-06 05:00,0,-0.02540637,-0.039563319,-0.019448529
2018-06-06 06:00,0,-0.025979363,-0.040912386,-0.020648885
2018-06-06 07:00,0,-0.026296804,-0.042123772,-0.021069578
2018-06-06 08:00,0,-0.026659975,-0.04221608,-0.020308741
2018-06-06 09:00,0,-0.025285142,-0.041436947,-0.01868581
2018-06-06 10:00,0,-0.022060472,-0.040326584,-0.017294307
2018-06-06 11:00,0,-0.025115494,-0.040883738,-0.017149407
2018-06-06 12:00,0,-0.026984813,-0.04235898,-0.018700474
2018-06-06 13:00,0,-0.026576276,-0.042814409,-0.019210177
2018-06-06 14:00,0,-0.026534875,-0.042085878,-0.01800333
2018-06-06 15:00,0,-0.025329774,-0.041168529,-0.015660657
2018-06-06 16:00,0,-0.023087536,-0.040154903,-0.015482612
2018-06-06 17:00,0,-0.022374563,-0.03977903,-0.018390759
2018-06-06 18:00,0,-0.023640778,-0.039805955,-0.020410761
2018-06-06 19:00,0,-0.024232415,-0.039672804,-0.020199644
2018-06-06 20:00,0,-0.02369459,-0.039830067,-0.01969243
2018-06-06 21:00,0,-0.02272997,-0.039243884,-0.018730663
2018-06-06 22:00,0,-0.022534583,-0.038301009,-0.017974894
2018-06-06 23:00,0,-0.022001183,-0.037898406,-0.017498785
2018-06-07 00:00,0,-0.021720406,-0.037822751,-0.01727315
2018-06-07 01:00,0,-0.021547597,-0.037121421,-0.017254895
2018-06-07 02:00,0,-0.021586906,-0.037469807,-0.017180557
2018-06-07 03:00,0,-0.022285238,-0.037175176,-0.017090871
2018-06-07 04:00,0,-0.023967162,-0.03791622,-0.018067453
2018-06-07 05:00,0,-0.025586568,-0.03980909,-0.019349545
2018-06-07 06:00,0,-0.026214983,-0.041014259,-0.020712957
2018-06-07 07:00,0,-0.026584917,-0.042460973,-0.020843485
2018-06-07 08:00,0,-0.027053789,-0.042860914,-0.020157057
2018-06-07 09:00,0,-0.025559894,-0.042188404,-0.018367157
2018-06-07 10:00,0,-0.022325516,-0.040120007,-0.01631173
2018-06-07 11:00,0,-0.024940577,-0.041081114,-0.017402414
2018-06-07 12:00,0,-0.02671494,-0.042297044,-0.01876156
2018-06-07 13:00,0,-0.026372499,-0.042591975,-0.019327554
2018-06-07 14:00,0,-0.026338048,-0.04223528,-0.018006742
2018-06-07 15:00,0,-0.025328496,-0.041571157,-0.015417329
2018-06-07 16:00,0,-0.023432232,-0.040733911,-0.015640994
2018-06-07 17:00,0,-0.022419082,-0.040212925,-0.01817983
2018-06-07 18:00,0,-0.023865461,-0.040408618,-0.02043006
2018-06-07 19:00,0,-0.024230882,-0.040003871,-0.020344068
2018-06-07 20:00,0,-0.023758341,-0.040250521,-0.019920595
2018-06-07 21:00,0,-0.022912985,-0.039643628,-0.01896212
2018-06-07 22:00,0,-0.022813153,-0.038819777,-0.018120817
2018-06-07 23:00,0,-0.022241707,-0.038090203,-0.017527028
2018-06-08 00:00,0,-0.021934096,-0.037165596,-0.017470866
2018-06-08 01:00,0,-0.021680872,-0.037055148,-0.017381804
2018-06-08 02:00,0,-0.02182486,-0.037265725,-0.017303946
2018-06-08 03:00,0,-0.02262661,-0.037084941,-0.017353178
2018-06-08 04:00,0,-0.024149094,-0.037976265,-0.0183002
2018-06-08 05:00,0,-0.025847152,-0.039935634,-0.019641152
2018-06-08 06:00,0,-0.026585229,-0.041483589,-0.020848903
2018-06-08 07:00,0,-0.02695371,-0.042478239,-0.020945143
2018-06-08 08:00,0,-0.02732271,-0.042644247,-0.020296001
2018-06-08 09:00,0,-0.025525919,-0.041674653,-0.018618411
2018-06-08 10:00,0,-0.022231755,-0.039935603,-0.017704551
2018-06-08 11:00,0,-0.024674855,-0.040608074,-0.017927435
2018-06-08 12:00,0,-0.026543118,-0.041703811,-0.019090424
2018-06-08 13:00,0,-0.026122847,-0.041787429,-0.019616265
2018-06-08 14:00,0,-0.026113943,-0.041104056,-0.018497685
2018-06-08 15:00,0,-0.025157231,-0.039860313,-0.015687551
2018-06-08 16:00,0,-0.022895534,-0.039089368,-0.015360632
2018-06-08 17:00,0,-0.02212076,-0.038547101,-0.018325777
2018-06-08 18:00,0,-0.023423234,-0.038892965,-0.020458646
2018-06-08 19:00,0,-0.023864196,-0.038953183,-0.020351912
2018-06-08 20:00,0,-0.023484395,-0.039162172,-0.021422314
2018-06-08 21:00,0,-0.022709065,-0.038748534,-0.019126834
2018-06-08 22:00,0,-0.022715647,-0.037805061,-0.018337801
2018-06-08 23:00,0,-0.022041804,-0.037215935,-0.017786293
2018-06-09 00:00,0,-0.021670889,-0.036496777,-0.017582995
2018-06-09 01:00,0,-0.021279142,-0.035967116,-0.0174215
2018-06-09 02:00,0,-0.021113328,-0.035782696,-0.016907272
2018-06-09 03:00,0,-0.021005387,-0.035109611,-0.016231519
2018-06-09 04:00,0,-0.021256582,-0.034510833,-0.016586621
2018-06-09 05:00,0,-0.022297896,-0.035227097,-0.017881375
2018-06-09 06:00,0,-0.023065484,-0.036841916,-0.019393253
2018-06-09 07:00,0,-0.023845384,-0.038490742,-0.019922576
2018-06-09 08:00,0,-0.024259625,-0.039137856,-0.019259772
2018-06-09 09:00,0,-0.022703523,-0.038059401,-0.017825458
2018-06-09 10:00,0,-0.019659209,-0.037350071,-0.016508328
2018-06-09 11:00,0,-0.021883841,-0.03753707,-0.016368356
2018-06-09 12:00,0,-0.023408716,-0.038469621,-0.01762487
2018-06-09 13:00,0,-0.023173497,-0.038504169,-0.018464175
2018-06-09 14:00,0,-0.023195835,-0.038121128,-0.017716586
2018-06-09 15:00,0,-0.022577546,-0.03728023,-0.016009448
2018-06-09 16:00,0,-0.02083963,-0.036882415,-0.015853075
2018-06-09 17:00,0,-0.020250223,-0.036792162,-0.017995804
2018-06-09 18:00,0,-0.021645839,-0.036791063,-0.019434231
2018-06-09 19:00,0,-0.022328366,-0.037206449,-0.019348113
2018-06-09 20:00,0,-0.022258473,-0.037497556,-0.019274454
2018-06-09 21:00,0,-0.02153955,-0.037408347,-0.018384453
2018-06-09 22:00,0,-0.021558377,-0.036579079,-0.017617765
2018-06-09 23:00,0,-0.021013136,-0.035933056,-0.017183147
2018-06-10 00:00,0,-0.02063967,-0.035237997,-0.017028427
2018-06-10 01:00,0,-0.020222546,-0.035062607,-0.016837645
2018-06-10 02:00,0,-0.020041791,-0.034975656,-0.016314869
2018-06-10 03:00,0,-0.019707298,-0.034165554,-0.015590708
2018-06-10 04:00,0,-0.019559223,-0.033412191,-0.01577225
2018-06-10 05:00,0,-0.020390401,-0.033703403,-0.0169773
2018-06-10 06:00,0,-0.020944943,-0.035032474,-0.0185006
2018-06-10 07:00,0,-0.021697495,-0.036533711,-0.019281901
2018-06-10 08:00,0,-0.022269842,-0.036998447,-0.018698202
2018-06-10 09:00,0,-0.021011062,-0.036549553,-0.017332937
2018-06-10 10:00,0,-0.017925368,-0.035649119,-0.015908789
2018-06-10 11:00,0,-0.020314039,-0.035679414,-0.015822915
2018-06-10 12:00,0,-0.02200317,-0.036514813,-0.016999149
2018-06-10 13:00,0,-0.021776791,-0.03655799,-0.017990825
2018-06-10 14:00,0,-0.021965517,-0.035951915,-0.017678365
2018-06-10 15:00,0,-0.021434589,-0.035662125,-0.015679071
2018-06-10 16:00,0,-0.020123479,-0.035548445,-0.01588107
2018-06-10 17:00,0,-0.019992314,-0.036046289,-0.018505367
2018-06-10 18:00,0,-0.021718804,-0.036893399,-0.020165908
2018-06-10 19:00,0,-0.022514544,-0.03710645,-0.020087932
2018-06-10 20:00,0,-0.022704998,-0.037492121,-0.01963945
2018-06-10 21:00,0,-0.02196405,-0.036794459,-0.018414941
2018-06-10 22:00,0,-0.021911132,-0.036131493,-0.017637488
2018-06-10 23:00,0,-0.021382374,-0.035925648,-0.017105503
2018-06-11 00:00,0,-0.021246623,-0.035243601,-0.01695674
2018-06-11 01:00,0,-0.021087789,-0.035187493,-0.016778213
2018-06-11 02:00,0,-0.021272583,-0.035308864,-0.016415904
2018-06-11 03:00,0,-0.022132543,-0.035344349,-0.016734075
2018-06-11 04:00,0,-0.024090659,-0.036586221,-0.018258198
2018-06-11 05:00,0,-0.025828565,-0.038848192,-0.019474835
2018-06-11 06:00,0,-0.026552157,-0.040467896,-0.020725304
2018-06-11 07:00,0,-0.027040217,-0.041972849,-0.020955119
2018-06-11 08:00,0,-0.02749735,-0.041922763,-0.020391269
2018-06-11 09:00,0,-0.025914132,-0.040744864,-0.018762489
2018-06-11 10:00,0,-0.022669314,-0.039215386,-0.017709937
2018-06-11 11:00,0,-0.025528839,-0.039950338,-0.018029573
2018-06-11 12:00,0,-0.027288142,-0.041148733,-0.019321806
2018-06-11 13:00,0,-0.026937933,-0.041470154,-0.01998616
2018-06-11 14:00,0,-0.026791674,-0.041126031,-0.01852752
2018-06-11 15:00,0,-0.02578705,-0.040244966,-0.016144742
2018-06-11 16:00,0,-0.023589301,-0.039735979,-0.015911473
2018-06-11 17:00,0,-0.022947998,-0.039064917,-0.018570301
2018-06-11 18:00,0,-0.024199044,-0.038879536,-0.020870502
2018-06-11 19:00,0,-0.024802815,-0.038322954,-0.020746946
2018-06-11 20:00,0,-0.024137632,-0.038470651,-0.02013466
2018-06-11 21:00,0,-0.023251514,-0.03797027,-0.019038427
2018-06-11 22:00,0,-0.023043207,-0.037027899,-0.018104957
2018-06-11 23:00,0,-0.022503488,-0.036558124,-0.017564927
2018-06-12 00:00,0,-0.022146112,-0.035930336,-0.017321238
2018-06-12 01:00,0,-0.021881963,-0.035529247,-0.0174699
2018-06-12 02:00,0,-0.02208673,-0.035612621,-0.017103008
2018-06-12 03:00,0,-0.022709426,-0.035748499,-0.017197642
2018-06-12 04:00,0,-0.024330519,-0.036813236,-0.018278813
2018-06-12 05:00,0,-0.025960898,-0.038562949,-0.019639843
2018-06-12 06:00,0,-0.026579814,-0.040227461,-0.020822329
2018-06-12 07:00,0,-0.02705498,-0.041695673,-0.021169046
2018-06-12 08:00,0,-0.027475683,-0.041842001,-0.02058038
2018-06-12 09:00,0,-0.025857263,-0.041069928,-0.018800254
2018-06-12 10:00,0,-0.022790459,-0.03969349,-0.017914628
2018-06-12 11:00,0,-0.025481507,-0.040368662,-0.01832449
2018-06-12 12:00,0,-0.027457847,-0.041314679,-0.019708648
2018-06-12 13:00,0,-0.027293456,-0.041357063,-0.02040866
2018-06-12 14:00,0,-0.027230022,-0.041047956,-0.018871296
2018-06-12 15:00,0,-0.026037445,-0.040165669,-0.016452083
2018-06-12 16:00,0,-0.023496092,-0.039483625,-0.016368558
2018-06-12 17:00,0,-0.022684222,-0.03903729,-0.019135927
2018-06-12 18:00,0,-0.023946119,-0.038880638,-0.021028424
2018-06-12 19:00,0,-0.024148848,-0.038398591,-0.020866223
2018-06-12 20:00,0,-0.023690535,-0.038651071,-0.020489975
2018-06-12 21:00,0,-0.022860846,-0.038325286,-0.019345865
2018-06-12 22:00,0,-0.022729563,-0.037434657,-0.018447327
2018-06-12 23:00,0,-0.02217158,-0.036684485,-0.017919664
2018-06-13 00:00,0,-0.022040129,-0.036129199,-0.017745026
2018-06-13 01:00,0,-0.021796069,-0.036144113,-0.017716654
2018-06-13 02:00,0,-0.021942547,-0.035993387,-0.017530361
2018-06-13 03:00,0,-0.022602342,-0.03614718,-0.017507878
2018-06-13 04:00,0,-0.024078336,-0.037153444,-0.018556562
2018-06-13 05:00,0,-0.025873001,-0.038670689,-0.019743343
2018-06-13 06:00,0,-0.02654269,-0.040107686,-0.021091965
2018-06-13 07:00,0,-0.026980498,-0.041304591,-0.021549498
2018-06-13 08:00,0,-0.0276415,-0.04133725,-0.021141849
2018-06-13 09:00,0,-0.026141299,-0.040628676,-0.019413899
2018-06-13 10:00,0,-0.022946027,-0.039291581,-0.018061546
2018-06-13 11:00,0,-0.025635807,-0.040062419,-0.018686707
2018-06-13 12:00,0,-0.027553706,-0.041125901,-0.020198763
2018-06-13 13:00,0,-0.027168969,-0.041215267,-0.020591667
2018-06-13 14:00,0,-0.0269472,-0.040749576,-0.018975803
2018-06-13 15:00,0,-0.025946381,-0.039732563,-0.016616525
2018-06-13 16:00,0,-0.02356908,-0.039088625,-0.016484192
2018-06-13 17:00,0,-0.022721112,-0.038785887,-0.019188217
2018-06-13 18:00,0,-0.023724968,-0.038858066,-0.020933801
2018-06-13 19:00,0,-0.02419328,-0.038562427,-0.020637845
2018-06-13 20:00,0,-0.023661104,-0.038877183,-0.020152394
2018-06-13 21:00,0,-0.022830848,-0.038352489,-0.019053293
2018-06-13 22:00,0,-0.022724616,-0.037758968,-0.018411707
2018-06-13 23:00,0,-0.022141795,-0.037160938,-0.017859954
2018-06-14 00:00,0,-0.021888954,-0.036579987,-0.017585401
2018-06-14 01:00,0,-0.021622676,-0.036402278,-0.017572302
2018-06-14 02:00,0,-0.02185914,-0.03631839,-0.017394113
2018-06-14 03:00,0,-0.022549139,-0.036116684,-0.017335968
2018-06-14 04:00,0,-0.024020466,-0.036666674,-0.018327707
2018-06-14 05:00,0,-0.025636873,-0.038324714,-0.019669953
2018-06-14 06:00,0,-0.02631879,-0.039775071,-0.0207307
2018-06-14 07:00,0,-0.026593148,-0.040726286,-0.021145231
2018-06-14 08:00,0,-0.026996219,-0.040658118,-0.020476128
2018-06-14 09:00,0,-0.025470294,-0.03984866,-0.018817654
2018-06-14 10:00,0,-0.02201119,-0.038539713,-0.017605438
2018-06-14 11:00,0,-0.024636873,-0.039308613,-0.017829893
2018-06-14 12:00,0,-0.02637564,-0.040751044,-0.019167652
2018-06-14 13:00,0,-0.026033872,-0.041094292,-0.019622296
2018-06-14 14:00,0,-0.025844662,-0.040599726,-0.018486906
2018-06-14 15:00,0,-0.024806141,-0.040350694,-0.015940701
2018-06-14 16:00,0,-0.022482207,-0.039885039,-0.015936291
2018-06-14 17:00,0,-0.021979666,-0.039122163,-0.01849281
2018-06-14 18:00,0,-0.023330069,-0.039309995,-0.020444879
2018-06-14 19:00,0,-0.023800028,-0.038828125,-0.020555818
2018-06-14 20:00,0,-0.023369163,-0.039013154,-0.020033482
2018-06-14 21:00,0,-0.022531932,-0.038653766,-0.018941882
2018-06-14 22:00,0,-0.022443772,-0.03773391,-0.018136786
2018-06-14 23:00,0,-0.02198414,-0.037116384,-0.01766895
2018-06-15 00:00,0,-0.02171563,-0.036531434,-0.01748421
2018-06-15 01:00,0,-0.021430443,-0.036389099,-0.017438605
2018-06-15 02:00,0,-0.021696713,-0.036533136,-0.017303128
2018-06-15 03:00,0,-0.022258981,-0.036596119,-0.017219621
2018-06-15 04:00,0,-0.023638413,-0.037861315,-0.018227373
2018-06-15 05:00,0,-0.025215681,-0.039413303,-0.019517378
2018-06-15 06:00,0,-0.025724986,-0.040638841,-0.020617354
2018-06-15 07:00,0,-0.026098475,-0.04192288,-0.020810985
2018-06-15 08:00,0,-0.026421758,-0.041879293,-0.020150752
2018-06-15 09:00,0,-0.024664232,-0.040841785,-0.01840561
2018-06-15 10:00,0,-0.021344992,-0.039710869,-0.017233322
2018-06-15 11:00,0,-0.024038772,-0.040198786,-0.017473709
2018-06-15 12:00,0,-0.025583054,-0.040982663,-0.018685535
2018-06-15 13:00,0,-0.025006359,-0.041141805,-0.019086298
2018-06-15 14:00,0,-0.024976406,-0.040492736,-0.018069653
2018-06-15 15:00,0,-0.023875145,-0.039488716,-0.015736768
2018-06-15 16:00,0,-0.021830367,-0.03856986,-0.015619527
2018-06-15 17:00,0,-0.021013428,-0.037834212,-0.018112631
2018-06-15 18:00,0,-0.022398427,-0.0380619,-0.019749916
2018-06-15 19:00,0,-0.023053323,-0.037826608,-0.019588925
2018-06-15 20:00,0,-0.022688474,-0.038692863,-0.019587667
2018-06-15 21:00,0,-0.022086398,-0.038344612,-0.018773013
2018-06-15 22:00,0,-0.021953099,-0.037522595,-0.017989827
2018-06-15 23:00,0,-0.021463521,-0.036960739,-0.01734797
2018-06-16 00:00,0,-0.021101666,-0.036029986,-0.017163231
2018-06-16 01:00,0,-0.020760512,-0.035738105,-0.01697129
2018-06-16 02:00,0,-0.020723509,-0.035423089,-0.016511366
2018-06-16 03:00,0,-0.020569349,-0.034577671,-0.015784476
2018-06-16 04:00,0,-0.020734877,-0.034177839,-0.016242405
2018-06-16 05:00,0,-0.021615695,-0.034975973,-0.017592265
2018-06-16 06:00,0,-0.022501239,-0.036473527,-0.019026569
2018-06-16 07:00,0,-0.023289503,-0.037721025,-0.019701716
2018-06-16 08:00,0,-0.023797541,-0.038581766,-0.019195284
2018-06-16 09:00,0,-0.022379505,-0.037194278,-0.017397129
2018-06-16 10:00,0,-0.019176877,-0.036311061,-0.016036281
2018-06-16 11:00,0,-0.021511501,-0.036447294,-0.016054842
2018-06-16 12:00,0,-0.02310348,-0.037433252,-0.017393782
2018-06-16 13:00,0,-0.022853855,-0.037342878,-0.017927372
2018-06-16 14:00,0,-0.022712947,-0.036879292,-0.017778949
2018-06-16 15:00,0,-0.022001424,-0.03618336,-0.015509588
2018-06-16 16:00,0,-0.020246507,-0.036204557,-0.01540234
2018-06-16 17:00,0,-0.019584776,-0.035748468,-0.017402611
2018-06-16 18:00,0,-0.021027157,-0.035724776,-0.018907195
2018-06-16 19:00,0,-0.021615908,-0.035742432,-0.018987642
2018-06-16 20:00,0,-0.021527597,-0.036355774,-0.018966675
2018-06-16 21:00,0,-0.020934519,-0.036054875,-0.018279945
2018-06-16 22:00,0,-0.020946966,-0.035356164,-0.017402141
2018-06-16 23:00,0,-0.020508641,-0.03474748,-0.016769052
2018-06-17 00:00,0,-0.020396008,-0.034124036,-0.016712894
2018-06-17 01:00,0,-0.020147658,-0.033776493,-0.016707483
2018-06-17 02:00,0,-0.020088437,-0.033446906,-0.016169006
2018-06-17 03:00,0,-0.019722262,-0.032823689,-0.015384788
2018-06-17 04:00,0,-0.019517418,-0.032403932,-0.015554869
2018-06-17 05:00,0,-0.02028931,-0.032662275,-0.01673303
2018-06-17 06:00,0,-0.020935345,-0.033739203,-0.018316497
2018-06-17 07:00,0,-0.021707588,-0.035201071,-0.01905237
2018-06-17 08:00,0,-0.022172804,-0.035926056,-0.018399951
2018-06-17 09:00,0,-0.020765705,-0.035322579,-0.017184967
2018-06-17 10:00,0,-0.017884262,-0.035242297,-0.015750143
2018-06-17 11:00,0,-0.020543834,-0.035702588,-0.015963385
2018-06-17 12:00,0,-0.02202173,-0.03613134,-0.017134389
2018-06-17 13:00,0,-0.021600363,-0.036004012,-0.017926866
2018-06-17 14:00,0,-0.021817564,-0.035758802,-0.0176052
2018-06-17 15:00,0,-0.021263766,-0.035194919,-0.016028165
2018-06-17 16:00,0,-0.019925775,-0.035338508,-0.015740155
2018-06-17 17:00,0,-0.019706478,-0.035659281,-0.018071282
2018-06-17 18:00,0,-0.02110386,-0.036305345,-0.019641353
2018-06-17 19:00,0,-0.021966755,-0.036335526,-0.019406331
2018-06-17 20:00,0,-0.022057048,-0.036797815,-0.01928743
2018-06-17 21:00,0,-0.021493684,-0.036047712,-0.018264472
2018-06-17 22:00,0,-0.021533061,-0.035722334,-0.017430901
2018-06-17 23:00,0,-0.021313739,-0.035449618,-0.016707301
2018-06-18 00:00,0,-0.02112729,-0.034877251,-0.016573693
2018-06-18 01:00,0,-0.020924346,-0.034662874,-0.016513824
2018-06-18 02:00,0,-0.021116664,-0.034661499,-0.016344451
2018-06-18 03:00,0,-0.021915364,-0.035115829,-0.01656566
2018-06-18 04:00,0,-0.023623747,-0.036489968,-0.017923495
2018-06-18 05:00,0,-0.025412785,-0.03862842,-0.019273058
2018-06-18 06:00,0,-0.026109486,-0.040155821,-0.020244002
2018-06-18 07:00,0,-0.026475177,-0.041437363,-0.020575995
2018-06-18 08:00,0,-0.026905625,-0.041388099,-0.020031216
2018-06-18 09:00,0,-0.025310568,-0.040902489,-0.018384928
2018-06-18 10:00,0,-0.022201124,-0.039607071,-0.01747471
2018-06-18 11:00,0,-0.02494332,-0.040053835,-0.01764041
2018-06-18 12:00,0,-0.026727223,-0.041019255,-0.018975482
2018-06-18 13:00,0,-0.026390403,-0.04101319,-0.019423705
2018-06-18 14:00,0,-0.026249436,-0.040297153,-0.018181937
2018-06-18 15:00,0,-0.025206568,-0.038953594,-0.015681383
2018-06-18 16:00,0,-0.02280921,-0.03781022,-0.015589125
2018-06-18 17:00,0,-0.022340046,-0.037611775,-0.018163647
2018-06-18 18:00,0,-0.023572022,-0.038027591,-0.020034747
2018-06-18 19:00,0,-0.024153276,-0.037711038,-0.019872307
2018-06-18 20:00,0,-0.023598339,-0.038278357,-0.019569673
2018-06-18 21:00,0,-0.022692588,-0.037840925,-0.018394173
2018-06-18 22:00,0,-0.022669468,-0.036944968,-0.017822031
2018-06-18 23:00,0,-0.022221241,-0.036129301,-0.017235306
2018-06-19 00:00,0,-0.021924396,-0.035585043,-0.017039492
2018-06-19 01:00,0,-0.02163662,-0.035469853,-0.017062119
2018-06-19 02:00,0,-0.021806769,-0.035667093,-0.016763179
2018-06-19 03:00,0,-0.022494831,-0.035631363,-0.016869232
2018-06-19 04:00,0,-0.023921814,-0.036895427,-0.017900277
2018-06-19 05:00,0,-0.025553548,-0.039125897,-0.019185662
2018-06-19 06:00,0,-0.026378276,-0.04067121,-0.020399265
2018-06-19 07:00,0,-0.026636683,-0.042051263,-0.020654239
2018-06-19 08:00,0,-0.026960804,-0.042409899,-0.020224398
2018-06-19 09:00,0,-0.025487221,-0.041470247,-0.018440023
2018-06-19 10:00,0,-0.021866749,-0.040151365,-0.017450556
2018-06-19 11:00,0,-0.024952667,-0.040951298,-0.017513799
2018-06-19 12:00,0,-0.02669349,-0.041941,-0.018959587
2018-06-19 13:00,0,-0.026326827,-0.042081672,-0.019663134
2018-06-19 14:00,0,-0.026262168,-0.041523413,-0.018338223
2018-06-19 15:00,0,-0.024997825,-0.040304494,-0.015678101
2018-06-19 16:00,0,-0.022920963,-0.039695826,-0.015642789
2018-06-19 17:00,0,-0.022414912,-0.03904212,-0.018416636
2018-06-19 18:00,0,-0.023557128,-0.039108871,-0.020480203
2018-06-19 19:00,0,-0.024163509,-0.038918871,-0.02037874
2018-06-19 20:00,0,-0.023791504,-0.03918216,-0.020081871
2018-06-19 21:00,0,-0.022759098,-0.038848939,-0.01883936
2018-06-19 22:00,0,-0.022598221,-0.037956982,-0.018111765
2018-06-19 23:00,0,-0.022174545,-0.037202307,-0.017478045
2018-06-20 00:00,0,-0.021819241,-0.03658075,-0.017353812
2018-06-20 01:00,0,-0.021588258,-0.036364297,-0.017418525
2018-06-20 02:00,0,-0.021809765,-0.036426406,-0.017233301
2018-06-20 03:00,0,-0.022490552,-0.03643482,-0.017087708
2018-06-20 04:00,0,-0.023964105,-0.037305965,-0.018252545
2018-06-20 05:00,0,-0.025667052,-0.039349683,-0.019478687
2018-06-20 06:00,0,-0.026238413,-0.040848466,-0.020698345
2018-06-20 07:00,0,-0.026594295,-0.041856753,-0.021044576
2018-06-20 08:00,0,-0.027055431,-0.041748811,-0.02071425
2018-06-20 09:00,0,-0.025471187,-0.040777959,-0.018975165
2018-06-20 10:00,0,-0.022174144,-0.039516277,-0.017933465
2018-06-20 11:00,0,-0.024933643,-0.040537115,-0.018174267
2018-06-20 12:00,0,-0.026803776,-0.041668354,-0.019458287
2018-06-20 13:00,0,-0.026556343,-0.04183775,-0.019860567
2018-06-20 14:00,0,-0.026410438,-0.041303603,-0.018613621
2018-06-20 15:00,0,-0.025439003,-0.040456965,-0.015954337
2018-06-20 16:00,0,-0.023353698,-0.039596989,-0.015927438
2018-06-20 17:00,0,-0.022640909,-0.039083526,-0.018825006
2018-06-20 18:00,0,-0.023936196,-0.039304614,-0.020910419
2018-06-20 19:00,0,-0.024612788,-0.039026141,-0.020961732
2018-06-20 20:00,0,-0.024171284,-0.039647189,-0.020439759
2018-06-20 21:00,0,-0.023155277,-0.038849483,-0.019218443
2018-06-20 22:00,0,-0.023054301,-0.03766633,-0.018426598
2018-06-20 23:00,0,-0.022542507,-0.037242716,-0.017696531
2018-06-21 00:00,0,-0.022228089,-0.036612061,-0.017462258
2018-06-21 01:00,0,-0.02193121,-0.036356244,-0.017485443
2018-06-21 02:00,0,-0.022095582,-0.036253728,-0.017298512
2018-06-21 03:00,0,-0.022703985,-0.036272089,-0.017274819
2018-06-21 04:00,0,-0.024396544,-0.037066164,-0.018247294
2018-06-21 05:00,0,-0.026004637,-0.038550047,-0.019636276
2018-06-21 06:00,0,-0.026623004,-0.039742704,-0.020885585
2018-06-21 07:00,0,-0.027092342,-0.041242277,-0.021321098
2018-06-21 08:00,0,-0.027571661,-0.041216796,-0.021000397
2018-06-21 09:00,0,-0.025951936,-0.040078392,-0.019094643
2018-06-21 10:00,0,-0.022693608,-0.038527801,-0.018056921
2018-06-21 11:00,0,-0.025482543,-0.039008831,-0.018311757
2018-06-21 12:00,0,-0.027296415,-0.0401623,-0.019729894
2018-06-21 13:00,0,-0.027124553,-0.040625933,-0.020281425
2018-06-21 14:00,0,-0.027085411,-0.040404611,-0.019122664
2018-06-21 15:00,0,-0.026169609,-0.039650561,-0.01643115
2018-06-21 16:00,0,-0.023929706,-0.038779035,-0.016307701
2018-06-21 17:00,0,-0.023263816,-0.038171427,-0.019156638
2018-06-21 18:00,0,-0.024495717,-0.038120436,-0.021022866
2018-06-21 19:00,0,-0.0248155,-0.037873139,-0.020726732
2018-06-21 20:00,0,-0.024264145,-0.038871641,-0.020268109
2018-06-21 21:00,0,-0.023523898,-0.038623778,-0.019320979
2018-06-21 22:00,0,-0.023308576,-0.037874689,-0.018479619
2018-06-21 23:00,0,-0.022637638,-0.036850212,-0.017778288
2018-06-22 00:00,0,-0.022338468,-0.035827758,-0.017495882
2018-06-22 01:00,0,-0.022080201,-0.035761572,-0.017638757
2018-06-22 02:00,0,-0.022241975,-0.036111601,-0.017462749
2018-06-22 03:00,0,-0.022850532,-0.035858368,-0.017392749
2018-06-22 04:00,0,-0.024162418,-0.036870861,-0.018446184
2018-06-22 05:00,0,-0.025699918,-0.038454193,-0.01974001
2018-06-22 06:00,0,-0.026343795,-0.03970136,-0.02094324
2018-06-22 07:00,0,-0.026689945,-0.040820838,-0.021443677
2018-06-22 08:00,0,-0.027069643,-0.040753235,-0.020935432
2018-06-22 09:00,0,-0.025324474,-0.039694305,-0.019324427
2018-06-22 10:00,0,-0.022000053,-0.038479846,-0.018367066
2018-06-22 11:00,0,-0.0245363,-0.039255588,-0.018465333
2018-06-22 12:00,0,-0.026137757,-0.040109303,-0.019750215
2018-06-22 13:00,0,-0.025908763,-0.04037895,-0.020179624
2018-06-22 14:00,0,-0.025856394,-0.040088923,-0.01884387
2018-06-22 15:00,0,-0.024705314,-0.038819032,-0.016171935
2018-06-22 16:00,0,-0.022534542,-0.038003176,-0.016232482
2018-06-22 17:00,0,-0.021720012,-0.037508801,-0.018485321
2018-06-22 18:00,0,-0.0228322,-0.03753203,-0.02050279
2018-06-22 19:00,0,-0.02348621,-0.037465531,-0.020216434
2018-06-22 20:00,0,-0.023238025,-0.038222753,-0.020127231
2018-06-22 21:00,0,-0.02255948,-0.037974256,-0.018967323
2018-06-22 22:00,0,-0.022371241,-0.037451181,-0.018253208
2018-06-22 23:00,0,-0.021743557,-0.036778683,-0.017568885
2018-06-23 00:00,0,-0.021430705,-0.035692189,-0.017287915
2018-06-23 01:00,0,-0.021042688,-0.035403252,-0.017096549
2018-06-23 02:00,0,-0.020944828,-0.034829995,-0.016614917
2018-06-23 03:00,0,-0.02078281,-0.034061751,-0.015883144
2018-06-23 04:00,0,-0.020870529,-0.033902809,-0.016286098
2018-06-23 05:00,0,-0.021636282,-0.034455281,-0.017573216
2018-06-23 06:00,0,-0.022450516,-0.035846259,-0.019028279
2018-06-23 07:00,0,-0.023236537,-0.037509472,-0.019599031
2018-06-23 08:00,0,-0.023782059,-0.037957416,-0.019188857
2018-06-23 09:00,0,-0.022272925,-0.037116953,-0.017332273
2018-06-23 10:00,0,-0.019307962,-0.03595321,-0.015683566
2018-06-23 11:00,0,-0.021373245,-0.036501438,-0.015432463
2018-06-23 12:00,0,-0.0229246,-0.037060108,-0.016640239
2018-06-23 13:00,0,-0.022645343,-0.037263685,-0.017480797
2018-06-23 14:00,0,-0.022615016,-0.036844869,-0.017021071
2018-06-23 15:00,0,-0.021948838,-0.036250572,-0.014876686
2018-06-23 16:00,0,-0.020260959,-0.035679008,-0.014598623
2018-06-23 17:00,0,-0.019879727,-0.035734779,-0.017095641
2018-06-23 18:00,0,-0.020884634,-0.035965836,-0.018623172
2018-06-23 19:00,0,-0.021404562,-0.035620729,-0.018733009
2018-06-23 20:00,0,-0.021287061,-0.036307705,-0.019010103
2018-06-23 21:00,0,-0.020724994,-0.036260762,-0.018145667
2018-06-23 22:00,0,-0.020763504,-0.035812531,-0.017316999
2018-06-23 23:00,0,-0.020312717,-0.035246771,-0.016830889
2018-06-24 00:00,0,-0.020032036,-0.034754927,-0.016642605
2018-06-24 01:00,0,-0.019644734,-0.034222816,-0.016444545
2018-06-24 02:00,0,-0.019524417,-0.034133036,-0.015809718
2018-06-24 03:00,0,-0.019239561,-0.033363581,-0.014976447
2018-06-24 04:00,0,-0.018977529,-0.032569546,-0.015182998
2018-06-24 05:00,0,-0.019713405,-0.032813018,-0.016393087
2018-06-24 06:00,0,-0.020484802,-0.034079142,-0.018042167
2018-06-24 07:00,0,-0.021406272,-0.035585719,-0.018724782
2018-06-24 08:00,0,-0.022199686,-0.036070507,-0.018054831
2018-06-24 09:00,0,-0.020904073,-0.035266226,-0.016725682
2018-06-24 10:00,0,-0.017984734,-0.03477329,-0.015489389
2018-06-24 11:00,0,-0.019967907,-0.035132811,-0.015485892
2018-06-24 12:00,0,-0.021563292,-0.035932229,-0.01637095
2018-06-24 13:00,0,-0.021286635,-0.035990865,-0.01719445
2018-06-24 14:00,0,-0.021455298,-0.035568005,-0.016738861
2018-06-24 15:00,0,-0.020910443,-0.034901418,-0.015124342
2018-06-24 16:00,0,-0.019602273,-0.034905879,-0.015147485
2018-06-24 17:00,0,-0.019496852,-0.035521482,-0.017664822
2018-06-24 18:00,0,-0.020794736,-0.036284984,-0.019473775
2018-06-24 19:00,0,-0.021591084,-0.036130105,-0.019428197
2018-06-24 20:00,0,-0.021690475,-0.036429159,-0.01913267
2018-06-24 21:00,0,-0.021135889,-0.036531633,-0.017989099
2018-06-24 22:00,0,-0.021262528,-0.035974108,-0.017171457
2018-06-24 23:00,0,-0.02086444,-0.035645601,-0.016763052
2018-06-25 00:00,0,-0.0207778,-0.03526743,-0.016552191
2018-06-25 01:00,0,-0.020605185,-0.034888751,-0.016459868
2018-06-25 02:00,0,-0.020878001,-0.035148032,-0.016293005
2018-06-25 03:00,0,-0.02175861,-0.035590654,-0.016534722
2018-06-25 04:00,0,-0.023271614,-0.036699203,-0.017828454
2018-06-25 05:00,0,-0.025178687,-0.038723229,-0.019178232
2018-06-25 06:00,0,-0.02594633,-0.0401361,-0.020268387
2018-06-25 07:00,0,-0.026354412,-0.041596279,-0.020322227
2018-06-25 08:00,0,-0.026868302,-0.041642932,-0.019935318
2018-06-25 09:00,0,-0.025341553,-0.040647195,-0.018099991
2018-06-25 10:00,0,-0.02205188,-0.039390771,-0.016933597
2018-06-25 11:00,0,-0.024683129,-0.040214239,-0.017048298
2018-06-25 12:00,0,-0.02627263,-0.041542563,-0.018512981
2018-06-25 13:00,0,-0.025744448,-0.041549654,-0.019108285
2018-06-25 14:00,0,-0.025552469,-0.041127099,-0.017814612
2018-06-25 15:00,0,-0.02448467,-0.040204009,-0.015105714
2018-06-25 16:00,0,-0.022386555,-0.039435364,-0.015150824
2018-06-25 17:00,0,-0.021803716,-0.039022226,-0.017948466
2018-06-25 18:00,0,-0.022900701,-0.039175177,-0.020095683
2018-06-25 19:00,0,-0.023458501,-0.038600533,-0.020126256
2018-06-25 20:00,0,-0.02306649,-0.039124725,-0.019783144
2018-06-25 21:00,0,-0.022342357,-0.038710972,-0.0185814
2018-06-25 22:00,0,-0.0222428,-0.03808164,-0.017822427
2018-06-25 23:00,0,-0.021823398,-0.037127397,-0.017283901
2018-06-26 00:00,0,-0.021563802,-0.03648573,-0.017129421
2018-06-26 01:00,0,-0.021324101,-0.036287206,-0.017093225
2018-06-26 02:00,0,-0.021507239,-0.036119385,-0.016729194
2018-06-26 03:00,0,-0.022160085,-0.036156909,-0.016749581
2018-06-26 04:00,0,-0.023699709,-0.037185799,-0.017576373
2018-06-26 05:00,0,-0.025180398,-0.039055797,-0.018884628
2018-06-26 06:00,0,-0.025808382,-0.040573382,-0.020086538
2018-06-26 07:00,0,-0.026134273,-0.041868814,-0.020242101
2018-06-26 08:00,0,-0.026526177,-0.041753627,-0.019693482
2018-06-26 09:00,0,-0.025048189,-0.040509926,-0.017947665
2018-06-26 10:00,0,-0.021687709,-0.039205941,-0.016815847
2018-06-26 11:00,0,-0.024604518,-0.040173371,-0.016968854
2018-06-26 12:00,0,-0.026223956,-0.041405317,-0.01832438
2018-06-26 13:00,0,-0.025981233,-0.041617148,-0.019009152
2018-06-26 14:00,0,-0.025889687,-0.040955309,-0.018082216
2018-06-26 15:00,0,-0.024926696,-0.040049829,-0.015681054
2018-06-26 16:00,0,-0.022802569,-0.039090886,-0.016037517
2018-06-26 17:00,0,-0.021915095,-0.038749437,-0.018285445
2018-06-26 18:00,0,-0.023249653,-0.0392468,-0.019758732
2018-06-26 19:00,0,-0.023720844,-0.039036436,-0.019401932
2018-06-26 20:00,0,-0.023262278,-0.039545008,-0.019395713
2018-06-26 21:00,0,-0.022380177,-0.039105087,-0.018478324
2018-06-26 22:00,0,-0.022331037,-0.038464832,-0.017834257
2018-06-26 23:00,0,-0.021992176,-0.037630983,-0.017197607
2018-06-27 00:00,0,-0.021642871,-0.036967025,-0.016941934
2018-06-27 01:00,0,-0.021344482,-0.036962787,-0.016916583
2018-06-27 02:00,0,-0.021555698,-0.036944835,-0.016766211
2018-06-27 03:00,0,-0.022165752,-0.03673167,-0.016773508
2018-06-27 04:00,0,-0.023565599,-0.037727241,-0.017742696
2018-06-27 05:00,0,-0.025248183,-0.039486172,-0.019203316
2018-06-27 06:00,0,-0.025827196,-0.041039793,-0.020501506
2018-06-27 07:00,0,-0.026213185,-0.042262139,-0.020891316
2018-06-27 08:00,0,-0.026572854,-0.042279163,-0.020183937
2018-06-27 09:00,0,-0.025103406,-0.041257128,-0.018351464
2018-06-27 10:00,0,-0.021771639,-0.040371885,-0.017125523
2018-06-27 11:00,0,-0.024469906,-0.040637821,-0.017310813
2018-06-27 12:00,0,-0.026296824,-0.042082841,-0.018755647
2018-06-27 13:00,0,-0.025994658,-0.042105359,-0.019517172
2018-06-27 14:00,0,-0.025990108,-0.041826554,-0.018507104
2018-06-27 15:00,0,-0.024774136,-0.040824465,-0.015523754
2018-06-27 16:00,0,-0.0224432,-0.039840971,-0.015934023
2018-06-27 17:00,0,-0.022088713,-0.039295127,-0.018351427
2018-06-27 18:00,0,-0.023267635,-0.039613117,-0.02008851
2018-06-27 19:00,0,-0.023662092,-0.039389062,-0.019954362
2018-06-27 20:00,0,-0.02324637,-0.039923801,-0.019754356
2018-06-27 21:00,0,-0.022589352,-0.039374529,-0.018708645
2018-06-27 22:00,0,-0.022599068,-0.037991105,-0.018046494
2018-06-27 23:00,0,-0.022065924,-0.037277269,-0.017464035
2018-06-28 00:00,0,-0.021734498,-0.036768896,-0.017205108
2018-06-28 01:00,0,-0.021546426,-0.036609131,-0.017165756
2018-06-28 02:00,0,-0.021753443,-0.036956537,-0.016961211
2018-06-28 03:00,0,-0.022397844,-0.036897061,-0.01698135
2018-06-28 04:00,0,-0.023928993,-0.037870127,-0.017953652
2018-06-28 05:00,0,-0.025873257,-0.039787743,-0.01935987
2018-06-28 06:00,0,-0.026767227,-0.041397371,-0.020701713
2018-06-28 07:00,0,-0.027248902,-0.042607196,-0.021146547
2018-06-28 08:00,0,-0.027753542,-0.042582819,-0.020355799
2018-06-28 09:00,0,-0.026348875,-0.040962012,-0.018689615
2018-06-28 10:00,0,-0.022759323,-0.03984672,-0.017479363
2018-06-28 11:00,0,-0.025507904,-0.040744634,-0.017703938
2018-06-28 12:00,0,-0.027228254,-0.042017651,-0.018791275
2018-06-28 13:00,0,-0.026839581,-0.042125707,-0.019214786
2018-06-28 14:00,0,-0.026710683,-0.042082309,-0.01795148
2018-06-28 15:00,0,-0.025417704,-0.040938462,-0.015542933
2018-06-28 16:00,0,-0.023299996,-0.039661443,-0.016040775
2018-06-28 17:00,0,-0.022368287,-0.039151262,-0.018339903
2018-06-28 18:00,0,-0.023441213,-0.039000006,-0.020239314
2018-06-28 19:00,0,-0.023862151,-0.038711448,-0.01999723
2018-06-28 20:00,0,-0.02330671,-0.039237599,-0.019838508
2018-06-28 21:00,0,-0.022456903,-0.039388367,-0.018843278
2018-06-28 22:00,0,-0.022377575,-0.038598164,-0.018096664
2018-06-28 23:00,0,-0.021934232,-0.037673403,-0.017599111
2018-06-29 00:00,0,-0.021678944,-0.036980626,-0.017425421
2018-06-29 01:00,0,-0.021484364,-0.036873866,-0.017333197
2018-06-29 02:00,0,-0.021769053,-0.036828141,-0.01700282
2018-06-29 03:00,0,-0.022502508,-0.036572766,-0.016896708
2018-06-29 04:00,0,-0.02409435,-0.037430592,-0.017751936
2018-06-29 05:00,0,-0.025811963,-0.039192341,-0.019192216
2018-06-29 06:00,0,-0.026624696,-0.040889564,-0.020352939
2018-06-29 07:00,0,-0.027175885,-0.042194258,-0.020659646
2018-06-29 08:00,0,-0.027518853,-0.042431858,-0.019959699
2018-06-29 09:00,0,-0.025893542,-0.041138031,-0.018017108
2018-06-29 10:00,0,-0.022352313,-0.039944795,-0.016922336
2018-06-29 11:00,0,-0.024689419,-0.040225739,-0.017004431
2018-06-29 12:00,0,-0.026474147,-0.041482293,-0.018327529
2018-06-29 13:00,0,-0.025993739,-0.041743433,-0.018800101
2018-06-29 14:00,0,-0.025958953,-0.040965113,-0.017703352
2018-06-29 15:00,0,-0.024717247,-0.039529194,-0.015442551
2018-06-29 16:00,0,-0.022244737,-0.038689756,-0.01528688
2018-06-29 17:00,0,-0.021535721,-0.0382023,-0.017768704
2018-06-29 18:00,0,-0.022531775,-0.038646799,-0.019613366
2018-06-29 19:00,0,-0.023234647,-0.038284346,-0.019556397
2018-06-29 20:00,0,-0.023004104,-0.038947281,-0.019595916
2018-06-29 21:00,0,-0.022301953,-0.038992613,-0.018636564
2018-06-29 22:00,0,-0.022116001,-0.038414647,-0.017927144
2018-06-29 23:00,0,-0.02153022,-0.037647133,-0.017404272
2018-06-30 00:00,0,-0.021217309,-0.036692749,-0.017233976
2018-06-30 01:00,0,-0.020810285,-0.036220985,-0.01705175
2018-06-30 02:00,0,-0.020709632,-0.035911813,-0.016390591
2018-06-30 03:00,0,-0.020638877,-0.035322595,-0.015579007
2018-06-30 04:00,0,-0.020779485,-0.034762069,-0.016013198
2018-06-30 05:00,0,-0.02185946,-0.035355886,-0.017237403
2018-06-30 06:00,0,-0.022730986,-0.036905876,-0.01897086
2018-06-30 07:00,0,-0.023592283,-0.038609436,-0.019594097
2018-06-30 08:00,0,-0.024078585,-0.038836253,-0.018994678
2018-06-30 09:00,0,-0.022371836,-0.037722091,-0.017438103
2018-06-30 10:00,0,-0.019089887,-0.036871826,-0.015766488
2018-06-30 11:00,0,-0.02159274,-0.03706737,-0.015452259
2018-06-30 12:00,0,-0.023066118,-0.038039487,-0.01681682
2018-06-30 13:00,0,-0.022637063,-0.038416514,-0.017539691
2018-06-30 14:00,0,-0.022665852,-0.038118626,-0.017182466
2018-06-30 15:00,0,-0.021929761,-0.037333632,-0.015336336
2018-06-30 16:00,0,-0.020191496,-0.036671518,-0.015315521
2018-06-30 17:00,0,-0.019670407,-0.036207449,-0.017072146
2018-06-30 18:00,0,-0.020738273,-0.03647827,-0.018770623
2018-06-30 19:00,0,-0.021495052,-0.036697899,-0.018893648
2018-06-30 20:00,0,-0.021617896,-0.036954779,-0.01902653
2018-06-30 21:00,0,-0.02096949,-0.037088698,-0.01808609
2018-06-30 22:00,0,-0.020813048,-0.03673128,-0.01720671
2018-06-30 23:00,0,-0.020269671,-0.036116975,-0.016723135
2018-07-01 00:00,0,-0.019952885,-0.035579407,-0.016473681
2018-07-01 01:00,0,-0.019579236,-0.035349189,-0.016203595
2018-07-01 02:00,0,-0.01945393,-0.035052121,-0.01574753
2018-07-01 03:00,0,-0.019172743,-0.034202162,-0.014822579
2018-07-01 04:00,0,-0.018878712,-0.033410777,-0.01506342
2018-07-01 05:00,0,-0.019430852,-0.033728606,-0.016398251
2018-07-01 06:00,0,-0.019964258,-0.034821778,-0.017955698
2018-07-01 07:00,0,-0.020727356,-0.036315247,-0.018517378
2018-07-01 08:00,0,-0.021271826,-0.036844353,-0.017927401
2018-07-01 09:00,0,-0.019858336,-0.03569716,-0.016521294
2018-07-01 10:00,0,-0.016690462,-0.034973004,-0.015154278
2018-07-01 11:00,0,-0.019295717,-0.035649814,-0.014747008
2018-07-01 12:00,0,-0.020858945,-0.036343872,-0.016289963
2018-07-01 13:00,0,-0.020563513,-0.036504833,-0.017039657
2018-07-01 14:00,0,-0.020758835,-0.036410109,-0.016881275
2018-07-01 15:00,0,-0.02034727,-0.035918326,-0.015088241
2018-07-01 16:00,0,-0.019057756,-0.035815781,-0.015104618
2018-07-01 17:00,0,-0.019076646,-0.036423471,-0.017350689
2018-07-01 18:00,0,-0.020666238,-0.037210157,-0.019383359
2018-07-01 19:00,0,-0.021494681,-0.036988892,-0.019424027
2018-07-01 20:00,0,-0.021652013,-0.037349732,-0.018866803
2018-07-01 21:00,0,-0.021140783,-0.037116248,-0.018104941
2018-07-01 22:00,0,-0.021107894,-0.036631449,-0.017099911
2018-07-01 23:00,0,-0.020738076,-0.036009988,-0.016409647
2018-07-02 00:00,0,-0.0205118,-0.035649557,-0.01621176
2018-07-02 01:00,0,-0.020295945,-0.035366044,-0.016198273
2018-07-02 02:00,0,-0.020528707,-0.035494009,-0.015971451
2018-07-02 03:00,0,-0.021333203,-0.035475161,-0.016067511
2018-07-02 04:00,0,-0.022955152,-0.036674242,-0.017424387
2018-07-02 05:00,0,-0.024620941,-0.038839196,-0.018594594
2018-07-02 06:00,0,-0.02530254,-0.040797646,-0.020056238
2018-07-02 07:00,0,-0.025731367,-0.042160933,-0.01991944
2018-07-02 08:00,0,-0.026045788,-0.04245311,-0.019514805
2018-07-02 09:00,0,-0.024333028,-0.041294748,-0.01777646
2018-07-02 10:00,0,-0.021150972,-0.040136877,-0.017015094
2018-07-02 11:00,0,-0.023785323,-0.040908354,-0.01718015
2018-07-02 12:00,0,-0.025542904,-0.042084753,-0.018346981
2018-07-02 13:00,0,-0.025146531,-0.042222756,-0.018995085
2018-07-02 14:00,0,-0.025008935,-0.04168686,-0.01790846
2018-07-02 15:00,0,-0.023902518,-0.040797638,-0.01526345
2018-07-02 16:00,0,-0.021752153,-0.040057958,-0.015341077
2018-07-02 17:00,0,-0.021352023,-0.03941904,-0.01794561
2018-07-02 18:00,0,-0.02294951,-0.039288731,-0.020120266
2018-07-02 19:00,0,-0.023519319,-0.03883179,-0.020174333
2018-07-02 20:00,0,-0.0230951,-0.039435121,-0.019904707
2018-07-02 21:00,0,-0.022278749,-0.039228962,-0.018776437
2018-07-02 22:00,0,-0.022254491,-0.038547758,-0.017792001
2018-07-02 23:00,0,-0.021780242,-0.037698204,-0.017221365
2018-07-03 00:00,0,-0.021515001,-0.036930375,-0.017081067
2018-07-03 01:00,0,-0.021230438,-0.036636666,-0.016981963
2018-07-03 02:00,0,-0.021406636,-0.036843184,-0.016731728
2018-07-03 03:00,0,-0.021971556,-0.03688387,-0.016681011
2018-07-03 04:00,0,-0.023403405,-0.037895095,-0.017775768
2018-07-03 05:00,0,-0.024858836,-0.0393835,-0.019192982
2018-07-03 06:00,0,-0.025490874,-0.041067305,-0.020462878
2018-07-03 07:00,0,-0.025908709,-0.042283929,-0.020640215
2018-07-03 08:00,0,-0.026242731,-0.042679144,-0.02014707
2018-07-03 09:00,0,-0.024585614,-0.041899868,-0.01855221
2018-07-03 10:00,0,-0.021307142,-0.040862155,-0.01807198
2018-07-03 11:00,0,-0.024010847,-0.041742262,-0.017875647
2018-07-03 12:00,0,-0.02587149,-0.042979823,-0.019312965
2018-07-03 13:00,0,-0.025505,-0.043003519,-0.019975269
2018-07-03 14:00,0,-0.025418012,-0.042754303,-0.018798767
2018-07-03 15:00,0,-0.024276959,-0.041635484,-0.01594548
2018-07-03 16:00,0,-0.022303436,-0.040644602,-0.0161428
2018-07-03 17:00,0,-0.021824537,-0.040157054,-0.018632536
2018-07-03 18:00,0,-0.023142162,-0.040418747,-0.020803816
2018-07-03 19:00,0,-0.023736219,-0.040084977,-0.020883515
2018-07-03 20:00,0,-0.023320703,-0.040595957,-0.020518127
2018-07-03 21:00,0,-0.022521339,-0.040159012,-0.019329619
2018-07-03 22:00,0,-0.022279821,-0.039245434,-0.018094896
2018-07-03 23:00,0,-0.021786215,-0.038250931,-0.017594042
2018-07-04 00:00,0,-0.021437171,-0.037286847,-0.017404236
2018-07-04 01:00,0,-0.021176437,-0.037346868,-0.017382731
2018-07-04 02:00,0,-0.021362057,-0.0374202,-0.017165971
2018-07-04 03:00,0,-0.022045429,-0.037253266,-0.017066216
2018-07-04 04:00,0,-0.023462871,-0.037908737,-0.018121696
2018-07-04 05:00,0,-0.025024098,-0.0395554,-0.019483756
2018-07-04 06:00,0,-0.025714356,-0.041061582,-0.02098215
2018-07-04 07:00,0,-0.026172934,-0.042553303,-0.021149533
2018-07-04 08:00,0,-0.026522699,-0.042591139,-0.020759456
2018-07-04 09:00,0,-0.024966209,-0.041411252,-0.018988154
2018-07-04 10:00,0,-0.021726997,-0.040662644,-0.0184412
2018-07-04 11:00,0,-0.024314332,-0.041603421,-0.018474211
2018-07-04 12:00,0,-0.026270361,-0.042643058,-0.019743369
2018-07-04 13:00,0,-0.025895117,-0.042506425,-0.020073299
2018-07-04 14:00,0,-0.025748955,-0.041953503,-0.018961555
2018-07-04 15:00,0,-0.024723523,-0.041002503,-0.016057349
2018-07-04 16:00,0,-0.022589656,-0.039762425,-0.016051325
2018-07-04 17:00,0,-0.02197786,-0.039642061,-0.018784519
2018-07-04 18:00,0,-0.023291452,-0.039961204,-0.020702877
2018-07-04 19:00,0,-0.023934843,-0.039890279,-0.020479652
2018-07-04 20:00,0,-0.023435431,-0.040385972,-0.020135663
2018-07-04 21:00,0,-0.02255458,-0.039949327,-0.019078145
2018-07-04 22:00,0,-0.022528176,-0.039084131,-0.018264399
2018-07-04 23:00,0,-0.022038164,-0.038379363,-0.017675591
2018-07-05 00:00,0,-0.021741122,-0.037551619,-0.017457559
2018-07-05 01:00,0,-0.021477729,-0.037520684,-0.017471346
2018-07-05 02:00,0,-0.021632869,-0.037612295,-0.017202576
2018-07-05 03:00,0,-0.0222784,-0.037668533,-0.017103664
2018-07-05 04:00,0,-0.023730256,-0.03829029,-0.018124329
2018-07-05 05:00,0,-0.02520257,-0.039720409,-0.019524129
2018-07-05 06:00,0,-0.025819181,-0.041187787,-0.020811557
2018-07-05 07:00,0,-0.026247066,-0.042078682,-0.021117986
2018-07-05 08:00,0,-0.026597777,-0.042598084,-0.020587237
2018-07-05 09:00,0,-0.024973435,-0.041601392,-0.019037616
2018-07-05 10:00,0,-0.021567532,-0.040435024,-0.018130855
2018-07-05 11:00,0,-0.024301207,-0.041201141,-0.01805534
2018-07-05 12:00,0,-0.026109542,-0.042440381,-0.019219816
2018-07-05 13:00,0,-0.025798306,-0.042681924,-0.01989912
2018-07-05 14:00,0,-0.025829172,-0.042007217,-0.018916693
2018-07-05 15:00,0,-0.024741006,-0.041244734,-0.016061792
2018-07-05 16:00,0,-0.022638242,-0.040200141,-0.016213046
2018-07-05 17:00,0,-0.022180276,-0.039734189,-0.018505949
2018-07-05 18:00,0,-0.023501756,-0.039730637,-0.020728564
2018-07-05 19:00,0,-0.024024506,-0.039476961,-0.020814848
2018-07-05 20:00,0,-0.023515308,-0.040142131,-0.020401047
2018-07-05 21:00,0,-0.022621523,-0.039920778,-0.01923992
2018-07-05 22:00,0,-0.022285032,-0.039267914,-0.018372552
2018-07-05 23:00,0,-0.021746252,-0.038419435,-0.017839592
2018-07-06 00:00,0,-0.021432546,-0.037533786,-0.017524276
2018-07-06 01:00,0,-0.02113833,-0.037325137,-0.017482693
2018-07-06 02:00,0,-0.021323837,-0.037591271,-0.017256966
2018-07-06 03:00,0,-0.022010124,-0.037469996,-0.017109947
2018-07-06 04:00,0,-0.023449711,-0.038212367,-0.018138836
2018-07-06 05:00,0,-0.02497407,-0.039613758,-0.019641195
2018-07-06 06:00,0,-0.025760446,-0.04104142,-0.020813132
2018-07-06 07:00,0,-0.02632994,-0.042387741,-0.020993323
2018-07-06 08:00,0,-0.026764182,-0.042641818,-0.020670221
2018-07-06 09:00,0,-0.025061763,-0.041704229,-0.018922302
2018-07-06 10:00,0,-0.021547413,-0.040428237,-0.018004181
2018-07-06 11:00,0,-0.02417251,-0.041154761,-0.018208825
2018-07-06 12:00,0,-0.025840708,-0.042300791,-0.019790639
2018-07-06 13:00,0,-0.02542857,-0.042635199,-0.020133641
2018-07-06 14:00,0,-0.025353438,-0.042271585,-0.018957111
2018-07-06 15:00,0,-0.024190949,-0.041000743,-0.016242907
2018-07-06 16:00,0,-0.022004987,-0.039545758,-0.016283099
2018-07-06 17:00,0,-0.021397762,-0.038889461,-0.018669844
2018-07-06 18:00,0,-0.022667965,-0.03870906,-0.020610736
2018-07-06 19:00,0,-0.023186709,-0.038206003,-0.020551939
2018-07-06 20:00,0,-0.02282307,-0.039274815,-0.02041787
2018-07-06 21:00,0,-0.021996361,-0.039101507,-0.019292028
2018-07-06 22:00,0,-0.021902553,-0.038231891,-0.018412734
2018-07-06 23:00,0,-0.021306639,-0.037538734,-0.017578586
2018-07-07 00:00,0,-0.020951478,-0.036707742,-0.017319572
2018-07-07 01:00,0,-0.020569823,-0.03640376,-0.017195452
2018-07-07 02:00,0,-0.020478103,-0.036160966,-0.016665474
2018-07-07 03:00,0,-0.020404234,-0.035350519,-0.015937616
2018-07-07 04:00,0,-0.020527904,-0.034812362,-0.016432955
2018-07-07 05:00,0,-0.021415123,-0.035520621,-0.017727917
2018-07-07 06:00,0,-0.022198239,-0.036771418,-0.019130605
2018-07-07 07:00,0,-0.022971775,-0.038338594,-0.019861722
2018-07-07 08:00,0,-0.023480312,-0.038832161,-0.019215507
2018-07-07 09:00,0,-0.02187673,-0.037764716,-0.017867826
2018-07-07 10:00,0,-0.0187926,-0.036960454,-0.016365294
2018-07-07 11:00,0,-0.021034382,-0.037568878,-0.016046588
2018-07-07 12:00,0,-0.02262543,-0.038348776,-0.017357352
2018-07-07 13:00,0,-0.022310681,-0.038547592,-0.018119835
2018-07-07 14:00,0,-0.022413519,-0.038246509,-0.017855218
2018-07-07 15:00,0,-0.021672472,-0.037619921,-0.015843579
2018-07-07 16:00,0,-0.019907848,-0.036930357,-0.015749304
2018-07-07 17:00,0,-0.019601759,-0.03675411,-0.017781768
2018-07-07 18:00,0,-0.020798838,-0.037124396,-0.019119595
2018-07-07 19:00,0,-0.021577515,-0.037034798,-0.019078936
2018-07-07 20:00,0,-0.021577978,-0.037628741,-0.019041131
2018-07-07 21:00,0,-0.020969453,-0.037585387,-0.01848095
2018-07-07 22:00,0,-0.020845167,-0.037012624,-0.017501523
2018-07-07 23:00,0,-0.020292052,-0.036207435,-0.016731262
2018-07-08 00:00,0,-0.020016993,-0.035489928,-0.016482232
2018-07-08 01:00,0,-0.019648272,-0.035172668,-0.016369827
2018-07-08 02:00,0,-0.019558775,-0.03500058,-0.015904708
2018-07-08 03:00,0,-0.019243655,-0.034126071,-0.015077797
2018-07-08 04:00,0,-0.019007584,-0.033292731,-0.015244922
2018-07-08 05:00,0,-0.019579356,-0.033498598,-0.01643233
2018-07-08 06:00,0,-0.020122384,-0.034573354,-0.018117825
2018-07-08 07:00,0,-0.020843535,-0.035772033,-0.019008034
2018-07-08 08:00,0,-0.021404779,-0.036402765,-0.018557084
2018-07-08 09:00,0,-0.020046625,-0.035555726,-0.017087901
2018-07-08 10:00,0,-0.016996551,-0.034535057,-0.015629288
2018-07-08 11:00,0,-0.019293101,-0.034991713,-0.015912689
2018-07-08 12:00,0,-0.0210213,-0.036178946,-0.016850429
2018-07-08 13:00,0,-0.020724278,-0.036324625,-0.017657027
2018-07-08 14:00,0,-0.020945416,-0.036100036,-0.017503606
2018-07-08 15:00,0,-0.020516497,-0.035509883,-0.015777413
2018-07-08 16:00,0,-0.019196643,-0.035635302,-0.015709447
2018-07-08 17:00,0,-0.019244893,-0.035961085,-0.017778527
2018-07-08 18:00,0,-0.02081028,-0.03653584,-0.01932968
2018-07-08 19:00,0,-0.021666252,-0.036504562,-0.019349316
2018-07-08 20:00,0,-0.021813661,-0.037437018,-0.018979122
2018-07-08 21:00,0,-0.021215782,-0.037380704,-0.018114694
2018-07-08 22:00,0,-0.021263638,-0.03700097,-0.017235512
2018-07-08 23:00,0,-0.020845505,-0.03622288,-0.01672998
2018-07-09 00:00,0,-0.020637143,-0.035720203,-0.016495387
2018-07-09 01:00,0,-0.020421852,-0.035560544,-0.016444528
2018-07-09 02:00,0,-0.020673342,-0.035827736,-0.016199141
2018-07-09 03:00,0,-0.021383634,-0.03603012,-0.016323515
2018-07-09 04:00,0,-0.022904507,-0.036861103,-0.017652768
2018-07-09 05:00,0,-0.024547221,-0.038603791,-0.019084475
2018-07-09 06:00,0,-0.025325247,-0.040560968,-0.020378171
2018-07-09 07:00,0,-0.025844272,-0.041954033,-0.020467168
2018-07-09 08:00,0,-0.026221898,-0.042053467,-0.019863329
2018-07-09 09:00,0,-0.024486289,-0.04097338,-0.01829751
2018-07-09 10:00,0,-0.021361158,-0.040141175,-0.017038144
2018-07-09 11:00,0,-0.024280141,-0.041204691,-0.017332113
2018-07-09 12:00,0,-0.025949971,-0.042178715,-0.018608239
2018-07-09 13:00,0,-0.025643449,-0.042124496,-0.019224492
2018-07-09 14:00,0,-0.02547008,-0.041617818,-0.018004001
2018-07-09 15:00,0,-0.024258404,-0.040530196,-0.015460707
2018-07-09 16:00,0,-0.022159753,-0.039684068,-0.015442314
2018-07-09 17:00,0,-0.021738083,-0.039199018,-0.018419341
2018-07-09 18:00,0,-0.023132046,-0.039076928,-0.020046389
2018-07-09 19:00,0,-0.023755923,-0.038930851,-0.019588482
2018-07-09 20:00,0,-0.023344634,-0.039397017,-0.019329081
2018-07-09 21:00,0,-0.022490672,-0.039084431,-0.01838071
2018-07-09 22:00,0,-0.02223187,-0.037876457,-0.017766892
2018-07-09 23:00,0,-0.021705579,-0.037153634,-0.017265126
2018-07-10 00:00,0,-0.021411294,-0.037006919,-0.01712707
2018-07-10 01:00,0,-0.02111944,-0.036834935,-0.017098706
2018-07-10 02:00,0,-0.021281016,-0.037281831,-0.016993635
2018-07-10 03:00,0,-0.021965722,-0.036997945,-0.016782438
2018-07-10 04:00,0,-0.023259978,-0.037114043,-0.017697507
2018-07-10 05:00,0,-0.024822888,-0.038622522,-0.019108946
2018-07-10 06:00,0,-0.025563986,-0.03992964,-0.02052307
2018-07-10 07:00,0,-0.026065956,-0.041251424,-0.020643898
2018-07-10 08:00,0,-0.02647822,-0.041260408,-0.020088387
2018-07-10 09:00,0,-0.02487883,-0.04017245,-0.01822022
2018-07-10 10:00,0,-0.021405697,-0.039191789,-0.017380892
2018-07-10 11:00,0,-0.024286657,-0.040177651,-0.017496606
2018-07-10 12:00,0,-0.026119885,-0.041279771,-0.018931057
2018-07-10 13:00,0,-0.025714023,-0.041484431,-0.019363782
2018-07-10 14:00,0,-0.025683683,-0.041033574,-0.018231765
2018-07-10 15:00,0,-0.024432861,-0.039846538,-0.015456814
2018-07-10 16:00,0,-0.022355352,-0.039042056,-0.015872275
2018-07-10 17:00,0,-0.021659656,-0.037997525,-0.018316528
2018-07-10 18:00,0,-0.023143217,-0.037513371,-0.02023766
2018-07-10 19:00,0,-0.023675806,-0.037214114,-0.020107646
2018-07-10 20:00,0,-0.023218295,-0.038650921,-0.020040596
2018-07-10 21:00,0,-0.022379865,-0.038524701,-0.018875744
2018-07-10 22:00,0,-0.022013189,-0.037765825,-0.018030109
2018-07-10 23:00,0,-0.021474479,-0.037476859,-0.017315296
2018-07-11 00:00,0,-0.021223449,-0.036563213,-0.017195724
2018-07-11 01:00,0,-0.020977318,-0.036465239,-0.017181676
2018-07-11 02:00,0,-0.021122426,-0.036604529,-0.016933399
2018-07-11 03:00,0,-0.021845242,-0.036623311,-0.016774845
2018-07-11 04:00,0,-0.023089871,-0.036854473,-0.017614625
2018-07-11 05:00,0,-0.024551248,-0.038163556,-0.019121297
2018-07-11 06:00,0,-0.025246748,-0.039512273,-0.020293908
2018-07-11 07:00,0,-0.025828985,-0.040799911,-0.020553776
2018-07-11 08:00,0,-0.026286677,-0.041052279,-0.019964005
2018-07-11 09:00,0,-0.024751762,-0.04032903,-0.018156667
2018-07-11 10:00,0,-0.021440973,-0.039102781,-0.017656675
2018-07-11 11:00,0,-0.024140337,-0.040079547,-0.017512651
2018-07-11 12:00,0,-0.025880132,-0.040972298,-0.01904567
2018-07-11 13:00,0,-0.025495409,-0.04119627,-0.019640957
2018-07-11 14:00,0,-0.025463721,-0.040626136,-0.0186143
2018-07-11 15:00,0,-0.024279139,-0.039470514,-0.01583171
2018-07-11 16:00,0,-0.022064014,-0.038191798,-0.016309147
2018-07-11 17:00,0,-0.021353174,-0.038245932,-0.018525124
2018-07-11 18:00,0,-0.022767029,-0.038395566,-0.020722441
2018-07-11 19:00,0,-0.023277724,-0.038259406,-0.020656428
2018-07-11 20:00,0,-0.022945968,-0.038846253,-0.020406481
2018-07-11 21:00,0,-0.022148766,-0.03870818,-0.019390851
2018-07-11 22:00,0,-0.022141643,-0.038287514,-0.018349639
2018-07-11 23:00,0,-0.021664501,-0.037750588,-0.017673297
2018-07-12 00:00,0,-0.021405844,-0.037101952,-0.017407193
2018-07-12 01:00,0,-0.021141975,-0.037008869,-0.017335622
2018-07-12 02:00,0,-0.021305601,-0.037301767,-0.016999524
2018-07-12 03:00,0,-0.0219426,-0.037059919,-0.016873234
2018-07-12 04:00,0,-0.023274017,-0.037523078,-0.017780331
2018-07-12 05:00,0,-0.024636543,-0.038812964,-0.019309012
2018-07-12 06:00,0,-0.02535256,-0.04050255,-0.020501669
2018-07-12 07:00,0,-0.025830851,-0.04175287,-0.020912003
2018-07-12 08:00,0,-0.026210082,-0.04207256,-0.020455327
2018-07-12 09:00,0,-0.024416987,-0.041044298,-0.018893938
2018-07-12 10:00,0,-0.021265619,-0.039691793,-0.017693588
2018-07-12 11:00,0,-0.024023065,-0.040452324,-0.017854043
2018-07-12 12:00,0,-0.025764374,-0.041590801,-0.019184344
2018-07-12 13:00,0,-0.025314119,-0.04199599,-0.019903371
2018-07-12 14:00,0,-0.025298049,-0.041589747,-0.018756789
2018-07-12 15:00,0,-0.024218393,-0.040373493,-0.016184559
2018-07-12 16:00,0,-0.021997066,-0.039667153,-0.016167799
2018-07-12 17:00,0,-0.021656244,-0.038961606,-0.018908397
2018-07-12 18:00,0,-0.022922463,-0.038910694,-0.020984293
2018-07-12 19:00,0,-0.023504387,-0.038786875,-0.020983768
2018-07-12 20:00,0,-0.023102336,-0.039576653,-0.020553874
2018-07-12 21:00,0,-0.022319632,-0.039185102,-0.01937539
2018-07-12 22:00,0,-0.022092066,-0.03846061,-0.018435115
2018-07-12 23:00,0,-0.021585546,-0.037783598,-0.017814818
2018-07-13 00:00,0,-0.021308152,-0.037150275,-0.017584716
2018-07-13 01:00,0,-0.021043169,-0.03698067,-0.017542565
2018-07-13 02:00,0,-0.021229157,-0.037043499,-0.01729986
2018-07-13 03:00,0,-0.02184046,-0.037244469,-0.017163193
2018-07-13 04:00,0,-0.023148546,-0.037644692,-0.018190986
2018-07-13 05:00,0,-0.024598985,-0.038988626,-0.019707757
2018-07-13 06:00,0,-0.025387807,-0.040372261,-0.021059459
2018-07-13 07:00,0,-0.025877231,-0.041649695,-0.021339644
2018-07-13 08:00,0,-0.026212494,-0.04179224,-0.021022954
2018-07-13 09:00,0,-0.024622864,-0.040888601,-0.019452564
2018-07-13 10:00,0,-0.021036039,-0.039620591,-0.018173956
2018-07-13 11:00,0,-0.023547661,-0.040143532,-0.018475978
2018-07-13 12:00,0,-0.025294726,-0.041479958,-0.019830445
2018-07-13 13:00,0,-0.024876296,-0.041603297,-0.020061875
2018-07-13 14:00,0,-0.02486433,-0.04108958,-0.018809355
2018-07-13 15:00,0,-0.023698815,-0.040003689,-0.016028273
2018-07-13 16:00,0,-0.02151838,-0.039252663,-0.016066791
2018-07-13 17:00,0,-0.020938172,-0.038306864,-0.018698111
2018-07-13 18:00,0,-0.022380222,-0.038506464,-0.020495202
2018-07-13 19:00,0,-0.022951038,-0.038342344,-0.020428856
2018-07-13 20:00,0,-0.022585127,-0.038847412,-0.02016122
2018-07-13 21:00,0,-0.021843455,-0.038368594,-0.019134768
2018-07-13 22:00,0,-0.021694448,-0.03780221,-0.018382577
2018-07-13 23:00,0,-0.021174771,-0.037225582,-0.017783186
2018-07-14 00:00,0,-0.020818053,-0.03645933,-0.017524148
2018-07-14 01:00,0,-0.020454411,-0.035879774,-0.017403376
2018-07-14 02:00,0,-0.020360239,-0.035543821,-0.016963723
2018-07-14 03:00,0,-0.020303294,-0.034963106,-0.016116756
2018-07-14 04:00,0,-0.020449474,-0.034374089,-0.016617864
2018-07-14 05:00,0,-0.021334989,-0.034791303,-0.017861913
2018-07-14 06:00,0,-0.022125479,-0.035907429,-0.019405958
2018-07-14 07:00,0,-0.022860049,-0.037577863,-0.019982405
2018-07-14 08:00,0,-0.023293232,-0.037946427,-0.019425744
2018-07-14 09:00,0,-0.021749538,-0.037189247,-0.01786199
2018-07-14 10:00,0,-0.018678838,-0.036222728,-0.016524116
2018-07-14 11:00,0,-0.020938446,-0.036630848,-0.016249528
2018-07-14 12:00,0,-0.022536395,-0.03736988,-0.017660918
2018-07-14 13:00,0,-0.022193537,-0.037697334,-0.018322258
2018-07-14 14:00,0,-0.022372594,-0.037569866,-0.018300281
2018-07-14 15:00,0,-0.021528598,-0.037045353,-0.015979572
2018-07-14 16:00,0,-0.019884774,-0.036358949,-0.01619839
2018-07-14 17:00,0,-0.019328839,-0.036441865,-0.018180103
2018-07-14 18:00,0,-0.020814177,-0.036496901,-0.019722536
2018-07-14 19:00,0,-0.021543958,-0.036554551,-0.019687312
2018-07-14 20:00,0,-0.021455543,-0.03738897,-0.019521913
2018-07-14 21:00,0,-0.020819173,-0.037147508,-0.018649829
2018-07-14 22:00,0,-0.020793677,-0.036639254,-0.017711946
2018-07-14 23:00,0,-0.020243617,-0.036302423,-0.017165553
2018-07-15 00:00,0,-0.019934521,-0.035431856,-0.017018383
2018-07-15 01:00,0,-0.019635291,-0.035110537,-0.016891116
2018-07-15 02:00,0,-0.019642762,-0.034877803,-0.016396211
2018-07-15 03:00,0,-0.019415427,-0.03424734,-0.015637549
2018-07-15 04:00,0,-0.019104013,-0.033402244,-0.015844231
2018-07-15 05:00,0,-0.019585592,-0.033632304,-0.017067763
2018-07-15 06:00,0,-0.020132691,-0.034855531,-0.018516128
2018-07-15 07:00,0,-0.020947654,-0.036137561,-0.019304802
2018-07-15 08:00,0,-0.021745646,-0.036385856,-0.018662057
2018-07-15 09:00,0,-0.02030149,-0.035494766,-0.017528233
2018-07-15 10:00,0,-0.017369519,-0.035032496,-0.016219759
2018-07-15 11:00,0,-0.019620466,-0.035629191,-0.015951694
2018-07-15 12:00,0,-0.021288097,-0.036337706,-0.017231487
2018-07-15 13:00,0,-0.020944093,-0.036421526,-0.018330665
2018-07-15 14:00,0,-0.021148243,-0.036820116,-0.018542772
2018-07-15 15:00,0,-0.020602989,-0.036054358,-0.016542679
2018-07-15 16:00,0,-0.019197243,-0.035793582,-0.016013436
2018-07-15 17:00,0,-0.019290731,-0.035974205,-0.018379426
2018-07-15 18:00,0,-0.020800956,-0.036738849,-0.020408753
2018-07-15 19:00,0,-0.021654269,-0.036984642,-0.020210004
2018-07-15 20:00,0,-0.02171204,-0.03776113,-0.019797697
2018-07-15 21:00,0,-0.02115683,-0.037589971,-0.018739097
2018-07-15 22:00,0,-0.021207517,-0.03670165,-0.017907603
2018-07-15 23:00,0,-0.020787355,-0.036118715,-0.017296178
2018-07-16 00:00,0,-0.020590685,-0.035558623,-0.017097218
2018-07-16 01:00,0,-0.020319518,-0.035248941,-0.017067611
2018-07-16 02:00,0,-0.020573515,-0.035373084,-0.016909368
2018-07-16 03:00,0,-0.021344221,-0.035786803,-0.017021837
2018-07-16 04:00,0,-0.022790163,-0.036287094,-0.018152335
2018-07-16 05:00,0,-0.024429732,-0.038103953,-0.019662575
2018-07-16 06:00,0,-0.025151587,-0.039727438,-0.020989984
2018-07-16 07:00,0,-0.025670177,-0.041326945,-0.021277966
2018-07-16 08:00,0,-0.026083758,-0.041762833,-0.020745607
2018-07-16 09:00,0,-0.024429357,-0.040692727,-0.018875782
2018-07-16 10:00,0,-0.021156701,-0.039905701,-0.018236374
2018-07-16 11:00,0,-0.023978151,-0.040556135,-0.018427028
2018-07-16 12:00,0,-0.025669764,-0.041711078,-0.019675429
2018-07-16 13:00,0,-0.025339143,-0.041975893,-0.020268329
2018-07-16 14:00,0,-0.025233262,-0.0413395,-0.018957012
2018-07-16 15:00,0,-0.024110293,-0.040535629,-0.016454433
2018-07-16 16:00,0,-0.022001404,-0.03960254,-0.016347053
2018-07-16 17:00,0,-0.021480485,-0.039062633,-0.01901294
2018-07-16 18:00,0,-0.022863939,-0.039060165,-0.021162913
2018-07-16 19:00,0,-0.023561633,-0.038940352,-0.020856765
2018-07-16 20:00,0,-0.023110411,-0.039746997,-0.020380352
2018-07-16 21:00,0,-0.022278021,-0.039175174,-0.01923732
2018-07-16 22:00,0,-0.022089003,-0.03816773,-0.01837898
2018-07-16 23:00,0,-0.021567982,-0.037689891,-0.017731357
2018-07-17 00:00,0,-0.021275526,-0.037065034,-0.017517242
2018-07-17 01:00,0,-0.020977331,-0.036919089,-0.017430571
2018-07-17 02:00,0,-0.021193315,-0.036929802,-0.017128585
2018-07-17 03:00,0,-0.021827012,-0.037174821,-0.01707339
2018-07-17 04:00,0,-0.023186673,-0.037081523,-0.017940524
2018-07-17 05:00,0,-0.024685784,-0.038371493,-0.019584318
2018-07-17 06:00,0,-0.02542147,-0.040118107,-0.021019534
2018-07-17 07:00,0,-0.025948292,-0.041423305,-0.021223921
2018-07-17 08:00,0,-0.026345159,-0.041467483,-0.020739535
2018-07-17 09:00,0,-0.024721939,-0.04026797,-0.019018784
2018-07-17 10:00,0,-0.021345948,-0.039200189,-0.017890646
2018-07-17 11:00,0,-0.024006702,-0.039872809,-0.0182065
2018-07-17 12:00,0,-0.0257914,-0.04108722,-0.019656236
2018-07-17 13:00,0,-0.025485018,-0.041175543,-0.020314604
2018-07-17 14:00,0,-0.025371396,-0.040732145,-0.018900996
2018-07-17 15:00,0,-0.024268224,-0.03950602,-0.016267263
2018-07-17 16:00,0,-0.022172594,-0.038862305,-0.016127834
2018-07-17 17:00,0,-0.021513298,-0.038629642,-0.018624583
2018-07-17 18:00,0,-0.022929281,-0.038994633,-0.020890008
2018-07-17 19:00,0,-0.02356348,-0.038876841,-0.020570992
2018-07-17 20:00,0,-0.023101827,-0.039755044,-0.020232401
2018-07-17 21:00,0,-0.022297325,-0.039166818,-0.019194272
2018-07-17 22:00,0,-0.022121253,-0.03844858,-0.018395804
2018-07-17 23:00,0,-0.021610499,-0.037669429,-0.017640873
2018-07-18 00:00,0,-0.021324983,-0.036992764,-0.017411386
2018-07-18 01:00,0,-0.021185941,-0.036772129,-0.017520428
2018-07-18 02:00,0,-0.021270938,-0.036930557,-0.017257274
2018-07-18 03:00,0,-0.021928744,-0.037009124,-0.01698082
2018-07-18 04:00,0,-0.023329376,-0.037162534,-0.018017596
2018-07-18 05:00,0,-0.024807148,-0.038139661,-0.019476879
2018-07-18 06:00,0,-0.025521804,-0.039535873,-0.020679762
2018-07-18 07:00,0,-0.025956766,-0.040971293,-0.020862483
2018-07-18 08:00,0,-0.026344541,-0.04115867,-0.020298124
2018-07-18 09:00,0,-0.024694306,-0.040225094,-0.018643832
2018-07-18 10:00,0,-0.02139572,-0.039307996,-0.017453033
2018-07-18 11:00,0,-0.023972653,-0.039756039,-0.017707874
2018-07-18 12:00,0,-0.025820959,-0.041086536,-0.018953641
2018-07-18 13:00,0,-0.025464709,-0.041342355,-0.019664005
2018-07-18 14:00,0,-0.025362357,-0.040974453,-0.018585673
2018-07-18 15:00,0,-0.024262244,-0.040053096,-0.015968614
2018-07-18 16:00,0,-0.022076897,-0.039318989,-0.016358288
2018-07-18 17:00,0,-0.02163313,-0.038497583,-0.018757277
2018-07-18 18:00,0,-0.022944958,-0.038745409,-0.02065434
2018-07-18 19:00,0,-0.023489877,-0.038613895,-0.020261861
2018-07-18 20:00,0,-0.023042547,-0.039622507,-0.020062328
2018-07-18 21:00,0,-0.022195898,-0.038984157,-0.01891627
2018-07-18 22:00,0,-0.022256546,-0.038177493,-0.018187133
2018-07-18 23:00,0,-0.021704956,-0.037296261,-0.017667912
2018-07-19 00:00,0,-0.02138781,-0.036694489,-0.017507584
2018-07-19 01:00,0,-0.021118682,-0.036681065,-0.017496085
2018-07-19 02:00,0,-0.021308712,-0.036854278,-0.017363667
2018-07-19 03:00,0,-0.021962048,-0.037056889,-0.017140272
2018-07-19 04:00,0,-0.023337711,-0.037048037,-0.017879818
2018-07-19 05:00,0,-0.024818254,-0.037772549,-0.019300294
2018-07-19 06:00,0,-0.025549139,-0.039233197,-0.020451844
2018-07-19 07:00,0,-0.026024895,-0.040689525,-0.020652151
2018-07-19 08:00,0,-0.026486258,-0.041088251,-0.020272859
2018-07-19 09:00,0,-0.024827803,-0.040318348,-0.018611369
2018-07-19 10:00,0,-0.021271947,-0.039135438,-0.017514776
2018-07-19 11:00,0,-0.023996198,-0.039762552,-0.01791303
2018-07-19 12:00,0,-0.025703487,-0.04122247,-0.019027135
2018-07-19 13:00,0,-0.025316628,-0.041160505,-0.019649347
2018-07-19 14:00,0,-0.025304857,-0.040805008,-0.01856627
2018-07-19 15:00,0,-0.024310413,-0.039706627,-0.016022467
2018-07-19 16:00,0,-0.022104457,-0.038883425,-0.015938338
2018-07-19 17:00,0,-0.021727688,-0.038751493,-0.018578831
2018-07-19 18:00,0,-0.022997234,-0.038808203,-0.020560062
2018-07-19 19:00,0,-0.023776062,-0.038734433,-0.020360428
2018-07-19 20:00,0,-0.023357419,-0.039510295,-0.019998461
2018-07-19 21:00,0,-0.022385967,-0.038985553,-0.019045953
2018-07-19 22:00,0,-0.02218244,-0.038377554,-0.018164188
2018-07-19 23:00,0,-0.021646977,-0.037650411,-0.017644193
2018-07-20 00:00,0,-0.021346865,-0.036536751,-0.017289272
2018-07-20 01:00,0,-0.021075515,-0.03640803,-0.017245127
2018-07-20 02:00,0,-0.021255436,-0.036404123,-0.01707524
2018-07-20 03:00,0,-0.021923565,-0.036510963,-0.01685148
2018-07-20 04:00,0,-0.023102959,-0.036830428,-0.017766641
2018-07-20 05:00,0,-0.024564894,-0.037848773,-0.019302566
2018-07-20 06:00,0,-0.025380143,-0.039167006,-0.020555847
2018-07-20 07:00,0,-0.025881903,-0.040711394,-0.020872132
2018-07-20 08:00,0,-0.026261444,-0.04083467,-0.020310299
2018-07-20 09:00,0,-0.024581376,-0.040054103,-0.018743354
2018-07-20 10:00,0,-0.021202759,-0.039143534,-0.017847829
2018-07-20 11:00,0,-0.023705902,-0.039741703,-0.017860484
2018-07-20 12:00,0,-0.02535656,-0.041164006,-0.01951672
2018-07-20 13:00,0,-0.02490847,-0.041279755,-0.019876877
2018-07-20 14:00,0,-0.024907713,-0.040507364,-0.019131109
2018-07-20 15:00,0,-0.02385082,-0.038981974,-0.015972355
2018-07-20 16:00,0,-0.021489488,-0.037887521,-0.016067139
2018-07-20 17:00,0,-0.021084208,-0.037504958,-0.018613268
2018-07-20 18:00,0,-0.022412342,-0.037396076,-0.020518802
2018-07-20 19:00,0,-0.022992304,-0.037586516,-0.020443139
2018-07-20 20:00,0,-0.0225957,-0.03814127,-0.020180459
2018-07-20 21:00,0,-0.021842819,-0.037440822,-0.019170938
2018-07-20 22:00,0,-0.021745244,-0.036730851,-0.01840634
2018-07-20 23:00,0,-0.021160973,-0.036058464,-0.017798721
2018-07-21 00:00,0,-0.020828194,-0.035460523,-0.017482066
2018-07-21 01:00,0,-0.020456161,-0.035085583,-0.017400221
2018-07-21 02:00,0,-0.020384123,-0.034920478,-0.016951327
2018-07-21 03:00,0,-0.020306762,-0.034273694,-0.016039377
2018-07-21 04:00,0,-0.020387708,-0.03336208,-0.016770191
2018-07-21 05:00,0,-0.021279259,-0.033615677,-0.017997396
2018-07-21 06:00,0,-0.022115109,-0.03476132,-0.019455866
2018-07-21 07:00,0,-0.022966519,-0.036144761,-0.020079479
2018-07-21 08:00,0,-0.023433586,-0.036341321,-0.01959397
2018-07-21 09:00,0,-0.021906034,-0.035391035,-0.017975378
2018-07-21 10:00,0,-0.018729143,-0.034419596,-0.016555648
2018-07-21 11:00,0,-0.021063668,-0.035207091,-0.016729111
2018-07-21 12:00,0,-0.022728854,-0.036077783,-0.01819018
2018-07-21 13:00,0,-0.022416353,-0.036258068,-0.018726028
2018-07-21 14:00,0,-0.022518045,-0.036142826,-0.018496082
2018-07-21 15:00,0,-0.021828583,-0.035594073,-0.016401829
2018-07-21 16:00,0,-0.020218046,-0.035159463,-0.016425669
2018-07-21 17:00,0,-0.019704994,-0.035164085,-0.018539074
2018-07-21 18:00,0,-0.020946756,-0.035705451,-0.019902925
2018-07-21 19:00,0,-0.021544425,-0.035847897,-0.019920834
2018-07-21 20:00,0,-0.021427264,-0.036618927,-0.019871022
2018-07-21 21:00,0,-0.020822879,-0.036351153,-0.018915457
2018-07-21 22:00,0,-0.020695644,-0.036087711,-0.018036733
2018-07-21 23:00,0,-0.0201326,-0.035492893,-0.017438488
2018-07-22 00:00,0,-0.019855003,-0.034851771,-0.017175783
2018-07-22 01:00,0,-0.019513863,-0.034642724,-0.017057938
2018-07-22 02:00,0,-0.019392126,-0.034317278,-0.016589635
2018-07-22 03:00,0,-0.019167748,-0.033822797,-0.015676031
2018-07-22 04:00,0,-0.018887085,-0.033134096,-0.015989173
2018-07-22 05:00,0,-0.019520028,-0.033289069,-0.017186611
2018-07-22 06:00,0,-0.020140056,-0.034184714,-0.018884685
2018-07-22 07:00,0,-0.021002399,-0.03546049,-0.01954703
2018-07-22 08:00,0,-0.021742519,-0.036016964,-0.019172222
2018-07-22 09:00,0,-0.020426606,-0.035128986,-0.018030788
2018-07-22 10:00,0,-0.017387083,-0.034374265,-0.016887166
2018-07-22 11:00,0,-0.019705014,-0.034813628,-0.016856488
2018-07-22 12:00,0,-0.021345384,-0.035745377,-0.017763438
2018-07-22 13:00,0,-0.021040772,-0.035917933,-0.018907478
2018-07-22 14:00,0,-0.021147366,-0.035887683,-0.018590937
2018-07-22 15:00,0,-0.020741414,-0.035382149,-0.016748263
2018-07-22 16:00,0,-0.019333786,-0.035581334,-0.016808122
2018-07-22 17:00,0,-0.019145153,-0.035765404,-0.018982528
2018-07-22 18:00,0,-0.020720519,-0.036308753,-0.020516227
2018-07-22 19:00,0,-0.021467955,-0.036556884,-0.020164951
2018-07-22 20:00,0,-0.02155022,-0.037356019,-0.019604408
2018-07-22 21:00,0,-0.020933699,-0.036802187,-0.018596751
2018-07-22 22:00,0,-0.0209385,-0.036249631,-0.017706119
2018-07-22 23:00,0,-0.020520282,-0.035584661,-0.017128416
2018-07-23 00:00,0,-0.020319733,-0.035021725,-0.016971922
2018-07-23 01:00,0,-0.020098217,-0.034788477,-0.016814195
2018-07-23 02:00,0,-0.020315388,-0.034801794,-0.01660873
2018-07-23 03:00,0,-0.021126747,-0.035081037,-0.016752199
2018-07-23 04:00,0,-0.022571787,-0.035395898,-0.017992091
2018-07-23 05:00,0,-0.024271306,-0.036853713,-0.01944279
2018-07-23 06:00,0,-0.025107998,-0.038205569,-0.020944427
2018-07-23 07:00,0,-0.025616065,-0.039738456,-0.021166696
2018-07-23 08:00,0,-0.026082601,-0.039970308,-0.020770158
2018-07-23 09:00,0,-0.024638568,-0.039080712,-0.019260736
2018-07-23 10:00,0,-0.021338868,-0.037813738,-0.018282824
2018-07-23 11:00,0,-0.024012568,-0.038295613,-0.018496536
2018-07-23 12:00,0,-0.025700834,-0.039630956,-0.019552011
2018-07-23 13:00,0,-0.025275558,-0.039912131,-0.020023281
2018-07-23 14:00,0,-0.025169766,-0.039703092,-0.018648852
2018-07-23 15:00,0,-0.02415564,-0.038750575,-0.016017249
2018-07-23 16:00,0,-0.021750739,-0.037943114,-0.015882519
2018-07-23 17:00,0,-0.021294833,-0.037728479,-0.018704638
2018-07-23 18:00,0,-0.022702861,-0.038231264,-0.020428346
2018-07-23 19:00,0,-0.023326093,-0.038231979,-0.019925001
2018-07-23 20:00,0,-0.022854226,-0.038914549,-0.019784316
2018-07-23 21:00,0,-0.021967551,-0.038397975,-0.018904213
2018-07-23 22:00,0,-0.022009932,-0.03771307,-0.018324856
2018-07-23 23:00,0,-0.021489177,-0.03678423,-0.017701767
2018-07-24 00:00,0,-0.021239102,-0.03600339,-0.017423625
2018-07-24 01:00,0,-0.020987183,-0.035870716,-0.017481715
2018-07-24 02:00,0,-0.021168081,-0.036105608,-0.017300789
2018-07-24 03:00,0,-0.021758387,-0.036152176,-0.01696016
2018-07-24 04:00,0,-0.023024696,-0.036120896,-0.017937747
2018-07-24 05:00,0,-0.024449454,-0.037386056,-0.019485062
2018-07-24 06:00,0,-0.025207672,-0.038859533,-0.020671593
2018-07-24 07:00,0,-0.025670663,-0.040497415,-0.021135775
2018-07-24 08:00,0,-0.026096265,-0.040787614,-0.020582716
2018-07-24 09:00,0,-0.024507111,-0.039902034,-0.018722078
2018-07-24 10:00,0,-0.021146296,-0.038739109,-0.017748426
2018-07-24 11:00,0,-0.023851961,-0.039541304,-0.017566552
2018-07-24 12:00,0,-0.025592615,-0.040634518,-0.019057986
2018-07-24 13:00,0,-0.025222722,-0.040749659,-0.019503516
2018-07-24 14:00,0,-0.025185754,-0.040677757,-0.018498582
2018-07-24 15:00,0,-0.024035814,-0.039634236,-0.015931307
2018-07-24 16:00,0,-0.021927328,-0.038661463,-0.01614968
2018-07-24 17:00,0,-0.021419171,-0.03838055,-0.0187087
2018-07-24 18:00,0,-0.022815071,-0.038507788,-0.02067635
2018-07-24 19:00,0,-0.023491698,-0.038301959,-0.02033024
2018-07-24 20:00,0,-0.022987878,-0.039058829,-0.020010213
2018-07-24 21:00,0,-0.022156082,-0.038475158,-0.018851067
2018-07-24 22:00,0,-0.021933813,-0.03761481,-0.0178852
2018-07-24 23:00,0,-0.021467203,-0.036870095,-0.017389504
2018-07-25 00:00,0,-0.021187442,-0.036048095,-0.017212923
2018-07-25 01:00,0,-0.020924113,-0.035850673,-0.017084851
2018-07-25 02:00,0,-0.021139391,-0.035863566,-0.016906282
2018-07-25 03:00,0,-0.021853167,-0.036216564,-0.016699791
2018-07-25 04:00,0,-0.023061679,-0.036441374,-0.017476908
2018-07-25 05:00,0,-0.024504236,-0.037534613,-0.018759707
2018-07-25 06:00,0,-0.025242258,-0.0387279,-0.020117524
2018-07-25 07:00,0,-0.025747738,-0.040191826,-0.020161479
2018-07-25 08:00,0,-0.026143182,-0.040591427,-0.019572067
2018-07-25 09:00,0,-0.024589129,-0.039584831,-0.017459356
2018-07-25 10:00,0,-0.021273037,-0.038788923,-0.016495952
2018-07-25 11:00,0,-0.023935071,-0.039458071,-0.01688964
2018-07-25 12:00,0,-0.025794849,-0.040637563,-0.018302968
2018-07-25 13:00,0,-0.025457114,-0.041001826,-0.018948678
2018-07-25 14:00,0,-0.025331341,-0.040497379,-0.018080487
2018-07-25 15:00,0,-0.024097763,-0.039659506,-0.015607114
2018-07-25 16:00,0,-0.021983451,-0.038706561,-0.015893053
2018-07-25 17:00,0,-0.021450898,-0.038009289,-0.018465698
2018-07-25 18:00,0,-0.022880511,-0.038663422,-0.02056755
2018-07-25 19:00,0,-0.023519889,-0.038819586,-0.020175103
2018-07-25 20:00,0,-0.023062286,-0.039667329,-0.01979956
2018-07-25 21:00,0,-0.02219119,-0.038701041,-0.019063636
2018-07-25 22:00,0,-0.022090881,-0.037899024,-0.018305775
2018-07-25 23:00,0,-0.021581914,-0.037162916,-0.017798365
2018-07-26 00:00,0,-0.021313839,-0.036499639,-0.017641896
2018-07-26 01:00,0,-0.02106926,-0.036341706,-0.017552488
2018-07-26 02:00,0,-0.021248519,-0.036455431,-0.017351006
2018-07-26 03:00,0,-0.021907182,-0.036447664,-0.017101466
2018-07-26 04:00,0,-0.023182161,-0.036544428,-0.017972148
2018-07-26 05:00,0,-0.024626483,-0.037697958,-0.019288602
2018-07-26 06:00,0,-0.025344885,-0.039255355,-0.020575983
2018-07-26 07:00,0,-0.025811102,-0.040779898,-0.02111612
2018-07-26 08:00,0,-0.026268675,-0.041324299,-0.020676288
2018-07-26 09:00,0,-0.0246292,-0.040383663,-0.018711647
2018-07-26 10:00,0,-0.021277869,-0.039204944,-0.017805943
2018-07-26 11:00,0,-0.024025851,-0.040016593,-0.018062697
2018-07-26 12:00,0,-0.025894658,-0.041115904,-0.019359781
2018-07-26 13:00,0,-0.025460448,-0.041360545,-0.020033427
2018-07-26 14:00,0,-0.025389219,-0.040933113,-0.018974539
2018-07-26 15:00,0,-0.0241901,-0.039616368,-0.016286686
2018-07-26 16:00,0,-0.022148578,-0.038666347,-0.015945732
2018-07-26 17:00,0,-0.021602591,-0.038680363,-0.018646003
2018-07-26 18:00,0,-0.022957916,-0.039287418,-0.020752758
2018-07-26 19:00,0,-0.023674736,-0.03910859,-0.020473912
2018-07-26 20:00,0,-0.023199875,-0.039494613,-0.019885331
2018-07-26 21:00,0,-0.022338765,-0.038995773,-0.019008013
2018-07-26 22:00,0,-0.022109014,-0.038124615,-0.018386921
2018-07-26 23:00,0,-0.02160599,-0.037593349,-0.017769778
2018-07-27 00:00,0,-0.021339729,-0.036973902,-0.017633383
2018-07-27 01:00,0,-0.021080883,-0.036580749,-0.017589617
2018-07-27 02:00,0,-0.02126986,-0.036428988,-0.017424527
2018-07-27 03:00,0,-0.021893587,-0.036526331,-0.017118974
2018-07-27 04:00,0,-0.023113279,-0.036443294,-0.017898103
2018-07-27 05:00,0,-0.024538582,-0.037592646,-0.019547594
2018-07-27 06:00,0,-0.025299514,-0.039324866,-0.020990709
2018-07-27 07:00,0,-0.025829407,-0.040863497,-0.021092959
2018-07-27 08:00,0,-0.02615425,-0.041015518,-0.020656019
2018-07-27 09:00,0,-0.024478847,-0.039911966,-0.019145066
2018-07-27 10:00,0,-0.021133091,-0.039117286,-0.01799005
2018-07-27 11:00,0,-0.023484359,-0.03979289,-0.017955347
2018-07-27 12:00,0,-0.025275016,-0.041017683,-0.019280602
2018-07-27 13:00,0,-0.024879548,-0.04094727,-0.019474528
2018-07-27 14:00,0,-0.024839989,-0.040531211,-0.018298595
2018-07-27 15:00,0,-0.023881666,-0.039181321,-0.015940448
2018-07-27 16:00,0,-0.021602913,-0.038502834,-0.015888497
2018-07-27 17:00,0,-0.021098226,-0.038004811,-0.018403418
2018-07-27 18:00,0,-0.022508457,-0.038270458,-0.02027837
2018-07-27 19:00,0,-0.02298475,-0.037648949,-0.020075084
2018-07-27 20:00,0,-0.022595114,-0.0389388,-0.019785302
2018-07-27 21:00,0,-0.021800675,-0.037778952,-0.019106258
2018-07-27 22:00,0,-0.021593876,-0.037613258,-0.01836182
2018-07-27 23:00,0,-0.021042791,-0.036622693,-0.017745655
2018-07-28 00:00,0,-0.020712392,-0.036564943,-0.017522408
2018-07-28 01:00,0,-0.02041601,-0.035796821,-0.017358575
2018-07-28 02:00,0,-0.020333155,-0.035431495,-0.016938158
2018-07-28 03:00,0,-0.020290415,-0.03541516,-0.016100398
2018-07-28 04:00,0,-0.020440998,-0.034636519,-0.0164782
2018-07-28 05:00,0,-0.021232778,-0.034782853,-0.017834169
2018-07-28 06:00,0,-0.021966585,-0.035771737,-0.019363879
2018-07-28 07:00,0,-0.022776806,-0.037219869,-0.019825311
2018-07-28 08:00,0,-0.023228977,-0.037462493,-0.019437556
2018-07-28 09:00,0,-0.021641349,-0.036316106,-0.017777392
2018-07-28 10:00,0,-0.018553332,-0.03515219,-0.016616254
2018-07-28 11:00,0,-0.020911034,-0.035605432,-0.016468723
2018-07-28 12:00,0,-0.022473685,-0.03670346,-0.017731373
2018-07-28 13:00,0,-0.022208955,-0.036734331,-0.018621416
2018-07-28 14:00,0,-0.022413787,-0.036222538,-0.01831345
2018-07-28 15:00,0,-0.02172303,-0.035866629,-0.016266581
2018-07-28 16:00,0,-0.020138787,-0.03551514,-0.016141778
2018-07-28 17:00,0,-0.019647486,-0.035639211,-0.01838526
2018-07-28 18:00,0,-0.021046295,-0.036250799,-0.019997776
2018-07-28 19:00,0,-0.021572298,-0.036413261,-0.019722324
2018-07-28 20:00,0,-0.021407595,-0.037000863,-0.019533088
2018-07-28 21:00,0,-0.020738922,-0.036850399,-0.018742752
2018-07-28 22:00,0,-0.020730548,-0.036095125,-0.017792518
2018-07-28 23:00,0,-0.020224588,-0.035419808,-0.017303437
2018-07-29 00:00,0,-0.019960169,-0.034769327,-0.01699909
2018-07-29 01:00,0,-0.019652685,-0.034153451,-0.016844407
2018-07-29 02:00,0,-0.019520433,-0.033896004,-0.016423826
2018-07-29 03:00,0,-0.019318701,-0.033614792,-0.015446517
2018-07-29 04:00,0,-0.01909896,-0.032702759,-0.015901652
2018-07-29 05:00,0,-0.019703212,-0.032964749,-0.016932127
2018-07-29 06:00,0,-0.020291411,-0.033731493,-0.018546097
2018-07-29 07:00,0,-0.021124547,-0.034862425,-0.019294393
2018-07-29 08:00,0,-0.021781924,-0.034928703,-0.018890933
2018-07-29 09:00,0,-0.020291874,-0.03425277,-0.01771191
2018-07-29 10:00,0,-0.017338141,-0.033671513,-0.016179757
2018-07-29 11:00,0,-0.019696991,-0.034298815,-0.01632314
2018-07-29 12:00,0,-0.0213114,-0.035009371,-0.017478479
2018-07-29 13:00,0,-0.020959061,-0.035244807,-0.018239605
2018-07-29 14:00,0,-0.0210986,-0.035500048,-0.017911257
2018-07-29 15:00,0,-0.020650166,-0.034986189,-0.016227963
2018-07-29 16:00,0,-0.019358386,-0.034822112,-0.016329338
2018-07-29 17:00,0,-0.019288799,-0.035213469,-0.018706903
2018-07-29 18:00,0,-0.020831525,-0.035989817,-0.020209311
2018-07-29 19:00,0,-0.021538591,-0.036415135,-0.019906483
2018-07-29 20:00,0,-0.021574229,-0.037198877,-0.019463934
2018-07-29 21:00,0,-0.021007625,-0.036510374,-0.01851901
2018-07-29 22:00,0,-0.021092516,-0.036058476,-0.017709203
2018-07-29 23:00,0,-0.020661125,-0.035683783,-0.017026873
2018-07-30 00:00,0,-0.020456701,-0.034870083,-0.016901965
2018-07-30 01:00,0,-0.020272142,-0.035058509,-0.016826058
2018-07-30 02:00,0,-0.020487109,-0.035126871,-0.016665459
2018-07-30 03:00,0,-0.021263123,-0.035133248,-0.016500172
2018-07-30 04:00,0,-0.022715159,-0.035788371,-0.017752218
2018-07-30 05:00,0,-0.024388558,-0.03701915,-0.019160661
2018-07-30 06:00,0,-0.025230082,-0.038536556,-0.020639732
2018-07-30 07:00,0,-0.025727393,-0.039964591,-0.020945823
2018-07-30 08:00,0,-0.026088651,-0.040345502,-0.02060005
2018-07-30 09:00,0,-0.024528165,-0.039426481,-0.019015083
2018-07-30 10:00,0,-0.021215039,-0.038197263,-0.018111585
2018-07-30 11:00,0,-0.023952638,-0.039099575,-0.018096983
2018-07-30 12:00,0,-0.025605045,-0.040393242,-0.019254563
2018-07-30 13:00,0,-0.02522889,-0.04062134,-0.019883058
2018-07-30 14:00,0,-0.025105535,-0.040086406,-0.018470359
2018-07-30 15:00,0,-0.023945721,-0.038801245,-0.015696636
2018-07-30 16:00,0,-0.021945306,-0.038855115,-0.016026187
2018-07-30 17:00,0,-0.02139772,-0.038031118,-0.018807523
2018-07-30 18:00,0,-0.022842573,-0.038366544,-0.020654066
2018-07-30 19:00,0,-0.023535906,-0.038343119,-0.020107714
2018-07-30 20:00,0,-0.02296437,-0.039051331,-0.019744109
2018-07-30 21:00,0,-0.0221141,-0.038292801,-0.01869737
2018-07-30 22:00,0,-0.021975564,-0.037389822,-0.017992874
2018-07-30 23:00,0,-0.021460004,-0.036728361,-0.017446761
2018-07-31 00:00,0,-0.021257068,-0.036027701,-0.0171678
2018-07-31 01:00,0,-0.021002109,-0.035717191,-0.017194211
2018-07-31 02:00,0,-0.021213145,-0.03583391,-0.016987523
2018-07-31 03:00,0,-0.021810615,-0.035936815,-0.016671866
2018-07-31 04:00,0,-0.023101315,-0.036032748,-0.017639784
2018-07-31 05:00,0,-0.024544369,-0.037005652,-0.019109826
2018-07-31 06:00,0,-0.025267145,-0.038713952,-0.020579759
2018-07-31 07:00,0,-0.025727901,-0.039846115,-0.020996471
2018-07-31 08:00,0,-0.026160623,-0.04014403,-0.020544488
2018-07-31 09:00,0,-0.024548788,-0.039097686,-0.019069863
2018-07-31 10:00,0,-0.021253429,-0.038228784,-0.017691923
2018-07-31 11:00,0,-0.023924432,-0.039168302,-0.017970818
2018-07-31 12:00,0,-0.025692152,-0.040219819,-0.019181977
2018-07-31 13:00,0,-0.025354038,-0.040634369,-0.019727117
2018-07-31 14:00,0,-0.025373985,-0.040108151,-0.018563174
2018-07-31 15:00,0,-0.024177775,-0.039270023,-0.016070094
2018-07-31 16:00,0,-0.022245657,-0.038283801,-0.016110534
2018-07-31 17:00,0,-0.021620188,-0.03782315,-0.018907177
2018-07-31 18:00,0,-0.023052321,-0.038110142,-0.020864891
2018-07-31 19:00,0,-0.023718747,-0.038207475,-0.020428323
2018-07-31 20:00,0,-0.023250865,-0.0388498,-0.020020312
2018-07-31 21:00,0,-0.022386084,-0.03815398,-0.018918286
2018-07-31 22:00,0,-0.022691533,-0.037548177,-0.018216469
2018-07-31 23:00,0,-0.022060502,-0.036850739,-0.017699879
2018-08-01 00:00,0,-0.021965275,-0.036093757,-0.017473482
2018-08-01 01:00,0,-0.021643048,-0.035894104,-0.017464872
2018-08-01 02:00,0,-0.021794184,-0.035891383,-0.017155203
2018-08-01 03:00,0,-0.022311735,-0.03609521,-0.016803686
2018-08-01 04:00,0,-0.023688739,-0.036132193,-0.01771629
2018-08-01 05:00,0,-0.025319133,-0.037280568,-0.018958176
2018-08-01 06:00,0,-0.025970373,-0.038636714,-0.020371317
2018-08-01 07:00,0,-0.026429267,-0.040149156,-0.020903309
2018-08-01 08:00,0,-0.026631515,-0.040468297,-0.020387616
2018-08-01 09:00,0,-0.025042601,-0.039312436,-0.018750955
2018-08-01 10:00,0,-0.021787306,-0.038207209,-0.017770536
2018-08-01 11:00,0,-0.024677752,-0.039077956,-0.017794235
2018-08-01 12:00,0,-0.026444829,-0.040333486,-0.019244882
2018-08-01 13:00,0,-0.026138652,-0.040661159,-0.019844253
2018-08-01 14:00,0,-0.026306637,-0.040069484,-0.018646082
2018-08-01 15:00,0,-0.025184097,-0.038947573,-0.016134579
2018-08-01 16:00,0,-0.022990413,-0.038165983,-0.01619594
2018-08-01 17:00,0,-0.02216462,-0.037605877,-0.018907962
2018-08-01 18:00,0,-0.023698536,-0.037927946,-0.020803652
2018-08-01 19:00,0,-0.024331787,-0.038140489,-0.020425417
2018-08-01 20:00,0,-0.023766534,-0.038696142,-0.020111664
2018-08-01 21:00,0,-0.022909811,-0.037801412,-0.018993548
2018-08-01 22:00,0,-0.022791631,-0.037076204,-0.018222793
2018-08-01 23:00,0,-0.022238709,-0.036492039,-0.017618633
2018-08-02 00:00,0,-0.021887064,-0.035795803,-0.017436555
2018-08-02 01:00,0,-0.021777621,-0.03558367,-0.01738378
2018-08-02 02:00,0,-0.021997973,-0.035630832,-0.017142017
2018-08-02 03:00,0,-0.022606889,-0.035750981,-0.016732332
2018-08-02 04:00,0,-0.023834807,-0.035746801,-0.017783116
2018-08-02 05:00,0,-0.025525184,-0.036788979,-0.019278962
2018-08-02 06:00,0,-0.026261633,-0.038097197,-0.020840674
2018-08-02 07:00,0,-0.026822141,-0.03965132,-0.021153025
2018-08-02 08:00,0,-0.027149413,-0.040047172,-0.020834176
2018-08-02 09:00,0,-0.025537257,-0.039155125,-0.019333739
2018-08-02 10:00,0,-0.022274472,-0.038068204,-0.01817703
2018-08-02 11:00,0,-0.025054975,-0.038951083,-0.018220534
2018-08-02 12:00,0,-0.026903394,-0.039987083,-0.019393314
2018-08-02 13:00,0,-0.026517283,-0.040382736,-0.020139521
2018-08-02 14:00,0,-0.026228646,-0.040083502,-0.018966834
2018-08-02 15:00,0,-0.025384326,-0.039303085,-0.016402471
2018-08-02 16:00,0,-0.023126149,-0.038384138,-0.016196192
2018-08-02 17:00,0,-0.022316455,-0.03785767,-0.019007721
2018-08-02 18:00,0,-0.023796665,-0.038328801,-0.021018253
2018-08-02 19:00,0,-0.02426972,-0.038442887,-0.020588242
2018-08-02 20:00,0,-0.023780577,-0.039207258,-0.020172039
2018-08-02 21:00,0,-0.022949014,-0.038489976,-0.019075309
2018-08-02 22:00,0,-0.022713556,-0.03757368,-0.018284806
2018-08-02 23:00,0,-0.022247212,-0.036797607,-0.017489119
2018-08-03 00:00,0,-0.021963651,-0.036170436,-0.017295269
2018-08-03 01:00,0,-0.021689821,-0.036004143,-0.017314829
2018-08-03 02:00,0,-0.021978196,-0.035958987,-0.017097037
2018-08-03 03:00,0,-0.022691944,-0.036239173,-0.016688898
2018-08-03 04:00,0,-0.023668821,-0.036368459,-0.017565469
2018-08-03 05:00,0,-0.025179073,-0.037334445,-0.01911703
2018-08-03 06:00,0,-0.025985618,-0.038638224,-0.02039248
2018-08-03 07:00,0,-0.026555649,-0.04030167,-0.020843236
2018-08-03 08:00,0,-0.026853536,-0.040652481,-0.020358298
2018-08-03 09:00,0,-0.025114846,-0.039825919,-0.018823541
2018-08-03 10:00,0,-0.021655122,-0.03882113,-0.017788905
2018-08-03 11:00,0,-0.024096174,-0.039685813,-0.017901494
2018-08-03 12:00,0,-0.026085447,-0.040851771,-0.019458302
2018-08-03 13:00,0,-0.025752845,-0.041053959,-0.019856878
2018-08-03 14:00,0,-0.025504069,-0.040348048,-0.018762774
2018-08-03 15:00,0,-0.024511899,-0.039308124,-0.015923072
2018-08-03 16:00,0,-0.022255503,-0.038390861,-0.01581138
2018-08-03 17:00,0,-0.021724077,-0.038134427,-0.018721155
2018-08-03 18:00,0,-0.022960076,-0.038327801,-0.020561671
2018-08-03 19:00,0,-0.023569786,-0.038583089,-0.02016408
2018-08-03 20:00,0,-0.02306516,-0.038870496,-0.01977518
2018-08-03 21:00,0,-0.02236288,-0.038065584,-0.018875291
2018-08-03 22:00,0,-0.022211097,-0.037227108,-0.01799714
2018-08-03 23:00,0,-0.021694143,-0.036409997,-0.017252665
2018-08-04 00:00,0,-0.021380742,-0.03569598,-0.017017579
2018-08-04 01:00,0,-0.020971177,-0.035598678,-0.016926462
2018-08-04 02:00,0,-0.020971414,-0.035448376,-0.016560507
2018-08-04 03:00,0,-0.021095142,-0.035097649,-0.015724273
2018-08-04 04:00,0,-0.02127386,-0.03413877,-0.01612532
2018-08-04 05:00,0,-0.022194987,-0.034385787,-0.017419312
2018-08-04 06:00,0,-0.022965743,-0.035659295,-0.018813485
2018-08-04 07:00,0,-0.023679622,-0.037391057,-0.019552606
2018-08-04 08:00,0,-0.024010648,-0.037645723,-0.019181791
2018-08-04 09:00,0,-0.022470423,-0.036621727,-0.017931187
2018-08-04 10:00,0,-0.019367093,-0.035836171,-0.016272121
2018-08-04 11:00,0,-0.021568253,-0.03636491,-0.016144411
2018-08-04 12:00,0,-0.023395706,-0.03743124,-0.017371779
2018-08-04 13:00,0,-0.023220508,-0.037486774,-0.018224689
2018-08-04 14:00,0,-0.023352297,-0.037526597,-0.017997665
2018-08-04 15:00,0,-0.022766758,-0.036486556,-0.015998479
2018-08-04 16:00,0,-0.021044162,-0.035786346,-0.015987368
2018-08-04 17:00,0,-0.020474495,-0.03555627,-0.018249421
2018-08-04 18:00,0,-0.021928632,-0.035996508,-0.01983877
2018-08-04 19:00,0,-0.022369253,-0.036530989,-0.019427858
2018-08-04 20:00,0,-0.022108987,-0.036986389,-0.019291374
2018-08-04 21:00,0,-0.021423567,-0.036446239,-0.018440799
2018-08-04 22:00,0,-0.021341805,-0.035711927,-0.017595602
2018-08-04 23:00,0,-0.020763863,-0.035211984,-0.016976414
2018-08-05 00:00,0,-0.020698053,-0.034721973,-0.01672594
2018-08-05 01:00,0,-0.020359227,-0.034462373,-0.016612368
2018-08-05 02:00,0,-0.020276907,-0.034218848,-0.016107706
2018-08-05 03:00,0,-0.020159204,-0.033842556,-0.015307064
2018-08-05 04:00,0,-0.019955184,-0.033013056,-0.015461107
2018-08-05 05:00,0,-0.020642505,-0.033095721,-0.016663189
2018-08-05 06:00,0,-0.021412471,-0.034119551,-0.018193464
2018-08-05 07:00,0,-0.022215337,-0.035450497,-0.018998894
2018-08-05 08:00,0,-0.022719822,-0.03598741,-0.018624965
2018-08-05 09:00,0,-0.02090884,-0.034960201,-0.017391125
2018-08-05 10:00,0,-0.017954449,-0.034449521,-0.015839736
2018-08-05 11:00,0,-0.020665274,-0.034758223,-0.016127555
2018-08-05 12:00,0,-0.022386551,-0.035562071,-0.017065862
2018-08-05 13:00,0,-0.022264804,-0.035519508,-0.017993025
2018-08-05 14:00,0,-0.022286808,-0.03539543,-0.017746135
2018-08-05 15:00,0,-0.021809598,-0.035035557,-0.016257507
2018-08-05 16:00,0,-0.020368014,-0.035038071,-0.016339798
2018-08-05 17:00,0,-0.020084146,-0.035587507,-0.018698779
2018-08-05 18:00,0,-0.021717464,-0.036203418,-0.020642724
2018-08-05 19:00,0,-0.0223407,-0.036641844,-0.020024804
2018-08-05 20:00,0,-0.022157578,-0.037004401,-0.019547041
2018-08-05 21:00,0,-0.021495407,-0.036564975,-0.01849847
2018-08-05 22:00,0,-0.02148855,-0.035934062,-0.017638817
2018-08-05 23:00,0,-0.021072069,-0.035453747,-0.01692282
2018-08-06 00:00,0,-0.020889703,-0.034781106,-0.016649304
2018-08-06 01:00,0,-0.020721196,-0.034611881,-0.01654401
2018-08-06 02:00,0,-0.021006146,-0.034796905,-0.016384646
2018-08-06 03:00,0,-0.021686739,-0.035242715,-0.016264254
2018-08-06 04:00,0,-0.022974194,-0.03571734,-0.017563169
2018-08-06 05:00,0,-0.02455588,-0.03727243,-0.018975138
2018-08-06 06:00,0,-0.025366051,-0.039126184,-0.020388742
2018-08-06 07:00,0,-0.025888611,-0.040631985,-0.020992764
2018-08-06 08:00,0,-0.02625228,-0.041022889,-0.020622131
2018-08-06 09:00,0,-0.024577214,-0.040161518,-0.019027204
2018-08-06 10:00,0,-0.021683692,-0.039076389,-0.018155396
2018-08-06 11:00,0,-0.024060716,-0.039863666,-0.018264303
2018-08-06 12:00,0,-0.026001034,-0.041081723,-0.019678217
2018-08-06 13:00,0,-0.025689789,-0.04124922,-0.0201961
2018-08-06 14:00,0,-0.025745965,-0.040879965,-0.019034817
2018-08-06 15:00,0,-0.024850266,-0.039994024,-0.016470171
2018-08-06 16:00,0,-0.022702677,-0.039300458,-0.01627604
2018-08-06 17:00,0,-0.02202623,-0.038763389,-0.019133244
2018-08-06 18:00,0,-0.023299357,-0.038921787,-0.021283765
2018-08-06 19:00,0,-0.023888999,-0.039089816,-0.020491881
2018-08-06 20:00,0,-0.023216137,-0.03951931,-0.020079274
2018-08-06 21:00,0,-0.022259208,-0.038695965,-0.018878223
2018-08-06 22:00,0,-0.022305795,-0.037872916,-0.018058627
2018-08-06 23:00,0,-0.02183214,-0.037297038,-0.017420718
2018-08-07 00:00,0,-0.021595119,-0.036651508,-0.017146859
2018-08-07 01:00,0,-0.021340551,-0.0364539,-0.017187433
2018-08-07 02:00,0,-0.021424967,-0.036446244,-0.016963111
2018-08-07 03:00,0,-0.021987807,-0.03687224,-0.016683935
2018-08-07 04:00,0,-0.023258718,-0.037146953,-0.017571048
2018-08-07 05:00,0,-0.024734289,-0.0382157,-0.019079096
2018-08-07 06:00,0,-0.025528479,-0.03975143,-0.020611532
2018-08-07 07:00,0,-0.026136484,-0.041398915,-0.021139566
2018-08-07 08:00,0,-0.026553993,-0.041874699,-0.020854579
2018-08-07 09:00,0,-0.02512564,-0.040956059,-0.019398807
2018-08-07 10:00,0,-0.021797504,-0.039865904,-0.018418429
2018-08-07 11:00,0,-0.024645953,-0.040528449,-0.018180047
2018-08-07 12:00,0,-0.026500102,-0.041675576,-0.019637967
2018-08-07 13:00,0,-0.026228984,-0.042078041,-0.020268105
2018-08-07 14:00,0,-0.026164095,-0.041329518,-0.019262245
2018-08-07 15:00,0,-0.024992638,-0.04040709,-0.016445153
2018-08-07 16:00,0,-0.022925057,-0.039665809,-0.016459521
2018-08-07 17:00,0,-0.021993532,-0.039239056,-0.019387282
2018-08-07 18:00,0,-0.023299313,-0.039728317,-0.021259601
2018-08-07 19:00,0,-0.023646147,-0.039211067,-0.020682732
2018-08-07 20:00,0,-0.023115865,-0.039662055,-0.020255974
2018-08-07 21:00,0,-0.022348514,-0.038666357,-0.019125336
2018-08-07 22:00,0,-0.022202086,-0.03740913,-0.018334873
2018-08-07 23:00,0,-0.021701424,-0.037099793,-0.017742198
2018-08-08 00:00,0,-0.021565965,-0.037049425,-0.017514387
2018-08-08 01:00,0,-0.021474588,-0.03650665,-0.0174944
2018-08-08 02:00,0,-0.021602644,-0.036272933,-0.017287362
2018-08-08 03:00,0,-0.022290006,-0.036653745,-0.017045225
2018-08-08 04:00,0,-0.023525585,-0.03643233,-0.017935324
2018-08-08 05:00,0,-0.025109188,-0.037540569,-0.019355082
2018-08-08 06:00,0,-0.025739549,-0.039235133,-0.020878514
2018-08-08 07:00,0,-0.026167445,-0.040628671,-0.021344989
2018-08-08 08:00,0,-0.026647784,-0.04060179,-0.021121375
2018-08-08 09:00,0,-0.025110299,-0.039782033,-0.019684209
2018-08-08 10:00,0,-0.021850493,-0.03832576,-0.018566519
2018-08-08 11:00,0,-0.024542481,-0.039140997,-0.018693357
2018-08-08 12:00,0,-0.026315307,-0.040242759,-0.019965608
2018-08-08 13:00,0,-0.025938144,-0.040320733,-0.020766991
2018-08-08 14:00,0,-0.026005441,-0.039811077,-0.019504206
2018-08-08 15:00,0,-0.024900903,-0.038898849,-0.016939116
2018-08-08 16:00,0,-0.022759556,-0.038450009,-0.016632424
2018-08-08 17:00,0,-0.022225139,-0.037962096,-0.019628833
2018-08-08 18:00,0,-0.023633746,-0.038384853,-0.021555563
2018-08-08 19:00,0,-0.024005315,-0.038616839,-0.020934082
2018-08-08 20:00,0,-0.023384872,-0.039013945,-0.02053208
2018-08-08 21:00,0,-0.022520433,-0.038197049,-0.019314522
2018-08-08 22:00,0,-0.022416053,-0.037488374,-0.018408617
2018-08-08 23:00,0,-0.021887841,-0.036953521,-0.017812595
2018-08-09 00:00,0,-0.021550301,-0.036292229,-0.017500291
2018-08-09 01:00,0,-0.021294339,-0.036177419,-0.01744728
2018-08-09 02:00,0,-0.021480119,-0.036119468,-0.017272427
2018-08-09 03:00,0,-0.022193154,-0.036358455,-0.016908896
2018-08-09 04:00,0,-0.023465884,-0.036542072,-0.017841726
2018-08-09 05:00,0,-0.024951643,-0.037705355,-0.019390612
2018-08-09 06:00,0,-0.025708758,-0.039175853,-0.02077967
2018-08-09 07:00,0,-0.026321194,-0.040509924,-0.021349242
2018-08-09 08:00,0,-0.026818072,-0.040597713,-0.021059655
2018-08-09 09:00,0,-0.025219062,-0.039753395,-0.019431117
2018-08-09 10:00,0,-0.022024037,-0.038652226,-0.018277316
2018-08-09 11:00,0,-0.024659054,-0.03955864,-0.018520173
2018-08-09 12:00,0,-0.026536197,-0.041097241,-0.019905379
2018-08-09 13:00,0,-0.026159066,-0.041237258,-0.020443902
2018-08-09 14:00,0,-0.026150971,-0.040888737,-0.019264977
2018-08-09 15:00,0,-0.025031073,-0.038839935,-0.016463989
2018-08-09 16:00,0,-0.023045611,-0.037702031,-0.016399712
2018-08-09 17:00,0,-0.022187933,-0.037362745,-0.019412412
2018-08-09 18:00,0,-0.023817888,-0.03729914,-0.021225988
2018-08-09 19:00,0,-0.024409218,-0.037728863,-0.020732609
2018-08-09 20:00,0,-0.023791845,-0.038274926,-0.020235518
2018-08-09 21:00,0,-0.022939341,-0.037577771,-0.019139973
2018-08-09 22:00,0,-0.023018608,-0.0372243,-0.018317783
2018-08-09 23:00,0,-0.022357069,-0.036379402,-0.017679897
2018-08-10 00:00,0,-0.021979128,-0.035947586,-0.01738076
2018-08-10 01:00,0,-0.021725365,-0.035726203,-0.017373897
2018-08-10 02:00,0,-0.021779588,-0.035696785,-0.017219906
2018-08-10 03:00,0,-0.0224689,-0.035988996,-0.01686238
2018-08-10 04:00,0,-0.023470901,-0.035955366,-0.017684192
2018-08-10 05:00,0,-0.025117311,-0.037259592,-0.019117657
2018-08-10 06:00,0,-0.025974269,-0.038426905,-0.020603311
2018-08-10 07:00,0,-0.026692554,-0.039664139,-0.021107197
2018-08-10 08:00,0,-0.027112968,-0.039635828,-0.020681181
2018-08-10 09:00,0,-0.025478465,-0.038679863,-0.019151195
2018-08-10 10:00,0,-0.022107986,-0.037556115,-0.017819711
2018-08-10 11:00,0,-0.024627177,-0.038109053,-0.017904737
2018-08-10 12:00,0,-0.026242988,-0.038896029,-0.019313047
2018-08-10 13:00,0,-0.025797034,-0.038925976,-0.019834821
2018-08-10 14:00,0,-0.025760567,-0.038308339,-0.018741174
2018-08-10 15:00,0,-0.02461293,-0.03713962,-0.016054267
2018-08-10 16:00,0,-0.022605452,-0.036673207,-0.015822168
2018-08-10 17:00,0,-0.021571627,-0.03675659,-0.018642742
2018-08-10 18:00,0,-0.022897619,-0.037440588,-0.020645215
2018-08-10 19:00,0,-0.023144723,-0.037759544,-0.020134048
2018-08-10 20:00,0,-0.02252935,-0.038179811,-0.019813398
2018-08-10 21:00,0,-0.021705285,-0.037315003,-0.01898216
2018-08-10 22:00,0,-0.021742673,-0.036783853,-0.018162463
2018-08-10 23:00,0,-0.021361522,-0.036509464,-0.017461118
2018-08-11 00:00,0,-0.02114705,-0.035543091,-0.017221728
2018-08-11 01:00,0,-0.020745122,-0.035070675,-0.017122841
2018-08-11 02:00,0,-0.020741761,-0.03452384,-0.016736489
2018-08-11 03:00,0,-0.020844642,-0.034281538,-0.015796393
2018-08-11 04:00,0,-0.021037103,-0.033556527,-0.016323655
2018-08-11 05:00,0,-0.021889615,-0.033639471,-0.017480203
2018-08-11 06:00,0,-0.022578962,-0.034802834,-0.018882318
2018-08-11 07:00,0,-0.023487606,-0.036481741,-0.019616966
2018-08-11 08:00,0,-0.023876384,-0.036598252,-0.019364883
2018-08-11 09:00,0,-0.0222431,-0.035677563,-0.017940944
2018-08-11 10:00,0,-0.019398566,-0.034906501,-0.0163767
2018-08-11 11:00,0,-0.021469513,-0.035036669,-0.016240571
2018-08-11 12:00,0,-0.023174409,-0.036112404,-0.017530346
2018-08-11 13:00,0,-0.022772047,-0.036293995,-0.01842455
2018-08-11 14:00,0,-0.023133156,-0.036229516,-0.01790939
2018-08-11 15:00,0,-0.022329424,-0.03568255,-0.016196135
2018-08-11 16:00,0,-0.020390082,-0.035521755,-0.016186795
2018-08-11 17:00,0,-0.019583041,-0.035570794,-0.018433092
2018-08-11 18:00,0,-0.021168645,-0.035494408,-0.020075612
2018-08-11 19:00,0,-0.021655567,-0.036093733,-0.019459851
2018-08-11 20:00,0,-0.021431767,-0.036278014,-0.019228409
2018-08-11 21:00,0,-0.020845741,-0.035843632,-0.01849031
2018-08-11 22:00,0,-0.020895055,-0.035476727,-0.017639336
2018-08-11 23:00,0,-0.020389419,-0.03495987,-0.017088961
2018-08-12 00:00,0,-0.02029305,-0.03431703,-0.016948828
2018-08-12 01:00,0,-0.019941541,-0.033910832,-0.016715107
2018-08-12 02:00,0,-0.019922761,-0.033662848,-0.01633763
2018-08-12 03:00,0,-0.019815303,-0.033212354,-0.015515195
2018-08-12 04:00,0,-0.019636579,-0.032323574,-0.015678688
2018-08-12 05:00,0,-0.020428386,-0.032241248,-0.016836243
2018-08-12 06:00,0,-0.020917336,-0.033516149,-0.018282813
2018-08-12 07:00,0,-0.021590975,-0.034734601,-0.01910738
2018-08-12 08:00,0,-0.02210264,-0.035194063,-0.018663495
2018-08-12 09:00,0,-0.020570615,-0.034385116,-0.017404454
2018-08-12 10:00,0,-0.017406394,-0.033550234,-0.015916801
2018-08-12 11:00,0,-0.019841905,-0.03377575,-0.015867774
2018-08-12 12:00,0,-0.021620457,-0.034792592,-0.017138763
2018-08-12 13:00,0,-0.021372896,-0.035063524,-0.017989848
2018-08-12 14:00,0,-0.021701837,-0.034985297,-0.017951788
2018-08-12 15:00,0,-0.0211803,-0.034832493,-0.0161128
2018-08-12 16:00,0,-0.019873035,-0.03483019,-0.01630719
2018-08-12 17:00,0,-0.019674855,-0.035417615,-0.018605546
2018-08-12 18:00,0,-0.021423265,-0.036125287,-0.020468693
2018-08-12 19:00,0,-0.022061107,-0.036834202,-0.019807247
2018-08-12 20:00,0,-0.02180872,-0.036982537,-0.019398775
2018-08-12 21:00,0,-0.021191226,-0.036463619,-0.018358229
2018-08-12 22:00,0,-0.021253209,-0.035879283,-0.017630501
2018-08-12 23:00,0,-0.020821713,-0.035634454,-0.017049545
2018-08-13 00:00,0,-0.020635922,-0.035167202,-0.016787454
2018-08-13 01:00,0,-0.020415378,-0.034915537,-0.01664253
2018-08-13 02:00,0,-0.020635555,-0.034950361,-0.016490101
2018-08-13 03:00,0,-0.021601469,-0.035225614,-0.016475581
2018-08-13 04:00,0,-0.02290528,-0.036225383,-0.017587732
2018-08-13 05:00,0,-0.024611687,-0.03754927,-0.019013614
2018-08-13 06:00,0,-0.025304859,-0.039127332,-0.02040008
2018-08-13 07:00,0,-0.026000435,-0.040753591,-0.020859279
2018-08-13 08:00,0,-0.02647764,-0.040875817,-0.020446218
2018-08-13 09:00,0,-0.02497457,-0.039704283,-0.018982933
2018-08-13 10:00,0,-0.021699149,-0.038575564,-0.01795886
2018-08-13 11:00,0,-0.024457079,-0.039332991,-0.01801944
2018-08-13 12:00,0,-0.026297449,-0.040510323,-0.019425179
2018-08-13 13:00,0,-0.02607356,-0.04074814,-0.020008104
2018-08-13 14:00,0,-0.025982031,-0.040084627,-0.018752953
2018-08-13 15:00,0,-0.024845356,-0.038982351,-0.01628925
2018-08-13 16:00,0,-0.02264189,-0.038058547,-0.016314546
2018-08-13 17:00,0,-0.022279666,-0.037732269,-0.019407144
2018-08-13 18:00,0,-0.023672182,-0.037928335,-0.021130476
2018-08-13 19:00,0,-0.024066727,-0.03855908,-0.020477521
2018-08-13 20:00,0,-0.023388546,-0.038675609,-0.020113672
2018-08-13 21:00,0,-0.022518104,-0.037695158,-0.019094803
2018-08-13 22:00,0,-0.022350292,-0.036981579,-0.018263958
2018-08-13 23:00,0,-0.021947011,-0.036602133,-0.017715669
2018-08-14 00:00,0,-0.021590323,-0.036143345,-0.0176102
2018-08-14 01:00,0,-0.02125609,-0.035983083,-0.017502364
2018-08-14 02:00,0,-0.021498418,-0.03597377,-0.017380326
2018-08-14 03:00,0,-0.022223911,-0.036340897,-0.016977799
2018-08-14 04:00,0,-0.023441096,-0.036720039,-0.017889652
2018-08-14 05:00,0,-0.025072788,-0.037822296,-0.019277063
2018-08-14 06:00,0,-0.026054083,-0.039373323,-0.020540221
2018-08-14 07:00,0,-0.026677459,-0.04070898,-0.020940788
2018-08-14 08:00,0,-0.027064664,-0.040922436,-0.020488262
2018-08-14 09:00,0,-0.025505461,-0.039926214,-0.018846517
2018-08-14 10:00,0,-0.022000046,-0.038730049,-0.018185538
2018-08-14 11:00,0,-0.024652477,-0.03918542,-0.018302448
2018-08-14 12:00,0,-0.026294091,-0.040639823,-0.019757333
2018-08-14 13:00,0,-0.025892794,-0.040601833,-0.020460568
2018-08-14 14:00,0,-0.025638554,-0.04002317,-0.019274333
2018-08-14 15:00,0,-0.024280774,-0.039130979,-0.016420962
2018-08-14 16:00,0,-0.022283948,-0.038014401,-0.016646376
2018-08-14 17:00,0,-0.02149528,-0.037851387,-0.019562058
2018-08-14 18:00,0,-0.023071334,-0.038203614,-0.02137524
2018-08-14 19:00,0,-0.023479597,-0.038626258,-0.020703388
2018-08-14 20:00,0,-0.02295148,-0.038484094,-0.020312845
2018-08-14 21:00,0,-0.022084119,-0.037558698,-0.019112988
2018-08-14 22:00,0,-0.021906869,-0.036849075,-0.018335925
2018-08-14 23:00,0,-0.021475722,-0.036331316,-0.017722538
2018-08-15 00:00,0,-0.021176007,-0.035543382,-0.017459748
2018-08-15 01:00,0,-0.020864569,-0.035371283,-0.017489423
2018-08-15 02:00,0,-0.020845907,-0.035319172,-0.017275646
2018-08-15 03:00,0,-0.020514927,-0.034819909,-0.01687832
2018-08-15 04:00,0,-0.020149732,-0.033763146,-0.017448319
2018-08-15 05:00,0,-0.02092168,-0.03395258,-0.018624816
2018-08-15 06:00,0,-0.021419509,-0.035001751,-0.019803713
2018-08-15 07:00,0,-0.02206286,-0.036258234,-0.019946203
2018-08-15 08:00,0,-0.022541619,-0.036720802,-0.019358579
2018-08-15 09:00,0,-0.021310139,-0.035952017,-0.017673855
2018-08-15 10:00,0,-0.018118029,-0.034934404,-0.016762447
2018-08-15 11:00,0,-0.020652014,-0.035246022,-0.017136977
2018-08-15 12:00,0,-0.022256452,-0.036114362,-0.018638754
2018-08-15 13:00,0,-0.02186524,-0.036126063,-0.019356656
2018-08-15 14:00,0,-0.021959455,-0.036023517,-0.018565523
2018-08-15 15:00,0,-0.021460009,-0.035261275,-0.016298663
2018-08-15 16:00,0,-0.02027802,-0.035006847,-0.016063438
2018-08-15 17:00,0,-0.019704832,-0.03531309,-0.019000197
2018-08-15 18:00,0,-0.021508016,-0.035759116,-0.020826952
2018-08-15 19:00,0,-0.021988509,-0.036527386,-0.020235815
2018-08-15 20:00,0,-0.021758096,-0.036853358,-0.020000181
2018-08-15 21:00,0,-0.021245753,-0.036226034,-0.019304442
2018-08-15 22:00,0,-0.021239762,-0.035830916,-0.018464984
2018-08-15 23:00,0,-0.020814404,-0.035398896,-0.017796382
2018-08-16 00:00,0,-0.020599311,-0.034878947,-0.017536881
2018-08-16 01:00,0,-0.020370087,-0.034695981,-0.017465466
2018-08-16 02:00,0,-0.020735423,-0.03473418,-0.017347244
2018-08-16 03:00,0,-0.021497151,-0.035472052,-0.017073744
2018-08-16 04:00,0,-0.022822445,-0.036365383,-0.017889702
2018-08-16 05:00,0,-0.024332403,-0.037368047,-0.019317639
2018-08-16 06:00,0,-0.024999411,-0.038966906,-0.020833343
2018-08-16 07:00,0,-0.025508294,-0.040525902,-0.02121552
2018-08-16 08:00,0,-0.025888153,-0.040848415,-0.02078008
2018-08-16 09:00,0,-0.024353839,-0.039702854,-0.019366636
2018-08-16 10:00,0,-0.021034105,-0.038867502,-0.018044687
2018-08-16 11:00,0,-0.023877064,-0.039542369,-0.018430856
2018-08-16 12:00,0,-0.025629498,-0.040727146,-0.019985776
2018-08-16 13:00,0,-0.025318352,-0.040954101,-0.020589322
2018-08-16 14:00,0,-0.025282765,-0.040530634,-0.019710864
2018-08-16 15:00,0,-0.02427183,-0.040044849,-0.016761313
2018-08-16 16:00,0,-0.022313708,-0.038638979,-0.016489092
2018-08-16 17:00,0,-0.021529185,-0.038480149,-0.019703705
2018-08-16 18:00,0,-0.02316794,-0.038859966,-0.021530245
2018-08-16 19:00,0,-0.023617236,-0.039275244,-0.020816568
2018-08-16 20:00,0,-0.022936089,-0.038974091,-0.020495049
2018-08-16 21:00,0,-0.022114405,-0.038293945,-0.019385326
2018-08-16 22:00,0,-0.022075827,-0.037833859,-0.018641063
2018-08-16 23:00,0,-0.021616033,-0.037059354,-0.018068332
2018-08-17 00:00,0,-0.021591104,-0.036604092,-0.017727447
2018-08-17 01:00,0,-0.021195499,-0.036333325,-0.017706307
2018-08-17 02:00,0,-0.021361118,-0.036505446,-0.017540774
2018-08-17 03:00,0,-0.022158739,-0.036685273,-0.017109443
2018-08-17 04:00,0,-0.023105499,-0.037572157,-0.017949166
2018-08-17 05:00,0,-0.024489434,-0.038501776,-0.019343858
2018-08-17 06:00,0,-0.025329209,-0.039787037,-0.020833097
2018-08-17 07:00,0,-0.02583331,-0.040888055,-0.021106208
2018-08-17 08:00,0,-0.026175251,-0.041150583,-0.020752673
2018-08-17 09:00,0,-0.024460023,-0.040395828,-0.019398882
2018-08-17 10:00,0,-0.020945037,-0.039248383,-0.018245721
2018-08-17 11:00,0,-0.023536487,-0.039676319,-0.018486699
2018-08-17 12:00,0,-0.025328127,-0.040326276,-0.019836659
2018-08-17 13:00,0,-0.024987424,-0.040328549,-0.020386214
2018-08-17 14:00,0,-0.025103012,-0.039599011,-0.019377845
2018-08-17 15:00,0,-0.024206063,-0.038546778,-0.016502683
2018-08-17 16:00,0,-0.022101737,-0.03781742,-0.01651526
2018-08-17 17:00,0,-0.021380603,-0.037493134,-0.019374724
2018-08-17 18:00,0,-0.022911222,-0.037655123,-0.020951097
2018-08-17 19:00,0,-0.023155746,-0.038421931,-0.020402811
2018-08-17 20:00,0,-0.022671394,-0.038290977,-0.020228552
2018-08-17 21:00,0,-0.021978806,-0.037830276,-0.019270979
2018-08-17 22:00,0,-0.021870106,-0.037212048,-0.018503692
2018-08-17 23:00,0,-0.021357825,-0.03658223,-0.017836826
2018-08-18 00:00,0,-0.021045401,-0.035859816,-0.017531223
2018-08-18 01:00,0,-0.020702873,-0.035451239,-0.017497863
2018-08-18 02:00,0,-0.020690992,-0.03517888,-0.017044452
2018-08-18 03:00,0,-0.020864791,-0.034811815,-0.016202898
2018-08-18 04:00,0,-0.020934196,-0.034381727,-0.016717197
2018-08-18 05:00,0,-0.021912727,-0.03430205,-0.017990179
2018-08-18 06:00,0,-0.022688246,-0.035421216,-0.01957994
2018-08-18 07:00,0,-0.023565645,-0.037329727,-0.020166169
2018-08-18 08:00,0,-0.024033677,-0.037632401,-0.019643469
2018-08-18 09:00,0,-0.022346594,-0.036594384,-0.018184749
2018-08-18 10:00,0,-0.019335786,-0.035776342,-0.017056214
2018-08-18 11:00,0,-0.021727264,-0.036543931,-0.016969048
2018-08-18 12:00,0,-0.023375059,-0.037418091,-0.018467294
2018-08-18 13:00,0,-0.023138519,-0.037276186,-0.019145311
2018-08-18 14:00,0,-0.023221104,-0.037180701,-0.018976348
2018-08-18 15:00,0,-0.022666742,-0.036500243,-0.016790404
2018-08-18 16:00,0,-0.020781862,-0.036225634,-0.016739702
2018-08-18 17:00,0,-0.020423145,-0.036206567,-0.019259984
2018-08-18 18:00,0,-0.021823311,-0.036697186,-0.020499643
2018-08-18 19:00,0,-0.022116965,-0.037057491,-0.019813721
2018-08-18 20:00,0,-0.021805695,-0.036672026,-0.019478439
2018-08-18 21:00,0,-0.021059053,-0.036351597,-0.018786726
2018-08-18 22:00,0,-0.020993699,-0.035837414,-0.017953077
2018-08-18 23:00,0,-0.020585741,-0.035277675,-0.017411671
2018-08-19 00:00,0,-0.020385316,-0.034679211,-0.01724231
2018-08-19 01:00,0,-0.020046522,-0.034408182,-0.017135898
2018-08-19 02:00,0,-0.019995385,-0.034026883,-0.016621647
2018-08-19 03:00,0,-0.019926655,-0.033891768,-0.015783612
2018-08-19 04:00,0,-0.019749873,-0.033222371,-0.015924365
2018-08-19 05:00,0,-0.020471095,-0.03318649,-0.017236986
2018-08-19 06:00,0,-0.021056122,-0.03422288,-0.018644321
2018-08-19 07:00,0,-0.021821378,-0.035560736,-0.019326135
2018-08-19 08:00,0,-0.022405895,-0.03602197,-0.018960057
2018-08-19 09:00,0,-0.020862503,-0.035252181,-0.017927264
2018-08-19 10:00,0,-0.017910815,-0.034441426,-0.016403529
2018-08-19 11:00,0,-0.02007789,-0.034982871,-0.016424562
2018-08-19 12:00,0,-0.021954155,-0.035307895,-0.017867815
2018-08-19 13:00,0,-0.021707861,-0.035526659,-0.018749569
2018-08-19 14:00,0,-0.021859265,-0.035082995,-0.01840786
2018-08-19 15:00,0,-0.021574642,-0.03495235,-0.016448031
2018-08-19 16:00,0,-0.020361622,-0.035071907,-0.016494949
2018-08-19 17:00,0,-0.020132105,-0.035742654,-0.019395156
2018-08-19 18:00,0,-0.022029778,-0.036503136,-0.020600899
2018-08-19 19:00,0,-0.022511016,-0.037480921,-0.019992756
2018-08-19 20:00,0,-0.022298498,-0.037278393,-0.019727839
2018-08-19 21:00,0,-0.021644061,-0.03694092,-0.018736368
2018-08-19 22:00,0,-0.021754449,-0.036556588,-0.017857517
2018-08-19 23:00,0,-0.021319347,-0.036251511,-0.017283655
2018-08-20 00:00,0,-0.021107513,-0.035696232,-0.017087015
2018-08-20 01:00,0,-0.020984704,-0.03557117,-0.016985695
2018-08-20 02:00,0,-0.021225177,-0.035651008,-0.016795501
2018-08-20 03:00,0,-0.022196709,-0.036271078,-0.016922151
2018-08-20 04:00,0,-0.023722171,-0.037451911,-0.018061971
2018-08-20 05:00,0,-0.025442897,-0.038950656,-0.01945522
2018-08-20 06:00,0,-0.026195916,-0.040661568,-0.020866858
2018-08-20 07:00,0,-0.026715084,-0.042242622,-0.021164033
2018-08-20 08:00,0,-0.027087514,-0.042617633,-0.020720324
2018-08-20 09:00,0,-0.025693109,-0.041716814,-0.019050398
2018-08-20 10:00,0,-0.022409298,-0.040367975,-0.018117178
2018-08-20 11:00,0,-0.025324856,-0.041215551,-0.018326985
2018-08-20 12:00,0,-0.027082738,-0.042281591,-0.019594557
2018-08-20 13:00,0,-0.026764289,-0.042602837,-0.020204661
2018-08-20 14:00,0,-0.0267071,-0.041665531,-0.01888521
2018-08-20 15:00,0,-0.025496939,-0.040757556,-0.016421646
2018-08-20 16:00,0,-0.023478727,-0.039969891,-0.016129957
2018-08-20 17:00,0,-0.022904269,-0.039760615,-0.019363748
2018-08-20 18:00,0,-0.024380288,-0.03994601,-0.021341761
2018-08-20 19:00,0,-0.024594461,-0.04004343,-0.020402026
2018-08-20 20:00,0,-0.023822377,-0.039690362,-0.020026229
2018-08-20 21:00,0,-0.022890232,-0.038781898,-0.018956766
2018-08-20 22:00,0,-0.022822148,-0.03816833,-0.018251773
2018-08-20 23:00,0,-0.02231778,-0.037422334,-0.017626883
2018-08-21 00:00,0,-0.022081057,-0.036851397,-0.017379128
2018-08-21 01:00,0,-0.021932904,-0.036693955,-0.017429554
2018-08-21 02:00,0,-0.022131241,-0.036834135,-0.017243932
2018-08-21 03:00,0,-0.022939269,-0.037245791,-0.01696484
2018-08-21 04:00,0,-0.024107008,-0.037890353,-0.017747727
2018-08-21 05:00,0,-0.025602535,-0.039053216,-0.019182808
2018-08-21 06:00,0,-0.02627692,-0.040394748,-0.020695683
2018-08-21 07:00,0,-0.026865557,-0.041640175,-0.021078308
2018-08-21 08:00,0,-0.027218748,-0.041735488,-0.020548112
2018-08-21 09:00,0,-0.025603963,-0.040979276,-0.018915479
2018-08-21 10:00,0,-0.022359659,-0.039832149,-0.018174236
2018-08-21 11:00,0,-0.025100144,-0.040703887,-0.018221856
2018-08-21 12:00,0,-0.026939517,-0.041766702,-0.019559911
2018-08-21 13:00,0,-0.026742998,-0.041773002,-0.020174883
2018-08-21 14:00,0,-0.026551614,-0.041226354,-0.019002492
2018-08-21 15:00,0,-0.025506156,-0.040329296,-0.016385645
2018-08-21 16:00,0,-0.023338802,-0.039592791,-0.016409503
2018-08-21 17:00,0,-0.022684934,-0.039199455,-0.019631945
2018-08-21 18:00,0,-0.024407322,-0.039549356,-0.021220978
2018-08-21 19:00,0,-0.024599299,-0.040101207,-0.020459296
2018-08-21 20:00,0,-0.023897008,-0.039871147,-0.020095496
2018-08-21 21:00,0,-0.023136386,-0.038925099,-0.019148185
2018-08-21 22:00,0,-0.022990878,-0.038407366,-0.018294932
2018-08-21 23:00,0,-0.022506538,-0.037819735,-0.017702007
2018-08-22 00:00,0,-0.022180609,-0.037180047,-0.017576169
2018-08-22 01:00,0,-0.021929081,-0.036969004,-0.017393067
2018-08-22 02:00,0,-0.02210622,-0.036958378,-0.01727438
2018-08-22 03:00,0,-0.022947969,-0.037216066,-0.016962058
2018-08-22 04:00,0,-0.02419417,-0.038121501,-0.017652245
2018-08-22 05:00,0,-0.025772349,-0.039269432,-0.019138793
2018-08-22 06:00,0,-0.026474962,-0.04078302,-0.020516926
2018-08-22 07:00,0,-0.026929092,-0.042277583,-0.020911767
2018-08-22 08:00,0,-0.027311426,-0.042373932,-0.020660859
2018-08-22 09:00,0,-0.025698125,-0.041765304,-0.019290806
2018-08-22 10:00,0,-0.022434545,-0.040374778,-0.018379535
2018-08-22 11:00,0,-0.025219488,-0.040888917,-0.018621629
2018-08-22 12:00,0,-0.027026843,-0.042152574,-0.019731664
2018-08-22 13:00,0,-0.026665187,-0.04219757,-0.020466534
2018-08-22 14:00,0,-0.026668101,-0.041629774,-0.019366171
2018-08-22 15:00,0,-0.025763031,-0.040312216,-0.016781063
2018-08-22 16:00,0,-0.023397557,-0.039552899,-0.01651129
2018-08-22 17:00,0,-0.022792717,-0.039250188,-0.019841164
2018-08-22 18:00,0,-0.02458979,-0.039682123,-0.02128172
2018-08-22 19:00,0,-0.024708213,-0.04041181,-0.020552382
2018-08-22 20:00,0,-0.02403452,-0.040064783,-0.02007477
2018-08-22 21:00,0,-0.023187386,-0.039130599,-0.019153398
2018-08-22 22:00,0,-0.02304512,-0.038504604,-0.018417926
2018-08-22 23:00,0,-0.022499342,-0.037934617,-0.017809761
2018-08-23 00:00,0,-0.022221692,-0.037308509,-0.017619229
2018-08-23 01:00,0,-0.02192007,-0.037058727,-0.017565561
2018-08-23 02:00,0,-0.022172959,-0.036911971,-0.0174104
2018-08-23 03:00,0,-0.022999154,-0.037480819,-0.017250264
2018-08-23 04:00,0,-0.024331709,-0.038102629,-0.017930922
2018-08-23 05:00,0,-0.025828239,-0.038820367,-0.019584201
2018-08-23 06:00,0,-0.026611706,-0.040393341,-0.020890797
2018-08-23 07:00,0,-0.027173021,-0.041591036,-0.02139309
2018-08-23 08:00,0,-0.027646721,-0.041886863,-0.020941382
2018-08-23 09:00,0,-0.026168923,-0.040749456,-0.019382065
2018-08-23 10:00,0,-0.022760558,-0.040162364,-0.018496608
2018-08-23 11:00,0,-0.025531386,-0.040715024,-0.018605796
2018-08-23 12:00,0,-0.027466387,-0.04170875,-0.019935735
2018-08-23 13:00,0,-0.027081521,-0.041876507,-0.020725936
2018-08-23 14:00,0,-0.026908959,-0.041390886,-0.019467539
2018-08-23 15:00,0,-0.025980002,-0.04031831,-0.016635999
2018-08-23 16:00,0,-0.023832863,-0.039755245,-0.016551812
2018-08-23 17:00,0,-0.023200377,-0.03904708,-0.019958606
2018-08-23 18:00,0,-0.024623003,-0.039713144,-0.021251075
2018-08-23 19:00,0,-0.024849542,-0.040179318,-0.020559249
2018-08-23 20:00,0,-0.0241229,-0.039562129,-0.020250292
2018-08-23 21:00,0,-0.02334871,-0.038902172,-0.019277196
2018-08-23 22:00,0,-0.023143934,-0.037933344,-0.018518253
2018-08-23 23:00,0,-0.022512213,-0.037113685,-0.017880477
2018-08-24 00:00,0,-0.022264349,-0.036660958,-0.017649752
2018-08-24 01:00,0,-0.022143053,-0.036474146,-0.01762854
2018-08-24 02:00,0,-0.022387796,-0.03656414,-0.017512767
2018-08-24 03:00,0,-0.023003703,-0.036943763,-0.017232354
2018-08-24 04:00,0,-0.02418002,-0.037698989,-0.018055997
2018-08-24 05:00,0,-0.025710371,-0.038620679,-0.019262399
2018-08-24 06:00,0,-0.026436138,-0.040187877,-0.020834581
2018-08-24 07:00,0,-0.026982513,-0.041520454,-0.021117005
2018-08-24 08:00,0,-0.02745553,-0.041364266,-0.020758346
2018-08-24 09:00,0,-0.0259577,-0.040254357,-0.019256965
2018-08-24 10:00,0,-0.022564512,-0.038991522,-0.018310546
2018-08-24 11:00,0,-0.024899808,-0.039514026,-0.018600597
2018-08-24 12:00,0,-0.026696137,-0.040281341,-0.019944713
2018-08-24 13:00,0,-0.026186568,-0.040631986,-0.020345626
2018-08-24 14:00,0,-0.026168689,-0.040039148,-0.0192446
2018-08-24 15:00,0,-0.025209418,-0.038420901,-0.0167186
2018-08-24 16:00,0,-0.023140254,-0.037817034,-0.016680794
2018-08-24 17:00,0,-0.022370965,-0.037545057,-0.019665674
2018-08-24 18:00,0,-0.023832771,-0.037920823,-0.021112148
2018-08-24 19:00,0,-0.023778373,-0.038366012,-0.020523785
2018-08-24 20:00,0,-0.023240257,-0.037991591,-0.020118718
2018-08-24 21:00,0,-0.02256138,-0.037539754,-0.019241507
2018-08-24 22:00,0,-0.022436216,-0.037269274,-0.018529962
2018-08-24 23:00,0,-0.021816726,-0.036743555,-0.017943575
2018-08-25 00:00,0,-0.02142869,-0.035453177,-0.017674598
2018-08-25 01:00,0,-0.021299448,-0.035252701,-0.017584607
2018-08-25 02:00,0,-0.021234348,-0.034873242,-0.017189389
2018-08-25 03:00,0,-0.021274576,-0.034529163,-0.016330062
2018-08-25 04:00,0,-0.021367655,-0.034102783,-0.016770893
2018-08-25 05:00,0,-0.022294449,-0.033940576,-0.017951536
2018-08-25 06:00,0,-0.023013066,-0.03547571,-0.019523763
2018-08-25 07:00,0,-0.02401819,-0.037080216,-0.020117664
2018-08-25 08:00,0,-0.024616209,-0.037400794,-0.019683291
2018-08-25 09:00,0,-0.0230773,-0.036122701,-0.018243828
2018-08-25 10:00,0,-0.01987941,-0.035593486,-0.016994616
2018-08-25 11:00,0,-0.022126846,-0.035966423,-0.01681734
2018-08-25 12:00,0,-0.023739373,-0.036650692,-0.01802558
2018-08-25 13:00,0,-0.023368246,-0.036774774,-0.018850241
2018-08-25 14:00,0,-0.023443781,-0.036495263,-0.018669202
2018-08-25 15:00,0,-0.022707412,-0.03596718,-0.016778697
2018-08-25 16:00,0,-0.020965072,-0.035816717,-0.016768436
2018-08-25 17:00,0,-0.020429701,-0.035752602,-0.01929155
2018-08-25 18:00,0,-0.021591312,-0.036448497,-0.020245817
2018-08-25 19:00,0,-0.021673394,-0.036759421,-0.019598723
2018-08-25 20:00,0,-0.021526854,-0.036374791,-0.019432657
2018-08-25 21:00,0,-0.021132156,-0.036083718,-0.01872483
2018-08-25 22:00,0,-0.021426531,-0.035796166,-0.018050853
2018-08-25 23:00,0,-0.020861386,-0.035374353,-0.017481123
2018-08-26 00:00,0,-0.020651316,-0.034664527,-0.017245327
2018-08-26 01:00,0,-0.020296251,-0.034367369,-0.017165456
2018-08-26 02:00,0,-0.02011532,-0.034144101,-0.016800612
2018-08-26 03:00,0,-0.019975812,-0.033662267,-0.015977259
2018-08-26 04:00,0,-0.01963377,-0.033021531,-0.016115025
2018-08-26 05:00,0,-0.02022784,-0.032618198,-0.017361271
2018-08-26 06:00,0,-0.020828075,-0.033834997,-0.018911195
2018-08-26 07:00,0,-0.021763945,-0.035430729,-0.019601861
2018-08-26 08:00,0,-0.022572107,-0.03573722,-0.019204017
2018-08-26 09:00,0,-0.021398854,-0.034673845,-0.017880127
2018-08-26 10:00,0,-0.018143339,-0.03383559,-0.016711636
2018-08-26 11:00,0,-0.020300297,-0.034492301,-0.016781392
2018-08-26 12:00,0,-0.021912926,-0.035460883,-0.017941972
2018-08-26 13:00,0,-0.02147009,-0.035566489,-0.018583193
2018-08-26 14:00,0,-0.021546433,-0.035781391,-0.018717078
2018-08-26 15:00,0,-0.02085097,-0.035205148,-0.016733886
2018-08-26 16:00,0,-0.019538528,-0.035102581,-0.017022135
2018-08-26 17:00,0,-0.019354508,-0.035491883,-0.019831469
2018-08-26 18:00,0,-0.021200811,-0.035947963,-0.02083253
2018-08-26 19:00,0,-0.02150966,-0.036351748,-0.019997227
2018-08-26 20:00,0,-0.021425348,-0.035961201,-0.019699364
2018-08-26 21:00,0,-0.021201076,-0.03560465,-0.018853082
2018-08-26 22:00,0,-0.021412592,-0.035139411,-0.018063674
2018-08-26 23:00,0,-0.021096223,-0.034647533,-0.017490089
2018-08-27 00:00,0,-0.020933806,-0.034375939,-0.017167094
2018-08-27 01:00,0,-0.020772243,-0.034298263,-0.017110437
2018-08-27 02:00,0,-0.020984505,-0.03460171,-0.017034861
2018-08-27 03:00,0,-0.021934433,-0.035456935,-0.017114304
2018-08-27 04:00,0,-0.023196916,-0.036485569,-0.018273752
2018-08-27 05:00,0,-0.024522332,-0.037914046,-0.019646255
2018-08-27 06:00,0,-0.02527084,-0.039808036,-0.020893907
2018-08-27 07:00,0,-0.025639289,-0.040990602,-0.02129666
2018-08-27 08:00,0,-0.025953281,-0.040864825,-0.02099944
2018-08-27 09:00,0,-0.024310396,-0.040309588,-0.019276671
2018-08-27 10:00,0,-0.020964423,-0.038893333,-0.018131313
2018-08-27 11:00,0,-0.02388918,-0.03982352,-0.018319216
2018-08-27 12:00,0,-0.0257739,-0.040733151,-0.020065506
2018-08-27 13:00,0,-0.025366648,-0.041125324,-0.020296521
2018-08-27 14:00,0,-0.025335112,-0.040555493,-0.019181325
2018-08-27 15:00,0,-0.024381377,-0.039840231,-0.016418094
2018-08-27 16:00,0,-0.022338702,-0.039135629,-0.016474434
2018-08-27 17:00,0,-0.022065689,-0.039385816,-0.019615213
2018-08-27 18:00,0,-0.023630005,-0.039851981,-0.020853549
2018-08-27 19:00,0,-0.023688656,-0.039724097,-0.019793864
2018-08-27 20:00,0,-0.022944104,-0.039165417,-0.019469129
2018-08-27 21:00,0,-0.022314014,-0.038551554,-0.018607932
2018-08-27 22:00,0,-0.022258724,-0.037871688,-0.018003156
2018-08-27 23:00,0,-0.021891356,-0.037426931,-0.017573764
2018-08-28 00:00,0,-0.021623015,-0.036981119,-0.017444238
2018-08-28 01:00,0,-0.021351956,-0.036760257,-0.017369385
2018-08-28 02:00,0,-0.021578438,-0.036670225,-0.017296915
2018-08-28 03:00,0,-0.02239833,-0.037205445,-0.017208826
2018-08-28 04:00,0,-0.023697117,-0.038171174,-0.01794372
2018-08-28 05:00,0,-0.025137404,-0.039224915,-0.019189908
2018-08-28 06:00,0,-0.025823054,-0.040813341,-0.020492637
2018-08-28 07:00,0,-0.026283066,-0.042003183,-0.021063079
2018-08-28 08:00,0,-0.026650695,-0.042148899,-0.020073299
2018-08-28 09:00,0,-0.024941525,-0.041095701,-0.018451324
2018-08-28 10:00,0,-0.021774315,-0.039782419,-0.017206614
2018-08-28 11:00,0,-0.024543652,-0.040125387,-0.0175346
2018-08-28 12:00,0,-0.026375422,-0.040911368,-0.018944026
2018-08-28 13:00,0,-0.025878486,-0.041176937,-0.019624199
2018-08-28 14:00,0,-0.025857484,-0.04046756,-0.018463573
2018-08-28 15:00,0,-0.024844791,-0.039571793,-0.016100957
2018-08-28 16:00,0,-0.022820148,-0.038899339,-0.015974232
2018-08-28 17:00,0,-0.022081235,-0.038993522,-0.019677338
2018-08-28 18:00,0,-0.0239248,-0.039575001,-0.020904473
2018-08-28 19:00,0,-0.023860272,-0.039864463,-0.020197469
2018-08-28 20:00,0,-0.023260046,-0.039275151,-0.019827768
2018-08-28 21:00,0,-0.022539183,-0.03841342,-0.018685362
2018-08-28 22:00,0,-0.022591181,-0.037577188,-0.018025976
2018-08-28 23:00,0,-0.022295085,-0.03710115,-0.017477002
2018-08-29 00:00,0,-0.021864386,-0.036396301,-0.017319255
2018-08-29 01:00,0,-0.021538992,-0.036283549,-0.017338681
2018-08-29 02:00,0,-0.021674866,-0.03647069,-0.017197177
2018-08-29 03:00,0,-0.022463015,-0.03696324,-0.01698982
2018-08-29 04:00,0,-0.02378325,-0.037825538,-0.017772556
2018-08-29 05:00,0,-0.025238543,-0.038927302,-0.018875995
2018-08-29 06:00,0,-0.025915404,-0.040567741,-0.019945637
2018-08-29 07:00,0,-0.026363702,-0.041942043,-0.01993845
2018-08-29 08:00,0,-0.026846133,-0.041885317,-0.019478985
2018-08-29 09:00,0,-0.025319051,-0.04132552,-0.017672271
2018-08-29 10:00,0,-0.022024748,-0.040457962,-0.016904861
2018-08-29 11:00,0,-0.024817502,-0.041066414,-0.01702188
2018-08-29 12:00,0,-0.026639666,-0.042171122,-0.01869678
2018-08-29 13:00,0,-0.026359865,-0.04234624,-0.019596588
2018-08-29 14:00,0,-0.026209798,-0.041986974,-0.018633735
2018-08-29 15:00,0,-0.025216905,-0.040929932,-0.016046724
2018-08-29 16:00,0,-0.02310296,-0.040270681,-0.016384171
2018-08-29 17:00,0,-0.022747892,-0.039455507,-0.019747013
2018-08-29 18:00,0,-0.02427263,-0.040280775,-0.020930547
2018-08-29 19:00,0,-0.024207611,-0.040226343,-0.02022179
2018-08-29 20:00,0,-0.023587831,-0.039687614,-0.019893973
2018-08-29 21:00,0,-0.02291529,-0.039043596,-0.019042012
2018-08-29 22:00,0,-0.022747069,-0.038473621,-0.018382126
2018-08-29 23:00,0,-0.022338394,-0.037790763,-0.017826482
2018-08-30 00:00,0,-0.022141766,-0.037255701,-0.017664291
2018-08-30 01:00,0,-0.021965871,-0.037046772,-0.017718696
2018-08-30 02:00,0,-0.022052454,-0.036973109,-0.017568575
2018-08-30 03:00,0,-0.022685532,-0.037329214,-0.017317158
2018-08-30 04:00,0,-0.024027203,-0.038250334,-0.018085289
2018-08-30 05:00,0,-0.025632432,-0.039268656,-0.019502736
2018-08-30 06:00,0,-0.026410683,-0.04094912,-0.020729558
2018-08-30 07:00,0,-0.027030421,-0.041877539,-0.021024193
2018-08-30 08:00,0,-0.027546413,-0.041970014,-0.020662952
2018-08-30 09:00,0,-0.026064111,-0.040772737,-0.019088069
2018-08-30 10:00,0,-0.022667378,-0.039729339,-0.018196016
2018-08-30 11:00,0,-0.025448373,-0.040677653,-0.018617492
2018-08-30 12:00,0,-0.027454381,-0.041666363,-0.020119642
2018-08-30 13:00,0,-0.027045096,-0.041825446,-0.020554725
2018-08-30 14:00,0,-0.026924888,-0.041071064,-0.019423655
2018-08-30 15:00,0,-0.025994922,-0.039996054,-0.016514795
2018-08-30 16:00,0,-0.023776743,-0.039223919,-0.017027008
2018-08-30 17:00,0,-0.023153953,-0.038885427,-0.02008665
2018-08-30 18:00,0,-0.0241847,-0.039574811,-0.021395893
2018-08-30 19:00,0,-0.024055308,-0.039912232,-0.02038773
2018-08-30 20:00,0,-0.023445196,-0.039379711,-0.020028159
2018-08-30 21:00,0,-0.022754943,-0.038709619,-0.019131368
2018-08-30 22:00,0,-0.022571085,-0.038091064,-0.018462293
2018-08-30 23:00,0,-0.022161122,-0.037387807,-0.017934227
2018-08-31 00:00,0,-0.021971331,-0.036824242,-0.017662116
2018-08-31 01:00,0,-0.021718737,-0.036579794,-0.017722866
2018-08-31 02:00,0,-0.021902842,-0.036726067,-0.01749571
2018-08-31 03:00,0,-0.022627715,-0.037081263,-0.017284044
2018-08-31 04:00,0,-0.023896696,-0.038104203,-0.018116172
2018-08-31 05:00,0,-0.025392741,-0.03895328,-0.019469318
2018-08-31 06:00,0,-0.026158543,-0.040487259,-0.020785345
2018-08-31 07:00,0,-0.026692355,-0.041822991,-0.021069938
2018-08-31 08:00,0,-0.027288284,-0.041921865,-0.020687806
2018-08-31 09:00,0,-0.025677902,-0.040651648,-0.019251697
2018-08-31 10:00,0,-0.022138666,-0.039064687,-0.018270665
2018-08-31 11:00,0,-0.02478976,-0.039899702,-0.018539995
2018-08-31 12:00,0,-0.026340701,-0.040721775,-0.019994432
2018-08-31 13:00,0,-0.025992906,-0.040747156,-0.020734997
2018-08-31 14:00,0,-0.026094132,-0.040166818,-0.019330336
2018-08-31 15:00,0,-0.024860593,-0.039126999,-0.016666383
2018-08-31 16:00,0,-0.022545133,-0.038275963,-0.016698255
2018-08-31 17:00,0,-0.021989924,-0.038229866,-0.019900493
2018-08-31 18:00,0,-0.023281077,-0.038752109,-0.021103187
2018-08-31 19:00,0,-0.023125585,-0.039098521,-0.020276944
2018-08-31 20:00,0,-0.022676345,-0.038809274,-0.020019682
2018-08-31 21:00,0,-0.022075252,-0.038096818,-0.019234547
2018-08-31 22:00,0,-0.022015852,-0.037700353,-0.018553882
2018-08-31 23:00,0,-0.021453193,-0.037105242,-0.017851077
2018-09-01 00:00,0,-0.021156301,-0.036542561,-0.017670577
2018-09-01 01:00,0,-0.020876556,-0.036040902,-0.017581795
2018-09-01 02:00,0,-0.020805649,-0.03580724,-0.017244121
2018-09-01 03:00,0,-0.020965683,-0.035342285,-0.016458166
2018-09-01 04:00,0,-0.02113669,-0.035007649,-0.016769839
2018-09-01 05:00,0,-0.02199265,-0.034853977,-0.018001939
2018-09-01 06:00,0,-0.023031838,-0.036121676,-0.01948214
2018-09-01 07:00,0,-0.024127915,-0.037614785,-0.020006298
2018-09-01 08:00,0,-0.024871184,-0.037878745,-0.019646471
2018-09-01 09:00,0,-0.023492306,-0.036749541,-0.018180852
2018-09-01 10:00,0,-0.020117098,-0.035742282,-0.016997853
2018-09-01 11:00,0,-0.02233653,-0.035935452,-0.017009575
2018-09-01 12:00,0,-0.024031419,-0.036904006,-0.018191121
2018-09-01 13:00,0,-0.023591567,-0.037047079,-0.019067729
2018-09-01 14:00,0,-0.023522577,-0.036676244,-0.018725483
2018-09-01 15:00,0,-0.022876093,-0.036151486,-0.016676562
2018-09-01 16:00,0,-0.020959105,-0.035714139,-0.016634291
2018-09-01 17:00,0,-0.020491603,-0.036020016,-0.019417881
2018-09-01 18:00,0,-0.021717081,-0.036585995,-0.020415599
2018-09-01 19:00,0,-0.021673214,-0.037115493,-0.019518492
2018-09-01 20:00,0,-0.021484605,-0.036786545,-0.019439032
2018-09-01 21:00,0,-0.020919325,-0.036377516,-0.018729931
2018-09-01 22:00,0,-0.020909371,-0.035869262,-0.01802171
2018-09-01 23:00,0,-0.020452359,-0.035201036,-0.01749691
2018-09-02 00:00,0,-0.02024211,-0.034486098,-0.017247897
2018-09-02 01:00,0,-0.020059761,-0.034279461,-0.017080314
2018-09-02 02:00,0,-0.019934001,-0.033924062,-0.016728318
2018-09-02 03:00,0,-0.019840975,-0.033989309,-0.015945169
2018-09-02 04:00,0,-0.019614223,-0.033475597,-0.015954246
2018-09-02 05:00,0,-0.020307256,-0.033143423,-0.017129941
2018-09-02 06:00,0,-0.020964777,-0.03416962,-0.018586577
2018-09-02 07:00,0,-0.021772959,-0.035760121,-0.019165457
2018-09-02 08:00,0,-0.022522342,-0.036237398,-0.01881327
2018-09-02 09:00,0,-0.021319739,-0.035422293,-0.017787202
2018-09-02 10:00,0,-0.018154155,-0.034500777,-0.016429333
2018-09-02 11:00,0,-0.020524569,-0.034611728,-0.016452292
2018-09-02 12:00,0,-0.021989308,-0.035430447,-0.01785524
2018-09-02 13:00,0,-0.021675599,-0.03556887,-0.018765948
2018-09-02 14:00,0,-0.02185308,-0.035522532,-0.018673619
2018-09-02 15:00,0,-0.021103723,-0.035040999,-0.016749374
2018-09-02 16:00,0,-0.019870974,-0.035427194,-0.016985953
2018-09-02 17:00,0,-0.019948644,-0.035901602,-0.019967105
2018-09-02 18:00,0,-0.02158623,-0.037051621,-0.020835617
2018-09-02 19:00,0,-0.021702944,-0.037007628,-0.019913281
2018-09-02 20:00,0,-0.021693328,-0.036163203,-0.019572791
2018-09-02 21:00,0,-0.021167151,-0.03583987,-0.018703205
2018-09-02 22:00,0,-0.021240284,-0.03574529,-0.017999234
2018-09-02 23:00,0,-0.020985543,-0.035448772,-0.017396416
2018-09-03 00:00,0,-0.020750387,-0.035148611,-0.017127248
2018-09-03 01:00,0,-0.020696417,-0.035097824,-0.017049779
2018-09-03 02:00,0,-0.020976343,-0.035264075,-0.016902782
2018-09-03 03:00,0,-0.021912839,-0.035966312,-0.017060645
2018-09-03 04:00,0,-0.023530125,-0.037471676,-0.018310889
2018-09-03 05:00,0,-0.025308327,-0.039313707,-0.019680478
2018-09-03 06:00,0,-0.02605765,-0.0404668,-0.02094066
2018-09-03 07:00,0,-0.026520696,-0.041719269,-0.021322907
2018-09-03 08:00,0,-0.027053219,-0.041866069,-0.021097663
2018-09-03 09:00,0,-0.025620406,-0.040915723,-0.019348041
2018-09-03 10:00,0,-0.022301504,-0.039592939,-0.018520459
2018-09-03 11:00,0,-0.025177543,-0.040524013,-0.01875827
2018-09-03 12:00,0,-0.026932692,-0.041464836,-0.020121398
2018-09-03 13:00,0,-0.026368351,-0.041339619,-0.020527759
2018-09-03 14:00,0,-0.026205251,-0.040946742,-0.019239791
2018-09-03 15:00,0,-0.024977608,-0.04035431,-0.016510713
2018-09-03 16:00,0,-0.02281079,-0.039716823,-0.016788318
2018-09-03 17:00,0,-0.022492128,-0.039327994,-0.019974999
2018-09-03 18:00,0,-0.02391447,-0.039846223,-0.021114809
2018-09-03 19:00,0,-0.023665868,-0.039627445,-0.020255002
2018-09-03 20:00,0,-0.023141696,-0.039006555,-0.019972504
2018-09-03 21:00,0,-0.022232213,-0.038261508,-0.019150729
2018-09-03 22:00,0,-0.022254453,-0.037720278,-0.018369688
2018-09-03 23:00,0,-0.021762728,-0.03722377,-0.017853708
2018-09-04 00:00,0,-0.021509283,-0.036662371,-0.017662171
2018-09-04 01:00,0,-0.021264535,-0.036457963,-0.017571286
2018-09-04 02:00,0,-0.021559567,-0.036486057,-0.017460584
2018-09-04 03:00,0,-0.022358221,-0.037130414,-0.017483723
2018-09-04 04:00,0,-0.023899974,-0.038438858,-0.018340016
2018-09-04 05:00,0,-0.02550779,-0.040182593,-0.01966879
2018-09-04 06:00,0,-0.026311076,-0.041245839,-0.020998184
2018-09-04 07:00,0,-0.02673217,-0.042651396,-0.021187674
2018-09-04 08:00,0,-0.027128935,-0.042791669,-0.020760317
2018-09-04 09:00,0,-0.02571117,-0.041876915,-0.019064233
2018-09-04 10:00,0,-0.022474479,-0.040249969,-0.018163256
2018-09-04 11:00,0,-0.025056914,-0.040727689,-0.01840422
2018-09-04 12:00,0,-0.026853724,-0.042010739,-0.019971668
2018-09-04 13:00,0,-0.026490998,-0.042289803,-0.020264114
2018-09-04 14:00,0,-0.026232746,-0.041686417,-0.019002016
2018-09-04 15:00,0,-0.025116777,-0.040571609,-0.016574481
2018-09-04 16:00,0,-0.023015885,-0.039839237,-0.016558359
2018-09-04 17:00,0,-0.022628346,-0.039599519,-0.020153048
2018-09-04 18:00,0,-0.024146703,-0.040570855,-0.021114623
2018-09-04 19:00,0,-0.023803248,-0.040384461,-0.020387227
2018-09-04 20:00,0,-0.023100954,-0.039644236,-0.019862803
2018-09-04 21:00,0,-0.022302315,-0.038800543,-0.01901547
2018-09-04 22:00,0,-0.022307016,-0.038099237,-0.018425872
2018-09-04 23:00,0,-0.021935864,-0.037638077,-0.017686934
2018-09-05 00:00,0,-0.021666692,-0.03696118,-0.017550658
2018-09-05 01:00,0,-0.021478637,-0.03660894,-0.017546181
2018-09-05 02:00,0,-0.021700523,-0.036977041,-0.017434595
2018-09-05 03:00,0,-0.022597909,-0.037587856,-0.017165722
2018-09-05 04:00,0,-0.024128946,-0.038754134,-0.017966722
2018-09-05 05:00,0,-0.025817734,-0.040235474,-0.019336814
2018-09-05 06:00,0,-0.02631857,-0.041511719,-0.020599704
2018-09-05 07:00,0,-0.02663222,-0.042985987,-0.020748581
2018-09-05 08:00,0,-0.02670076,-0.043183439,-0.020286558
2018-09-05 09:00,0,-0.025134754,-0.04214557,-0.018432438
2018-09-05 10:00,0,-0.02181624,-0.04051187,-0.017609749
2018-09-05 11:00,0,-0.024610494,-0.041049631,-0.017539365
2018-09-05 12:00,0,-0.026371697,-0.042040263,-0.018766304
2018-09-05 13:00,0,-0.026049704,-0.042087593,-0.01954159
2018-09-05 14:00,0,-0.025924922,-0.041635951,-0.018219997
2018-09-05 15:00,0,-0.024964283,-0.040833353,-0.015495209
2018-09-05 16:00,0,-0.022968521,-0.039929948,-0.015923696
2018-09-05 17:00,0,-0.022567144,-0.03957957,-0.018923252
2018-09-05 18:00,0,-0.024241727,-0.040471087,-0.019910739
2018-09-05 19:00,0,-0.023956882,-0.040099356,-0.01940051
2018-09-05 20:00,0,-0.023314854,-0.039732586,-0.019295036
2018-09-05 21:00,0,-0.022573368,-0.038632904,-0.018565049
2018-09-05 22:00,0,-0.022428964,-0.038179076,-0.017979599
2018-09-05 23:00,0,-0.022067915,-0.037530165,-0.017431466
2018-09-06 00:00,0,-0.021779155,-0.036849346,-0.017287598
2018-09-06 01:00,0,-0.021491697,-0.036650198,-0.017205396
2018-09-06 02:00,0,-0.021659126,-0.036698716,-0.016761227
2018-09-06 03:00,0,-0.022531256,-0.03726247,-0.015995812
2018-09-06 04:00,0,-0.024055803,-0.038784778,-0.016214889
2018-09-06 05:00,0,-0.025598099,-0.040020462,-0.0175453
2018-09-06 06:00,0,-0.026250143,-0.041154649,-0.019021225
2018-09-06 07:00,0,-0.026434717,-0.042150155,-0.019463747
2018-09-06 08:00,0,-0.026551572,-0.042317021,-0.018891274
2018-09-06 09:00,0,-0.024878438,-0.041464233,-0.017314341
2018-09-06 10:00,0,-0.021645569,-0.040116022,-0.016126167
2018-09-06 11:00,0,-0.024395571,-0.040587713,-0.015922584
2018-09-06 12:00,0,-0.026188403,-0.04196055,-0.017329106
2018-09-06 13:00,0,-0.025898855,-0.041435876,-0.018275847
2018-09-06 14:00,0,-0.025906601,-0.041022599,-0.017782778
2018-09-06 15:00,0,-0.0249638,-0.040059292,-0.01583722
2018-09-06 16:00,0,-0.022902664,-0.039559323,-0.016048127
2018-09-06 17:00,0,-0.022746234,-0.038943018,-0.018988298
2018-09-06 18:00,0,-0.024238324,-0.03997994,-0.01963269
2018-09-06 19:00,0,-0.023971209,-0.039802061,-0.019231412
2018-09-06 20:00,0,-0.02327557,-0.03910748,-0.020383518
2018-09-06 21:00,0,-0.022469859,-0.038346945,-0.018402608
2018-09-06 22:00,0,-0.022433429,-0.037756418,-0.017691049
2018-09-06 23:00,0,-0.021921355,-0.037079067,-0.017142153
2018-09-07 00:00,0,-0.021648308,-0.036418759,-0.017062884
2018-09-07 01:00,0,-0.021486507,-0.036182738,-0.017042541
2018-09-07 02:00,0,-0.021674902,-0.036337469,-0.016943468
2018-09-07 03:00,0,-0.022606389,-0.036844434,-0.016697562
2018-09-07 04:00,0,-0.024068174,-0.037940101,-0.017329199
2018-09-07 05:00,0,-0.02558734,-0.039486412,-0.018608526
2018-09-07 06:00,0,-0.026251651,-0.04082865,-0.01958268
2018-09-07 07:00,0,-0.026640095,-0.04173579,-0.019715495
2018-09-07 08:00,0,-0.027016979,-0.041934263,-0.01917095
2018-09-07 09:00,0,-0.025344421,-0.040489247,-0.01767705
2018-09-07 10:00,0,-0.022110905,-0.038416028,-0.016603888
2018-09-07 11:00,0,-0.024509225,-0.039220184,-0.01665738
2018-09-07 12:00,0,-0.026242997,-0.040127244,-0.01831999
2018-09-07 13:00,0,-0.025978863,-0.04014009,-0.018927929
2018-09-07 14:00,0,-0.02601041,-0.039848059,-0.01801109
2018-09-07 15:00,0,-0.0249276,-0.038962163,-0.015484625
2018-09-07 16:00,0,-0.022769802,-0.037949264,-0.015519741
2018-09-07 17:00,0,-0.022380045,-0.0379142,-0.018983656
2018-09-07 18:00,0,-0.023503256,-0.038928538,-0.019978298
2018-09-07 19:00,0,-0.023553217,-0.038890121,-0.019379137
2018-09-07 20:00,0,-0.023075954,-0.038386403,-0.019308622
2018-09-07 21:00,0,-0.022388086,-0.037847012,-0.018486681
2018-09-07 22:00,0,-0.022313189,-0.037206451,-0.017781597
2018-09-07 23:00,0,-0.021871713,-0.036339272,-0.017402319
2018-09-08 00:00,0,-0.021710715,-0.035542149,-0.017205685
2018-09-08 01:00,0,-0.021433916,-0.035229369,-0.017153788
2018-09-08 02:00,0,-0.021245764,-0.034834371,-0.01676969
2018-09-08 03:00,0,-0.021432123,-0.034315111,-0.015949017
2018-09-08 04:00,0,-0.021483781,-0.034091706,-0.016177379
2018-09-08 05:00,0,-0.022305886,-0.03415922,-0.017507821
2018-09-08 06:00,0,-0.023137205,-0.035676899,-0.018680149
2018-09-08 07:00,0,-0.023767729,-0.037331729,-0.018981712
2018-09-08 08:00,0,-0.024240314,-0.037468542,-0.018641175
2018-09-08 09:00,0,-0.022540261,-0.036578196,-0.017204628
2018-09-08 10:00,0,-0.019364754,-0.035643977,-0.015863883
2018-09-08 11:00,0,-0.021685991,-0.035911056,-0.015659342
2018-09-08 12:00,0,-0.02321909,-0.037035234,-0.017242693
2018-09-08 13:00,0,-0.022909942,-0.037223645,-0.017718549
2018-09-08 14:00,0,-0.022950984,-0.036950873,-0.017450181
2018-09-08 15:00,0,-0.022165432,-0.036656097,-0.015590853
2018-09-08 16:00,0,-0.02053575,-0.036322418,-0.015695042
2018-09-08 17:00,0,-0.020561317,-0.036326718,-0.018671722
2018-09-08 18:00,0,-0.021886809,-0.037403481,-0.018947672
2018-09-08 19:00,0,-0.021856158,-0.037214718,-0.018664111
2018-09-08 20:00,0,-0.021591306,-0.036886153,-0.018602154
2018-09-08 21:00,0,-0.020963894,-0.036177656,-0.018061946
2018-09-08 22:00,0,-0.021037928,-0.03593513,-0.017540828
2018-09-08 23:00,0,-0.020591677,-0.035065969,-0.017105828
2018-09-09 00:00,0,-0.020536733,-0.034849543,-0.016961908
2018-09-09 01:00,0,-0.0202185,-0.034287376,-0.01679175
2018-09-09 02:00,0,-0.020078391,-0.034283444,-0.016341091
2018-09-09 03:00,0,-0.020012598,-0.034026815,-0.015640778
2018-09-09 04:00,0,-0.019701909,-0.033801359,-0.015621015
2018-09-09 05:00,0,-0.020352281,-0.033510854,-0.016866666
2018-09-09 06:00,0,-0.020844428,-0.034238286,-0.018359184
2018-09-09 07:00,0,-0.021623225,-0.035747253,-0.018911971
2018-09-09 08:00,0,-0.022316915,-0.036203531,-0.018326226
2018-09-09 09:00,0,-0.020956546,-0.035131331,-0.017200477
2018-09-09 10:00,0,-0.017592206,-0.034136945,-0.015671608
2018-09-09 11:00,0,-0.020134086,-0.035120399,-0.015604736
2018-09-09 12:00,0,-0.021723121,-0.035919126,-0.016830689
2018-09-09 13:00,0,-0.021519455,-0.036131125,-0.017929292
2018-09-09 14:00,0,-0.021763911,-0.035448509,-0.017634955
2018-09-09 15:00,0,-0.021262805,-0.034788757,-0.01586433
2018-09-09 16:00,0,-0.020309664,-0.035451768,-0.016153818
2018-09-09 17:00,0,-0.020599706,-0.036333644,-0.019024326
2018-09-09 18:00,0,-0.022167312,-0.037570585,-0.019867297
2018-09-09 19:00,0,-0.022043281,-0.037640319,-0.019056873
2018-09-09 20:00,0,-0.021915054,-0.036782519,-0.018552136
2018-09-09 21:00,0,-0.021473992,-0.036075448,-0.018041592
2018-09-09 22:00,0,-0.021650975,-0.035831179,-0.017377209
2018-09-09 23:00,0,-0.021334744,-0.035549455,-0.017074482
2018-09-10 00:00,0,-0.021206612,-0.035322585,-0.016807365
2018-09-10 01:00,0,-0.021079246,-0.035172467,-0.016738486
2018-09-10 02:00,0,-0.021428933,-0.035162855,-0.016644892
2018-09-10 03:00,0,-0.022379296,-0.036074118,-0.017082308
2018-09-10 04:00,0,-0.024079139,-0.038009014,-0.018095046
2018-09-10 05:00,0,-0.025530211,-0.039684773,-0.01905377
2018-09-10 06:00,0,-0.026008799,-0.040809533,-0.020268756
2018-09-10 07:00,0,-0.02627051,-0.041970915,-0.020300259
2018-09-10 08:00,0,-0.026655632,-0.042039957,-0.019610637
2018-09-10 09:00,0,-0.025172465,-0.040646899,-0.017912687
2018-09-10 10:00,0,-0.02196419,-0.039132447,-0.017140609
2018-09-10 11:00,0,-0.024517199,-0.040042549,-0.017463326
2018-09-10 12:00,0,-0.026396114,-0.040991003,-0.018692477
2018-09-10 13:00,0,-0.026183746,-0.041264059,-0.019297937
2018-09-10 14:00,0,-0.026272056,-0.040429412,-0.018240712
2018-09-10 15:00,0,-0.025057835,-0.040020957,-0.015545399
2018-09-10 16:00,0,-0.023241214,-0.039559806,-0.016025332
2018-09-10 17:00,0,-0.022874014,-0.03931283,-0.019377892
2018-09-10 18:00,0,-0.024509206,-0.040642294,-0.020081641
2018-09-10 19:00,0,-0.02404704,-0.040327186,-0.019469399
2018-09-10 20:00,0,-0.023299406,-0.039088218,-0.019338773
2018-09-10 21:00,0,-0.022424422,-0.03809465,-0.018574831
2018-09-10 22:00,0,-0.022547068,-0.037454589,-0.018008624
2018-09-10 23:00,0,-0.022076964,-0.036757047,-0.017558715
2018-09-11 00:00,0,-0.021972035,-0.035987188,-0.017367873
2018-09-11 01:00,0,-0.02179495,-0.036133282,-0.01735796
2018-09-11 02:00,0,-0.021929825,-0.036406343,-0.017231343
2018-09-11 03:00,0,-0.022856753,-0.03697745,-0.017139482
2018-09-11 04:00,0,-0.024545983,-0.038198549,-0.017990372
2018-09-11 05:00,0,-0.025953602,-0.039781691,-0.01924353
2018-09-11 06:00,0,-0.02643263,-0.040817006,-0.020426957
2018-09-11 07:00,0,-0.026903287,-0.041881351,-0.020396511
2018-09-11 08:00,0,-0.02724731,-0.041315837,-0.019769234
2018-09-11 09:00,0,-0.025657053,-0.039905056,-0.018150212
2018-09-11 10:00,0,-0.022267667,-0.0384837,-0.017128882
2018-09-11 11:00,0,-0.024755345,-0.039424569,-0.017177312
2018-09-11 12:00,0,-0.026668528,-0.040752376,-0.01857967
2018-09-11 13:00,0,-0.026374076,-0.040959803,-0.019274478
2018-09-11 14:00,0,-0.026428848,-0.041025662,-0.018017911
2018-09-11 15:00,0,-0.025326169,-0.040015899,-0.015567056
2018-09-11 16:00,0,-0.023445189,-0.039646064,-0.016337977
2018-09-11 17:00,0,-0.023003243,-0.039392476,-0.019575529
2018-09-11 18:00,0,-0.024333019,-0.040855944,-0.020278689
2018-09-11 19:00,0,-0.024225438,-0.040611597,-0.019601759
2018-09-11 20:00,0,-0.023506461,-0.039875894,-0.019292592
2018-09-11 21:00,0,-0.022707237,-0.038894065,-0.018494654
2018-09-11 22:00,0,-0.022688426,-0.037955693,-0.017962858
2018-09-11 23:00,0,-0.022196272,-0.037560571,-0.017530289
2018-09-12 00:00,0,-0.021922897,-0.036876318,-0.01737487
2018-09-12 01:00,0,-0.021730166,-0.03676601,-0.01739015
2018-09-12 02:00,0,-0.021903389,-0.036648713,-0.017344426
2018-09-12 03:00,0,-0.022934626,-0.037114993,-0.017361717
2018-09-12 04:00,0,-0.024784656,-0.03858215,-0.018075042
2018-09-12 05:00,0,-0.02616687,-0.040110339,-0.019484814
2018-09-12 06:00,0,-0.026581787,-0.040930959,-0.020641487
2018-09-12 07:00,0,-0.026767785,-0.042029813,-0.020548239
2018-09-12 08:00,0,-0.027140051,-0.042106192,-0.019969453
2018-09-12 09:00,0,-0.02550212,-0.040927923,-0.01836254
2018-09-12 10:00,0,-0.022235279,-0.039955803,-0.017070519
2018-09-12 11:00,0,-0.024967997,-0.040531331,-0.017579191
2018-09-12 12:00,0,-0.026824421,-0.041436612,-0.018784845
2018-09-12 13:00,0,-0.026543777,-0.041706091,-0.019503305
2018-09-12 14:00,0,-0.026645851,-0.041261931,-0.018303501
2018-09-12 15:00,0,-0.025735324,-0.040255254,-0.015490463
2018-09-12 16:00,0,-0.023464283,-0.03986923,-0.01595273
2018-09-12 17:00,0,-0.023307664,-0.039678509,-0.019494306
2018-09-12 18:00,0,-0.024698596,-0.040496571,-0.020357918
2018-09-12 19:00,0,-0.02445159,-0.039563742,-0.019451104
2018-09-12 20:00,0,-0.023780192,-0.039046405,-0.019343262
2018-09-12 21:00,0,-0.022920199,-0.038179539,-0.01861232
2018-09-12 22:00,0,-0.022844475,-0.037451037,-0.018080112
2018-09-12 23:00,0,-0.022370282,-0.036925608,-0.017535344
2018-09-13 00:00,0,-0.022106295,-0.036380103,-0.01740032
2018-09-13 01:00,0,-0.021859449,-0.036289597,-0.017460111
2018-09-13 02:00,0,-0.022117455,-0.036380516,-0.017348496
2018-09-13 03:00,0,-0.023150032,-0.036972306,-0.017316606
2018-09-13 04:00,0,-0.024990727,-0.038341183,-0.018034594
2018-09-13 05:00,0,-0.026439376,-0.039906593,-0.019360578
2018-09-13 06:00,0,-0.026882886,-0.040911689,-0.020563133
2018-09-13 07:00,0,-0.027119729,-0.042229054,-0.020564091
2018-09-13 08:00,0,-0.027421675,-0.042168009,-0.019982007
2018-09-13 09:00,0,-0.0257671,-0.041007074,-0.018133647
2018-09-13 10:00,0,-0.022518008,-0.03961169,-0.017435483
2018-09-13 11:00,0,-0.025187982,-0.040421927,-0.017226166
2018-09-13 12:00,0,-0.027115509,-0.041432334,-0.01889656
2018-09-13 13:00,0,-0.026922249,-0.04161606,-0.019574229
2018-09-13 14:00,0,-0.026890607,-0.04112015,-0.018428629
2018-09-13 15:00,0,-0.025960471,-0.040147697,-0.015612532
2018-09-13 16:00,0,-0.023878589,-0.03958928,-0.016247344
2018-09-13 17:00,0,-0.023683197,-0.039227352,-0.019608183
2018-09-13 18:00,0,-0.02479473,-0.040334158,-0.020337268
2018-09-13 19:00,0,-0.024639147,-0.039832727,-0.019586229
2018-09-13 20:00,0,-0.023938066,-0.03914614,-0.019299009
2018-09-13 21:00,0,-0.023143107,-0.038431872,-0.018593201
2018-09-13 22:00,0,-0.023051351,-0.037723194,-0.017973034
2018-09-13 23:00,0,-0.022591193,-0.03720373,-0.017557645
2018-09-14 00:00,0,-0.022277923,-0.036517303,-0.017401988
2018-09-14 01:00,0,-0.022071427,-0.036536041,-0.017307881
2018-09-14 02:00,0,-0.022165754,-0.036619795,-0.017183926
2018-09-14 03:00,0,-0.023094737,-0.037076536,-0.017289639
2018-09-14 04:00,0,-0.02484124,-0.0384681,-0.01797753
2018-09-14 05:00,0,-0.026291987,-0.039945808,-0.019237565
2018-09-14 06:00,0,-0.027132745,-0.040486683,-0.020337599
2018-09-14 07:00,0,-0.027561399,-0.041427581,-0.020276086
2018-09-14 08:00,0,-0.027889279,-0.041348157,-0.019657094
2018-09-14 09:00,0,-0.026153973,-0.04032168,-0.018035754
2018-09-14 10:00,0,-0.022554733,-0.038617289,-0.017178153
2018-09-14 11:00,0,-0.025067503,-0.039729911,-0.017237178
2018-09-14 12:00,0,-0.026706637,-0.040488504,-0.01882418
2018-09-14 13:00,0,-0.026169871,-0.040918083,-0.019294183
2018-09-14 14:00,0,-0.026329551,-0.040140126,-0.018163312
2018-09-14 15:00,0,-0.02540147,-0.038897253,-0.015290091
2018-09-14 16:00,0,-0.02338024,-0.038238736,-0.016016934
2018-09-14 17:00,0,-0.022834365,-0.038390809,-0.019533018
2018-09-14 18:00,0,-0.023937161,-0.039297638,-0.020056769
2018-09-14 19:00,0,-0.023818305,-0.038691722,-0.019260597
2018-09-14 20:00,0,-0.023167963,-0.038199656,-0.019291297
2018-09-14 21:00,0,-0.022384483,-0.037603213,-0.018607106
2018-09-14 22:00,0,-0.022396599,-0.036904512,-0.017990702
2018-09-14 23:00,0,-0.021930024,-0.036046106,-0.017482709
2018-09-15 00:00,0,-0.021668989,-0.035444511,-0.01740705
2018-09-15 01:00,0,-0.021314203,-0.035281489,-0.017272759
2018-09-15 02:00,0,-0.021347292,-0.035014431,-0.016871087
2018-09-15 03:00,0,-0.021578555,-0.034812533,-0.016342304
2018-09-15 04:00,0,-0.021641965,-0.034551491,-0.016540883
2018-09-15 05:00,0,-0.022502865,-0.034713839,-0.017954871
2018-09-15 06:00,0,-0.023209656,-0.035760215,-0.019385189
2018-09-15 07:00,0,-0.023917884,-0.037520391,-0.019572793
2018-09-15 08:00,0,-0.024332037,-0.037750701,-0.019141433
2018-09-15 09:00,0,-0.022751978,-0.036478364,-0.017607356
2018-09-15 10:00,0,-0.019680565,-0.03518079,-0.016297919
2018-09-15 11:00,0,-0.021957259,-0.035988082,-0.016191044
2018-09-15 12:00,0,-0.023390544,-0.036868506,-0.01728075
2018-09-15 13:00,0,-0.023077766,-0.037333545,-0.018306501
2018-09-15 14:00,0,-0.023123714,-0.036855252,-0.017713466
2018-09-15 15:00,0,-0.022595299,-0.036160263,-0.015547511
2018-09-15 16:00,0,-0.021210261,-0.036220233,-0.014313746
2018-09-15 17:00,0,-0.020973913,-0.036337444,-0.016201629
2018-09-15 18:00,0,-0.022040909,-0.037849007,-0.016874548
2018-09-15 19:00,0,-0.021863573,-0.03727951,-0.016718841
2018-09-15 20:00,0,-0.021669746,-0.036569943,-0.018476483
2018-09-15 21:00,0,-0.021077447,-0.036342281,-0.018112276
2018-09-15 22:00,0,-0.021081113,-0.035848032,-0.017581786
2018-09-15 23:00,0,-0.020760168,-0.035225488,-0.017122573
2018-09-16 00:00,0,-0.020641741,-0.034585586,-0.016975355
2018-09-16 01:00,0,-0.020282096,-0.03432862,-0.016847566
2018-09-16 02:00,0,-0.02019169,-0.034039446,-0.016476742
2018-09-16 03:00,0,-0.020166111,-0.03375324,-0.015684979
2018-09-16 04:00,0,-0.019997519,-0.033615069,-0.01569019
2018-09-16 05:00,0,-0.020633004,-0.033007978,-0.016991519
2018-09-16 06:00,0,-0.021157974,-0.033745469,-0.018447356
2018-09-16 07:00,0,-0.021837692,-0.035586119,-0.018904474
2018-09-16 08:00,0,-0.022421029,-0.036255344,-0.018538555
2018-09-16 09:00,0,-0.020820735,-0.035548052,-0.017151105
2018-09-16 10:00,0,-0.018023765,-0.034720468,-0.015755765
2018-09-16 11:00,0,-0.02009799,-0.034767254,-0.015763607
2018-09-16 12:00,0,-0.021807666,-0.035798992,-0.016973898
2018-09-16 13:00,0,-0.021481629,-0.035854124,-0.017839071
2018-09-16 14:00,0,-0.021754292,-0.035691037,-0.017667767
2018-09-16 15:00,0,-0.021321498,-0.035173336,-0.016018955
2018-09-16 16:00,0,-0.02022848,-0.035598674,-0.016851912
2018-09-16 17:00,0,-0.020527703,-0.03644599,-0.019739546
2018-09-16 18:00,0,-0.021855066,-0.037979466,-0.020157906
2018-09-16 19:00,0,-0.021940012,-0.037653649,-0.019479186
2018-09-16 20:00,0,-0.02186203,-0.036613996,-0.018987384
2018-09-16 21:00,0,-0.021472023,-0.036209267,-0.018074261
2018-09-16 22:00,0,-0.021755472,-0.035961495,-0.017508928
2018-09-16 23:00,0,-0.021448377,-0.035502171,-0.016975807
2018-09-17 00:00,0,-0.021238278,-0.034964436,-0.016746253
2018-09-17 01:00,0,-0.021050234,-0.034836489,-0.016712681
2018-09-17 02:00,0,-0.021385272,-0.034940613,-0.016770115
2018-09-17 03:00,0,-0.022451088,-0.035821194,-0.017230567
2018-09-17 04:00,0,-0.024422696,-0.037603761,-0.018558299
2018-09-17 05:00,0,-0.025967561,-0.039647944,-0.01956668
2018-09-17 06:00,0,-0.026317762,-0.040442521,-0.020252288
2018-09-17 07:00,0,-0.026661573,-0.041632991,-0.020172833
2018-09-17 08:00,0,-0.026930904,-0.041686883,-0.019620894
2018-09-17 09:00,0,-0.025313425,-0.040591477,-0.018005974
2018-09-17 10:00,0,-0.02210716,-0.039010596,-0.01688832
2018-09-17 11:00,0,-0.024768529,-0.039640358,-0.017165457
2018-09-17 12:00,0,-0.026737353,-0.040839145,-0.018554012
2018-09-17 13:00,0,-0.026431287,-0.041054482,-0.019189146
2018-09-17 14:00,0,-0.026480142,-0.040632265,-0.017882242
2018-09-17 15:00,0,-0.025392033,-0.03977677,-0.015391883
2018-09-17 16:00,0,-0.023605774,-0.039269089,-0.016064077
2018-09-17 17:00,0,-0.023403704,-0.03923805,-0.019437376
2018-09-17 18:00,0,-0.024420967,-0.040147476,-0.020210956
2018-09-17 19:00,0,-0.024149269,-0.038870953,-0.01935367
2018-09-17 20:00,0,-0.023541006,-0.037731882,-0.019191868
2018-09-17 21:00,0,-0.022743391,-0.036702781,-0.018402388
2018-09-17 22:00,0,-0.022899673,-0.036047951,-0.017747666
2018-09-17 23:00,0,-0.022586083,-0.035686437,-0.017379931
2018-09-18 00:00,0,-0.022250684,-0.034937197,-0.017250012
2018-09-18 01:00,0,-0.022120008,-0.034935126,-0.017254696
2018-09-18 02:00,0,-0.022256972,-0.034876396,-0.017189893
2018-09-18 03:00,0,-0.023171715,-0.035555408,-0.017435903
2018-09-18 04:00,0,-0.024763137,-0.037362198,-0.018237051
2018-09-18 05:00,0,-0.026099923,-0.038896903,-0.019041953
2018-09-18 06:00,0,-0.026389976,-0.040135102,-0.020035113
2018-09-18 07:00,0,-0.026550156,-0.041585724,-0.020092027
2018-09-18 08:00,0,-0.02694031,-0.041229288,-0.019363623
2018-09-18 09:00,0,-0.025377252,-0.039920163,-0.017863581
2018-09-18 10:00,0,-0.022314482,-0.038539687,-0.016717032
2018-09-18 11:00,0,-0.025112184,-0.039131557,-0.016692672
2018-09-18 12:00,0,-0.026881882,-0.040487671,-0.018179915
2018-09-18 13:00,0,-0.026620473,-0.040929452,-0.018954433
2018-09-18 14:00,0,-0.026620463,-0.040503212,-0.017957369
2018-09-18 15:00,0,-0.025835875,-0.039701122,-0.015689557
2018-09-18 16:00,0,-0.023738451,-0.039420761,-0.016337258
2018-09-18 17:00,0,-0.023811655,-0.039537095,-0.019574322
2018-09-18 18:00,0,-0.024590788,-0.04080728,-0.020350421
2018-09-18 19:00,0,-0.024575469,-0.039885554,-0.019560813
2018-09-18 20:00,0,-0.023738686,-0.039060765,-0.019237232
2018-09-18 21:00,0,-0.022912012,-0.038393314,-0.01834368
2018-09-18 22:00,0,-0.022812354,-0.037353111,-0.017849998
2018-09-18 23:00,0,-0.022483798,-0.036571325,-0.017386314
2018-09-19 00:00,0,-0.02221101,-0.035673553,-0.017276052
2018-09-19 01:00,0,-0.022014484,-0.035876464,-0.017369443
2018-09-19 02:00,0,-0.02218386,-0.036044747,-0.017258442
2018-09-19 03:00,0,-0.023030607,-0.036230208,-0.017463063
2018-09-19 04:00,0,-0.024754732,-0.037811584,-0.018097742
2018-09-19 05:00,0,-0.026229798,-0.039545181,-0.019177255
2018-09-19 06:00,0,-0.026667033,-0.040632012,-0.020161691
2018-09-19 07:00,0,-0.026977775,-0.041735772,-0.020115274
2018-09-19 08:00,0,-0.027363658,-0.04163783,-0.019431117
2018-09-19 09:00,0,-0.025746132,-0.040118006,-0.017725865
2018-09-19 10:00,0,-0.022232279,-0.03912675,-0.016538218
2018-09-19 11:00,0,-0.025130181,-0.03980177,-0.017188622
2018-09-19 12:00,0,-0.027082916,-0.041022516,-0.018292843
2018-09-19 13:00,0,-0.026702619,-0.040980708,-0.019077387
2018-09-19 14:00,0,-0.026666113,-0.040655628,-0.017616788
2018-09-19 15:00,0,-0.025665907,-0.040243621,-0.015330553
2018-09-19 16:00,0,-0.023655546,-0.040042918,-0.016396939
2018-09-19 17:00,0,-0.023704445,-0.040016621,-0.019510011
2018-09-19 18:00,0,-0.024568922,-0.041057754,-0.020249992
2018-09-19 19:00,0,-0.024411639,-0.040216756,-0.019590647
2018-09-19 20:00,0,-0.02363082,-0.039404559,-0.019352935
2018-09-19 21:00,0,-0.02288894,-0.038366227,-0.018473187
2018-09-19 22:00,0,-0.022832293,-0.037652211,-0.017870961
2018-09-19 23:00,0,-0.022346319,-0.036996465,-0.017404155
2018-09-20 00:00,0,-0.022091972,-0.036440942,-0.01733033
2018-09-20 01:00,0,-0.021863287,-0.036382332,-0.017423534
2018-09-20 02:00,0,-0.021997689,-0.036485153,-0.017352176
2018-09-20 03:00,0,-0.023046069,-0.036798018,-0.017604937
2018-09-20 04:00,0,-0.024947451,-0.038468421,-0.018216065
2018-09-20 05:00,0,-0.026255064,-0.039565905,-0.019175252
2018-09-20 06:00,0,-0.026669226,-0.040671512,-0.020028162
2018-09-20 07:00,0,-0.026882907,-0.04196591,-0.020053975
2018-09-20 08:00,0,-0.027228579,-0.041813112,-0.019522327
2018-09-20 09:00,0,-0.025545609,-0.040357863,-0.017648502
2018-09-20 10:00,0,-0.022347727,-0.03920236,-0.01646006
2018-09-20 11:00,0,-0.024988848,-0.039842882,-0.016952392
2018-09-20 12:00,0,-0.02685027,-0.040754625,-0.018336555
2018-09-20 13:00,0,-0.02652544,-0.04100943,-0.018922596
2018-09-20 14:00,0,-0.026525445,-0.040778838,-0.017893281
2018-09-20 15:00,0,-0.02562016,-0.040264274,-0.015479439
2018-09-20 16:00,0,-0.023737393,-0.039968124,-0.016326668
2018-09-20 17:00,0,-0.023550555,-0.039880639,-0.019379228
2018-09-20 18:00,0,-0.024600564,-0.040689983,-0.020510288
2018-09-20 19:00,0,-0.024387346,-0.039728415,-0.019491781
2018-09-20 20:00,0,-0.023741228,-0.038881993,-0.01913922
2018-09-20 21:00,0,-0.022895139,-0.038071959,-0.018272288
2018-09-20 22:00,0,-0.022859332,-0.037433646,-0.017835208
2018-09-20 23:00,0,-0.022393717,-0.037014922,-0.017221523
2018-09-21 00:00,0,-0.022268921,-0.036396109,-0.017131157
2018-09-21 01:00,0,-0.021967893,-0.035970045,-0.017091524
2018-09-21 02:00,0,-0.02213649,-0.035730494,-0.016944003
2018-09-21 03:00,0,-0.023054583,-0.036442997,-0.017239857
2018-09-21 04:00,0,-0.024771752,-0.037785969,-0.017953771
2018-09-21 05:00,0,-0.026152773,-0.039684753,-0.018679861
2018-09-21 06:00,0,-0.026564546,-0.040584989,-0.019292235
2018-09-21 07:00,0,-0.026759365,-0.041975616,-0.018839156
2018-09-21 08:00,0,-0.027082386,-0.041590364,-0.017972108
2018-09-21 09:00,0,-0.025509078,-0.04028761,-0.015948928
2018-09-21 10:00,0,-0.022080268,-0.038400275,-0.014892848
2018-09-21 11:00,0,-0.024445347,-0.039082174,-0.015267689
2018-09-21 12:00,0,-0.026457864,-0.040065844,-0.017108728
2018-09-21 13:00,0,-0.026091356,-0.039509803,-0.018185003
2018-09-21 14:00,0,-0.026031341,-0.038831644,-0.01732293
2018-09-21 15:00,0,-0.025076157,-0.038366174,-0.014942425
2018-09-21 16:00,0,-0.022966853,-0.03774081,-0.015943794
2018-09-21 17:00,0,-0.023100642,-0.037526242,-0.018842555
2018-09-21 18:00,0,-0.023905042,-0.038999473,-0.01960887
2018-09-21 19:00,0,-0.023811608,-0.037999181,-0.01899166
2018-09-21 20:00,0,-0.023357274,-0.03770656,-0.018930271
2018-09-21 21:00,0,-0.022748315,-0.037296682,-0.018339362
2018-09-21 22:00,0,-0.022842984,-0.036567974,-0.017729494
2018-09-21 23:00,0,-0.02195288,-0.036173976,-0.017317957
2018-09-22 00:00,0,-0.021872785,-0.035599077,-0.017028125
2018-09-22 01:00,0,-0.021683211,-0.035083511,-0.016982298
2018-09-22 02:00,0,-0.021318962,-0.034837207,-0.016652526
2018-09-22 03:00,0,-0.021492236,-0.03465368,-0.01586381
2018-09-22 04:00,0,-0.021791491,-0.03439309,-0.016122044
2018-09-22 05:00,0,-0.022548237,-0.034330844,-0.017191099
2018-09-22 06:00,0,-0.023307714,-0.035941139,-0.018350376
2018-09-22 07:00,0,-0.024165977,-0.037490169,-0.018657502
2018-09-22 08:00,0,-0.024567095,-0.037451845,-0.018061635
2018-09-22 09:00,0,-0.022992007,-0.036391719,-0.016455208
2018-09-22 10:00,0,-0.019736082,-0.035983563,-0.015135475
2018-09-22 11:00,0,-0.02195633,-0.036356702,-0.015065221
2018-09-22 12:00,0,-0.023318527,-0.037271444,-0.016305804
2018-09-22 13:00,0,-0.022842577,-0.037817957,-0.017135741
2018-09-22 14:00,0,-0.022886147,-0.037516421,-0.017015051
2018-09-22 15:00,0,-0.022305809,-0.037107969,-0.01501218
2018-09-22 16:00,0,-0.021068345,-0.036789863,-0.016053827
2018-09-22 17:00,0,-0.021067828,-0.037333152,-0.018418299
2018-09-22 18:00,0,-0.021734479,-0.038102649,-0.01883387
2018-09-22 19:00,0,-0.021641032,-0.037326917,-0.018307268
2018-09-22 20:00,0,-0.021439358,-0.037009364,-0.018374454
2018-09-22 21:00,0,-0.021019316,-0.036526249,-0.017836586
2018-09-22 22:00,0,-0.021148262,-0.035803254,-0.017226655
2018-09-22 23:00,0,-0.020660871,-0.034830361,-0.016925488
2018-09-23 00:00,0,-0.020398722,-0.034356645,-0.016815907
2018-09-23 01:00,0,-0.020064283,-0.033926634,-0.016694901
2018-09-23 02:00,0,-0.020010857,-0.034074121,-0.016287777
2018-09-23 03:00,0,-0.019928067,-0.033721493,-0.015628259
2018-09-23 04:00,0,-0.019789151,-0.033081795,-0.015708573
2018-09-23 05:00,0,-0.020449606,-0.033099128,-0.016907548
2018-09-23 06:00,0,-0.021073525,-0.033993408,-0.018335099
2018-09-23 07:00,0,-0.021998989,-0.035894843,-0.018724823
2018-09-23 08:00,0,-0.022739649,-0.036828504,-0.018066078
2018-09-23 09:00,0,-0.021429046,-0.036485174,-0.016639825
2018-09-23 10:00,0,-0.018557227,-0.035513704,-0.015178702
2018-09-23 11:00,0,-0.02056851,-0.035432132,-0.015097459
2018-09-23 12:00,0,-0.022000512,-0.036952599,-0.016613024
2018-09-23 13:00,0,-0.021600373,-0.036775251,-0.017469791
2018-09-23 14:00,0,-0.021800731,-0.03631293,-0.017208321
2018-09-23 15:00,0,-0.021513286,-0.036250661,-0.015516086
2018-09-23 16:00,0,-0.020617735,-0.035995766,-0.01625856
2018-09-23 17:00,0,-0.020878669,-0.037329878,-0.018721886
2018-09-23 18:00,0,-0.021975052,-0.038202923,-0.019032489
2018-09-23 19:00,0,-0.022010039,-0.037792336,-0.018612983
2018-09-23 20:00,0,-0.022100297,-0.0365344,-0.018600541
2018-09-23 21:00,0,-0.021567677,-0.036502156,-0.0179291
2018-09-23 22:00,0,-0.021880988,-0.03594489,-0.017247079
2018-09-23 23:00,0,-0.021274182,-0.035259899,-0.016778369
2018-09-24 00:00,0,-0.021098736,-0.034659439,-0.016674105
2018-09-24 01:00,0,-0.021000167,-0.03405292,-0.016487449
2018-09-24 02:00,0,-0.021235715,-0.034196546,-0.0162135
2018-09-24 03:00,0,-0.022127029,-0.034732202,-0.015801454
2018-09-24 04:00,0,-0.02387784,-0.036461693,-0.016308208
2018-09-24 05:00,0,-0.025273048,-0.038830181,-0.017714288
2018-09-24 06:00,0,-0.025876428,-0.039495782,-0.019273664
2018-09-24 07:00,0,-0.026541854,-0.040719705,-0.019620072
2018-09-24 08:00,0,-0.026965579,-0.040637513,-0.019135867
2018-09-24 09:00,0,-0.025301417,-0.039452039,-0.017351121
2018-09-24 10:00,0,-0.022109375,-0.037721689,-0.01624142
2018-09-24 11:00,0,-0.024586305,-0.039081667,-0.016128838
2018-09-24 12:00,0,-0.026464905,-0.039756705,-0.01766454
2018-09-24 13:00,0,-0.026025294,-0.040007143,-0.018421346
2018-09-24 14:00,0,-0.02608083,-0.039618853,-0.017808197
2018-09-24 15:00,0,-0.024931102,-0.038815489,-0.015228524
2018-09-24 16:00,0,-0.023027977,-0.038595362,-0.016367266
2018-09-24 17:00,0,-0.023158262,-0.038601845,-0.019339322
2018-09-24 18:00,0,-0.024012936,-0.039540729,-0.019813532
2018-09-24 19:00,0,-0.023862633,-0.039009827,-0.01912223
2018-09-24 20:00,0,-0.023251754,-0.038449807,-0.018972471
2018-09-24 21:00,0,-0.02253954,-0.038043519,-0.018083082
2018-09-24 22:00,0,-0.022719927,-0.037526892,-0.017343523
2018-09-24 23:00,0,-0.02215352,-0.036738614,-0.016886002
2018-09-25 00:00,0,-0.021863643,-0.03587232,-0.016709054
2018-09-25 01:00,0,-0.021671436,-0.03576036,-0.016662329
2018-09-25 02:00,0,-0.021801692,-0.035683223,-0.016636356
2018-09-25 03:00,0,-0.022679999,-0.036208604,-0.017079666
2018-09-25 04:00,0,-0.024040881,-0.037889609,-0.017869338
2018-09-25 05:00,0,-0.025392453,-0.039358568,-0.018602469
2018-09-25 06:00,0,-0.025648837,-0.039708536,-0.019579516
2018-09-25 07:00,0,-0.025774721,-0.040504107,-0.019883299
2018-09-25 08:00,0,-0.026035883,-0.040049623,-0.019125516
2018-09-25 09:00,0,-0.024413906,-0.03908488,-0.017156982
2018-09-25 10:00,0,-0.020981631,-0.037474514,-0.015977881
2018-09-25 11:00,0,-0.023635613,-0.038369276,-0.016115834
2018-09-25 12:00,0,-0.02543568,-0.039417822,-0.017507358
2018-09-25 13:00,0,-0.025133542,-0.039525362,-0.018259494
2018-09-25 14:00,0,-0.025055068,-0.039186735,-0.017133937
2018-09-25 15:00,0,-0.024265306,-0.038545047,-0.015233206
2018-09-25 16:00,0,-0.022558091,-0.038062899,-0.016269173
2018-09-25 17:00,0,-0.022623384,-0.038370206,-0.019177634
2018-09-25 18:00,0,-0.023662848,-0.039632714,-0.019840502
2018-09-25 19:00,0,-0.023412078,-0.038797359,-0.018965876
2018-09-25 20:00,0,-0.02302905,-0.03843023,-0.018812507
2018-09-25 21:00,0,-0.022584107,-0.037710324,-0.018165403
2018-09-25 22:00,0,-0.022608268,-0.037198467,-0.017337287
2018-09-25 23:00,0,-0.022260486,-0.036996186,-0.016907704
2018-09-26 00:00,0,-0.021997395,-0.036523518,-0.016816745
2018-09-26 01:00,0,-0.021719218,-0.035870507,-0.016754584
2018-09-26 02:00,0,-0.021949062,-0.035911502,-0.016589309
2018-09-26 03:00,0,-0.022816358,-0.036355292,-0.016840123
2018-09-26 04:00,0,-0.024339583,-0.037795267,-0.017491763
2018-09-26 05:00,0,-0.025719678,-0.039169982,-0.018377511
2018-09-26 06:00,0,-0.026019783,-0.039586979,-0.019303104
2018-09-26 07:00,0,-0.026006704,-0.040359535,-0.019335936
2018-09-26 08:00,0,-0.026157105,-0.04055104,-0.01872083
2018-09-26 09:00,0,-0.024565336,-0.039341607,-0.016924047
2018-09-26 10:00,0,-0.02109026,-0.037949193,-0.01570723
2018-09-26 11:00,0,-0.023740792,-0.03886866,-0.015777711
2018-09-26 12:00,0,-0.025459725,-0.039759164,-0.017385247
2018-09-26 13:00,0,-0.025150766,-0.04008007,-0.018063476
2018-09-26 14:00,0,-0.025135899,-0.0398654,-0.016958015
2018-09-26 15:00,0,-0.024381933,-0.038849301,-0.014472204
2018-09-26 16:00,0,-0.02262334,-0.038645651,-0.014398117
2018-09-26 17:00,0,-0.023076303,-0.03911225,-0.017692479
2018-09-26 18:00,0,-0.023760871,-0.04009734,-0.019355853
2018-09-26 19:00,0,-0.023517588,-0.039229546,-0.019031663
2018-09-26 20:00,0,-0.023125729,-0.038689402,-0.019150392
2018-09-26 21:00,0,-0.02256017,-0.038466007,-0.018385758
2018-09-26 22:00,0,-0.022633689,-0.037747093,-0.017590403
2018-09-26 23:00,0,-0.022400542,-0.037180253,-0.017057423
2018-09-27 00:00,0,-0.022132656,-0.036488896,-0.016980578
2018-09-27 01:00,0,-0.021862015,-0.036218267,-0.016910936
2018-09-27 02:00,0,-0.02214534,-0.036235829,-0.016659008
2018-09-27 03:00,0,-0.023143519,-0.036800386,-0.01682727
2018-09-27 04:00,0,-0.024783502,-0.038151884,-0.017632619
2018-09-27 05:00,0,-0.026032967,-0.039655799,-0.018715777
2018-09-27 06:00,0,-0.026454447,-0.040151194,-0.019624419
2018-09-27 07:00,0,-0.026323316,-0.041025052,-0.019596086
2018-09-27 08:00,0,-0.026395623,-0.04090483,-0.018747046
2018-09-27 09:00,0,-0.024570316,-0.039765267,-0.016857429
2018-09-27 10:00,0,-0.021402332,-0.038145627,-0.015738619
2018-09-27 11:00,0,-0.023956202,-0.038743351,-0.015937413
2018-09-27 12:00,0,-0.025631509,-0.039627261,-0.017023662
2018-09-27 13:00,0,-0.025541707,-0.040032299,-0.017756098
2018-09-27 14:00,0,-0.025512393,-0.039528091,-0.016735987
2018-09-27 15:00,0,-0.024669763,-0.038891059,-0.014323546
2018-09-27 16:00,0,-0.022936216,-0.03854108,-0.016422615
2018-09-27 17:00,0,-0.023202823,-0.038989009,-0.019331662
2018-09-27 18:00,0,-0.023910053,-0.040400506,-0.020080957
2018-09-27 19:00,0,-0.023731129,-0.039464797,-0.019220301
2018-09-27 20:00,0,-0.023200794,-0.039077247,-0.018992992
2018-09-27 21:00,0,-0.022596434,-0.038399506,-0.018285596
2018-09-27 22:00,0,-0.022618232,-0.037851537,-0.017762842
2018-09-27 23:00,0,-0.022343106,-0.036691591,-0.017353103
2018-09-28 00:00,0,-0.022028716,-0.036494945,-0.017196771
2018-09-28 01:00,0,-0.021908622,-0.036151959,-0.017196736
2018-09-28 02:00,0,-0.02205669,-0.03584123,-0.01701204
2018-09-28 03:00,0,-0.022971013,-0.036398413,-0.017321607
2018-09-28 04:00,0,-0.024553283,-0.037614531,-0.018197347
2018-09-28 05:00,0,-0.025900168,-0.039306934,-0.019279801
2018-09-28 06:00,0,-0.026124134,-0.039914891,-0.020143978
2018-09-28 07:00,0,-0.026186968,-0.041024486,-0.01988279
2018-09-28 08:00,0,-0.026353081,-0.040704183,-0.019018276
2018-09-28 09:00,0,-0.024450024,-0.039779265,-0.017053164
2018-09-28 10:00,0,-0.021107662,-0.038629076,-0.015695203
2018-09-28 11:00,0,-0.023614846,-0.039550686,-0.016010126
2018-09-28 12:00,0,-0.025277505,-0.040071011,-0.017308547
2018-09-28 13:00,0,-0.024820954,-0.039918744,-0.017861795
2018-09-28 14:00,0,-0.025032428,-0.039288757,-0.016809275
2018-09-28 15:00,0,-0.024115747,-0.038283951,-0.01478951
2018-09-28 16:00,0,-0.022442359,-0.037775655,-0.016503919
2018-09-28 17:00,0,-0.022570916,-0.037704406,-0.019089127
2018-09-28 18:00,0,-0.023362177,-0.038683405,-0.019897139
2018-09-28 19:00,0,-0.023142693,-0.038326128,-0.019299888
2018-09-28 20:00,0,-0.022758728,-0.038162491,-0.019264175
2018-09-28 21:00,0,-0.022216403,-0.037592612,-0.018593564
2018-09-28 22:00,0,-0.02236085,-0.03706768,-0.01807915
2018-09-28 23:00,0,-0.021883978,-0.035875612,-0.0175594
2018-09-29 00:00,0,-0.021590482,-0.035048013,-0.017394281
2018-09-29 01:00,0,-0.021280609,-0.034883978,-0.017262343
2018-09-29 02:00,0,-0.021126279,-0.034530837,-0.016803846
2018-09-29 03:00,0,-0.021049593,-0.034056384,-0.016088776
2018-09-29 04:00,0,-0.021170669,-0.033748394,-0.016236843
2018-09-29 05:00,0,-0.022098672,-0.03390946,-0.017533014
2018-09-29 06:00,0,-0.022885358,-0.03508929,-0.018975675
2018-09-29 07:00,0,-0.023521988,-0.036578145,-0.019382578
2018-09-29 08:00,0,-0.023714282,-0.036662411,-0.018783874
2018-09-29 09:00,0,-0.021913973,-0.035428996,-0.017233753
2018-09-29 10:00,0,-0.018678552,-0.034359635,-0.01567773
2018-09-29 11:00,0,-0.02082174,-0.034960548,-0.015738034
2018-09-29 12:00,0,-0.022451183,-0.035675858,-0.016820119
2018-09-29 13:00,0,-0.02222447,-0.03594374,-0.017620804
2018-09-29 14:00,0,-0.022452236,-0.035484169,-0.017522058
2018-09-29 15:00,0,-0.022017198,-0.035324201,-0.01583617
2018-09-29 16:00,0,-0.020854117,-0.035404676,-0.016899038
2018-09-29 17:00,0,-0.021149017,-0.036384732,-0.019097205
2018-09-29 18:00,0,-0.021876287,-0.037191226,-0.019364532
2018-09-29 19:00,0,-0.021725039,-0.036632086,-0.018876312
2018-09-29 20:00,0,-0.021560531,-0.036589104,-0.01917311
2018-09-29 21:00,0,-0.021113071,-0.036599682,-0.018453354
2018-09-29 22:00,0,-0.021152557,-0.036262851,-0.017608748
2018-09-29 23:00,0,-0.020656527,-0.035530931,-0.016916761
2018-09-30 00:00,0,-0.020507461,-0.034749599,-0.016671356
2018-09-30 01:00,0,-0.020232947,-0.034370644,-0.01645657
2018-09-30 02:00,0,-0.020172352,-0.034210811,-0.016010108
2018-09-30 03:00,0,-0.020064273,-0.03390266,-0.015163321
2018-09-30 04:00,0,-0.019920188,-0.033077386,-0.015051993
2018-09-30 05:00,0,-0.020509546,-0.032881878,-0.016620689
2018-09-30 06:00,0,-0.020889932,-0.033586393,-0.01847957
2018-09-30 07:00,0,-0.021360303,-0.03497409,-0.019506649
2018-09-30 08:00,0,-0.02183001,-0.035510232,-0.019213191
2018-09-30 09:00,0,-0.020260512,-0.034787083,-0.017822928
2018-09-30 10:00,0,-0.016936682,-0.033788653,-0.016227961
2018-09-30 11:00,0,-0.019380161,-0.033892215,-0.016097942
2018-09-30 12:00,0,-0.020880393,-0.034815858,-0.017456739
2018-09-30 13:00,0,-0.020832001,-0.034869069,-0.018557913
2018-09-30 14:00,0,-0.021083966,-0.035036637,-0.018635559
2018-09-30 15:00,0,-0.020762374,-0.034356569,-0.017379183
2018-09-30 16:00,0,-0.02011386,-0.035089039,-0.018314695
2018-09-30 17:00,0,-0.020605389,-0.036428492,-0.020036683
2018-09-30 18:00,0,-0.021474625,-0.037488822,-0.020057374
2018-09-30 19:00,0,-0.021502362,-0.036927359,-0.019387683
2018-09-30 20:00,0,-0.021644564,-0.036387743,-0.018918845
2018-09-30 21:00,0,-0.021188445,-0.036484573,-0.018083361
2018-09-30 22:00,0,-0.021417903,-0.035731128,-0.017533998
2018-09-30 23:00,0,-0.0210669,-0.035035891,-0.016927962
2018-10-01 00:00,0,-0.020849837,-0.03441669,-0.016666594
2018-10-01 01:00,0,-0.020742701,-0.034114368,-0.016604897
2018-10-01 02:00,0,-0.020972368,-0.03427961,-0.016479551
2018-10-01 03:00,0,-0.022010121,-0.034947666,-0.016991242
2018-10-01 04:00,0,-0.02390003,-0.036642441,-0.018529784
2018-10-01 05:00,0,-0.02564125,-0.039163076,-0.019804909
2018-10-01 06:00,0,-0.026332547,-0.039779002,-0.020976993
2018-10-01 07:00,0,-0.026617329,-0.040706938,-0.021288113
2018-10-01 08:00,0,-0.02699855,-0.040293993,-0.020754929
2018-10-01 09:00,0,-0.025439471,-0.039526632,-0.018627978
2018-10-01 10:00,0,-0.022197652,-0.037573766,-0.017316952
2018-10-01 11:00,0,-0.02491703,-0.038254527,-0.01769057
2018-10-01 12:00,0,-0.026578715,-0.039491277,-0.018719133
2018-10-01 13:00,0,-0.026369982,-0.039379786,-0.019326865
2018-10-01 14:00,0,-0.026638376,-0.0387725,-0.018242425
2018-10-01 15:00,0,-0.025589038,-0.038142402,-0.016175086
2018-10-01 16:00,0,-0.024007293,-0.038271159,-0.017151165
2018-10-01 17:00,0,-0.023211946,-0.039348466,-0.019822945
2018-10-01 18:00,0,-0.023963605,-0.039822886,-0.020412435
2018-10-01 19:00,0,-0.023565224,-0.038581431,-0.019509624
2018-10-01 20:00,0,-0.022959379,-0.038092779,-0.0194696
2018-10-01 21:00,0,-0.022311011,-0.037698336,-0.018686208
2018-10-01 22:00,0,-0.02240623,-0.036392516,-0.018247634
2018-10-01 23:00,0,-0.022052253,-0.035597226,-0.017636842
2018-10-02 00:00,0,-0.021790828,-0.034651468,-0.017601777
2018-10-02 01:00,0,-0.021659146,-0.034677043,-0.017496123
2018-10-02 02:00,0,-0.021683658,-0.034742066,-0.017598501
2018-10-02 03:00,0,-0.022619769,-0.035279539,-0.017999365
2018-10-02 04:00,0,-0.024409309,-0.0366487,-0.018819824
2018-10-02 05:00,0,-0.026215842,-0.038060583,-0.019959028
2018-10-02 06:00,0,-0.026771089,-0.038348675,-0.020987569
2018-10-02 07:00,0,-0.026814212,-0.039482817,-0.020940107
2018-10-02 08:00,0,-0.027037184,-0.039795514,-0.020104524
2018-10-02 09:00,0,-0.025009936,-0.039116036,-0.018072765
2018-10-02 10:00,0,-0.021592421,-0.037805299,-0.016752533
2018-10-02 11:00,0,-0.024288974,-0.038784907,-0.016806134
2018-10-02 12:00,0,-0.025910135,-0.039624762,-0.018274685
2018-10-02 13:00,0,-0.025585259,-0.039547333,-0.018626046
2018-10-02 14:00,0,-0.025546244,-0.038554089,-0.017586204
2018-10-02 15:00,0,-0.024582694,-0.038423235,-0.015407407
2018-10-02 16:00,0,-0.022986626,-0.037778789,-0.017309734
2018-10-02 17:00,0,-0.022992665,-0.038170694,-0.019899838
2018-10-02 18:00,0,-0.023788362,-0.038707919,-0.020677737
2018-10-02 19:00,0,-0.023497833,-0.037506185,-0.019999316
2018-10-02 20:00,0,-0.022937747,-0.037241351,-0.019567496
2018-10-02 21:00,0,-0.022366071,-0.03725121,-0.018573023
2018-10-02 22:00,0,-0.022336807,-0.036768085,-0.018078133
2018-10-02 23:00,0,-0.022059097,-0.035964747,-0.017540131
2018-10-03 00:00,0,-0.021806672,-0.035160501,-0.01724144
2018-10-03 01:00,0,-0.021858052,-0.034933987,-0.017251156
2018-10-03 02:00,0,-0.021944754,-0.035158576,-0.017367019
2018-10-03 03:00,0,-0.022778134,-0.035799856,-0.017791299
2018-10-03 04:00,0,-0.024484975,-0.037621215,-0.018323892
2018-10-03 05:00,0,-0.025916734,-0.039279992,-0.019202196
2018-10-03 06:00,0,-0.026296644,-0.039750991,-0.020152466
2018-10-03 07:00,0,-0.026461587,-0.040603765,-0.020261286
2018-10-03 08:00,0,-0.026943739,-0.04037228,-0.019499825
2018-10-03 09:00,0,-0.025401784,-0.039335921,-0.017394055
2018-10-03 10:00,0,-0.022108199,-0.037739111,-0.016198837
2018-10-03 11:00,0,-0.024724787,-0.03843619,-0.016357881
2018-10-03 12:00,0,-0.026410704,-0.039374324,-0.017583306
2018-10-03 13:00,0,-0.025990551,-0.039661057,-0.018179273
2018-10-03 14:00,0,-0.025873046,-0.039421556,-0.017248298
2018-10-03 15:00,0,-0.024964399,-0.038506668,-0.015429839
2018-10-03 16:00,0,-0.023383522,-0.03846307,-0.017373628
2018-10-03 17:00,0,-0.023318314,-0.039483771,-0.019847413
2018-10-03 18:00,0,-0.024043208,-0.040109086,-0.020534467
2018-10-03 19:00,0,-0.023751521,-0.038984237,-0.019757893
2018-10-03 20:00,0,-0.023091231,-0.03857887,-0.019640286
2018-10-03 21:00,0,-0.022492257,-0.038192978,-0.018744582
2018-10-03 22:00,0,-0.022348369,-0.0372937,-0.018062782
2018-10-03 23:00,0,-0.022171583,-0.036688204,-0.017458069
2018-10-04 00:00,0,-0.021754306,-0.035850676,-0.017451566
2018-10-04 01:00,0,-0.021761575,-0.035566061,-0.017344865
2018-10-04 02:00,0,-0.022114675,-0.035628845,-0.017360454
2018-10-04 03:00,0,-0.02285303,-0.036342634,-0.017764762
2018-10-04 04:00,0,-0.024639249,-0.037958801,-0.018441687
2018-10-04 05:00,0,-0.026218284,-0.039568618,-0.019268032
2018-10-04 06:00,0,-0.026352387,-0.039964366,-0.020202478
2018-10-04 07:00,0,-0.026374528,-0.040754492,-0.020171669
2018-10-04 08:00,0,-0.026418016,-0.040618449,-0.019348604
2018-10-04 09:00,0,-0.024256049,-0.0396427,-0.017473191
2018-10-04 10:00,0,-0.021056269,-0.038201988,-0.016121534
2018-10-04 11:00,0,-0.023532012,-0.038745581,-0.016177377
2018-10-04 12:00,0,-0.025287529,-0.039751134,-0.017639514
2018-10-04 13:00,0,-0.024929802,-0.040072542,-0.01830839
2018-10-04 14:00,0,-0.025108921,-0.039880831,-0.01726248
2018-10-04 15:00,0,-0.024432563,-0.039291643,-0.015187949
2018-10-04 16:00,0,-0.023059352,-0.039053311,-0.017050239
2018-10-04 17:00,0,-0.023071879,-0.039884201,-0.019816933
2018-10-04 18:00,0,-0.024090525,-0.040247596,-0.020612895
2018-10-04 19:00,0,-0.02358167,-0.039072154,-0.019729545
2018-10-04 20:00,0,-0.02306982,-0.038583489,-0.019535063
2018-10-04 21:00,0,-0.022411963,-0.038154865,-0.01876986
2018-10-04 22:00,0,-0.02252167,-0.037260987,-0.018141621
2018-10-04 23:00,0,-0.022307376,-0.036682842,-0.017746805
2018-10-05 00:00,0,-0.022032238,-0.036079057,-0.017610863
2018-10-05 01:00,0,-0.021842531,-0.035845891,-0.017620112
2018-10-05 02:00,0,-0.022131778,-0.035803581,-0.017531598
2018-10-05 03:00,0,-0.022951147,-0.036375559,-0.017917035
2018-10-05 04:00,0,-0.024557206,-0.038154074,-0.018650872
2018-10-05 05:00,0,-0.025950114,-0.039912095,-0.019597258
2018-10-05 06:00,0,-0.026073351,-0.040236491,-0.020464445
2018-10-05 07:00,0,-0.025970043,-0.040798593,-0.020263899
2018-10-05 08:00,0,-0.026042363,-0.040706518,-0.019436223
2018-10-05 09:00,0,-0.024200618,-0.039052213,-0.017467227
2018-10-05 10:00,0,-0.020791474,-0.037388504,-0.016273428
2018-10-05 11:00,0,-0.02349724,-0.038081451,-0.016261832
2018-10-05 12:00,0,-0.025016261,-0.039139419,-0.01768858
2018-10-05 13:00,0,-0.024612233,-0.039158317,-0.018172331
2018-10-05 14:00,0,-0.024786514,-0.038729949,-0.017212543
2018-10-05 15:00,0,-0.024172019,-0.038118444,-0.015120643
2018-10-05 16:00,0,-0.022583274,-0.037910174,-0.016804897
2018-10-05 17:00,0,-0.02266272,-0.038632934,-0.019478809
2018-10-05 18:00,0,-0.023240436,-0.038984215,-0.020126382
2018-10-05 19:00,0,-0.023334275,-0.038429641,-0.019486631
2018-10-05 20:00,0,-0.022975693,-0.038255867,-0.019548889
2018-10-05 21:00,0,-0.022574896,-0.038003456,-0.018964931
2018-10-05 22:00,0,-0.022605692,-0.037050897,-0.018363243
2018-10-05 23:00,0,-0.022322825,-0.035988079,-0.017885419
2018-10-06 00:00,0,-0.021924212,-0.035129114,-0.017659128
2018-10-06 01:00,0,-0.021574312,-0.034813174,-0.017516222
2018-10-06 02:00,0,-0.021541931,-0.034541538,-0.017176698
2018-10-06 03:00,0,-0.021709329,-0.034323854,-0.016466669
2018-10-06 04:00,0,-0.02184012,-0.034145957,-0.016508192
2018-10-06 05:00,0,-0.022476754,-0.03448543,-0.018035003
2018-10-06 06:00,0,-0.023044334,-0.035232289,-0.019427089
2018-10-06 07:00,0,-0.023552783,-0.036328517,-0.019459274
2018-10-06 08:00,0,-0.023660932,-0.03711549,-0.018570712
2018-10-06 09:00,0,-0.021982986,-0.035903139,-0.017016146
2018-10-06 10:00,0,-0.01880325,-0.034879522,-0.015265227
2018-10-06 11:00,0,-0.021149522,-0.03539763,-0.015425389
2018-10-06 12:00,0,-0.022794975,-0.036257194,-0.016457806
2018-10-06 13:00,0,-0.02254822,-0.036385703,-0.017258452
2018-10-06 14:00,0,-0.022742468,-0.036388726,-0.016938518
2018-10-06 15:00,0,-0.022385654,-0.03558072,-0.01540258
2018-10-06 16:00,0,-0.021474114,-0.035996947,-0.017235181
2018-10-06 17:00,0,-0.02135748,-0.03727969,-0.018970662
2018-10-06 18:00,0,-0.021917271,-0.03739091,-0.019454965
2018-10-06 19:00,0,-0.021666637,-0.036410044,-0.01869595
2018-10-06 20:00,0,-0.021804654,-0.03600381,-0.018780612
2018-10-06 21:00,0,-0.021317279,-0.035833897,-0.018332093
2018-10-06 22:00,0,-0.021324645,-0.035535411,-0.017813523
2018-10-06 23:00,0,-0.020917058,-0.034369252,-0.017239959
2018-10-07 00:00,0,-0.02073882,-0.033664699,-0.017149421
2018-10-07 01:00,0,-0.020342007,-0.032907518,-0.016912349
2018-10-07 02:00,0,-0.020246966,-0.032785671,-0.016521109
2018-10-07 03:00,0,-0.020183925,-0.032585116,-0.015732214
2018-10-07 04:00,0,-0.02005982,-0.03203978,-0.015742643
2018-10-07 05:00,0,-0.020767531,-0.032049418,-0.017016095
2018-10-07 06:00,0,-0.021422642,-0.032512361,-0.018581492
2018-10-07 07:00,0,-0.022167209,-0.034421547,-0.019050494
2018-10-07 08:00,0,-0.022821915,-0.035399855,-0.01832729
2018-10-07 09:00,0,-0.021297507,-0.034515357,-0.016782417
2018-10-07 10:00,0,-0.018389292,-0.033781675,-0.015261095
2018-10-07 11:00,0,-0.020590982,-0.034015185,-0.015169647
2018-10-07 12:00,0,-0.02219938,-0.034919115,-0.01644348
2018-10-07 13:00,0,-0.021856138,-0.035099976,-0.017385137
2018-10-07 14:00,0,-0.022086008,-0.034693577,-0.017311766
2018-10-07 15:00,0,-0.021608162,-0.034344112,-0.016106946
2018-10-07 16:00,0,-0.020798443,-0.034961692,-0.018201613
2018-10-07 17:00,0,-0.020897265,-0.036534333,-0.019997447
2018-10-07 18:00,0,-0.021691527,-0.036877723,-0.020176087
2018-10-07 19:00,0,-0.021579322,-0.036361609,-0.019459783
2018-10-07 20:00,0,-0.021624072,-0.035999294,-0.019102241
2018-10-07 21:00,0,-0.021235631,-0.035964064,-0.018308085
2018-10-07 22:00,0,-0.021522422,-0.035215931,-0.017757499
2018-10-07 23:00,0,-0.02131086,-0.034421471,-0.017348071
2018-10-08 00:00,0,-0.021188897,-0.03396791,-0.017152648
2018-10-08 01:00,0,-0.02102526,-0.033909285,-0.017093541
2018-10-08 02:00,0,-0.021424387,-0.034460117,-0.017024064
2018-10-08 03:00,0,-0.022346681,-0.035136952,-0.017747683
2018-10-08 04:00,0,-0.024482769,-0.036869619,-0.019080513
2018-10-08 05:00,0,-0.026109605,-0.039210809,-0.01996057
2018-10-08 06:00,0,-0.026756307,-0.039578143,-0.020714132
2018-10-08 07:00,0,-0.026842406,-0.040323776,-0.020507823
2018-10-08 08:00,0,-0.026985763,-0.039922872,-0.019663282
2018-10-08 09:00,0,-0.025107474,-0.038619277,-0.017618778
2018-10-08 10:00,0,-0.021907956,-0.037080137,-0.01625459
2018-10-08 11:00,0,-0.024484009,-0.037779234,-0.016318817
2018-10-08 12:00,0,-0.026140996,-0.039050754,-0.017739147
2018-10-08 13:00,0,-0.025669026,-0.0391474,-0.018048227
2018-10-08 14:00,0,-0.025730452,-0.038790659,-0.017009583
2018-10-08 15:00,0,-0.024831285,-0.038467278,-0.015328467
2018-10-08 16:00,0,-0.023609072,-0.03835109,-0.017141724
2018-10-08 17:00,0,-0.023530048,-0.039661424,-0.019942244
2018-10-08 18:00,0,-0.024059763,-0.040083173,-0.020604352
2018-10-08 19:00,0,-0.023843543,-0.038653721,-0.019703673
2018-10-08 20:00,0,-0.023304032,-0.038293975,-0.019465864
2018-10-08 21:00,0,-0.022557037,-0.037852283,-0.018505719
2018-10-08 22:00,0,-0.022461631,-0.037399669,-0.018087007
2018-10-08 23:00,0,-0.022179958,-0.036694939,-0.017510493
2018-10-09 00:00,0,-0.021984948,-0.035813561,-0.017376003
2018-10-09 01:00,0,-0.021838195,-0.035876547,-0.017361022
2018-10-09 02:00,0,-0.021962917,-0.035994949,-0.017351709
2018-10-09 03:00,0,-0.023023053,-0.036563909,-0.017940711
2018-10-09 04:00,0,-0.02486498,-0.038074641,-0.018679807
2018-10-09 05:00,0,-0.026405427,-0.040136717,-0.019596082
2018-10-09 06:00,0,-0.026868995,-0.040619126,-0.020367247
2018-10-09 07:00,0,-0.026792199,-0.040962571,-0.020261738
2018-10-09 08:00,0,-0.026939748,-0.040700461,-0.019482242
2018-10-09 09:00,0,-0.024998245,-0.039462614,-0.017544412
2018-10-09 10:00,0,-0.021462101,-0.037745722,-0.016148565
2018-10-09 11:00,0,-0.024217952,-0.038602406,-0.016216709
2018-10-09 12:00,0,-0.025920024,-0.039583755,-0.017598935
2018-10-09 13:00,0,-0.025616767,-0.039879288,-0.018175772
2018-10-09 14:00,0,-0.025616443,-0.039599575,-0.01730976
2018-10-09 15:00,0,-0.024886076,-0.038767327,-0.015553124
2018-10-09 16:00,0,-0.023744094,-0.038685974,-0.017616072
2018-10-09 17:00,0,-0.023506824,-0.039549314,-0.01983767
2018-10-09 18:00,0,-0.02406958,-0.039720828,-0.020670343
2018-10-09 19:00,0,-0.023808342,-0.03879464,-0.019851413
2018-10-09 20:00,0,-0.023313426,-0.038471463,-0.019484413
2018-10-09 21:00,0,-0.022560526,-0.038036479,-0.018654676
2018-10-09 22:00,0,-0.022572047,-0.037164976,-0.018137642
2018-10-09 23:00,0,-0.022432987,-0.036549147,-0.017658541
2018-10-10 00:00,0,-0.022151921,-0.035936919,-0.017529608
2018-10-10 01:00,0,-0.02196736,-0.035928348,-0.017545824
2018-10-10 02:00,0,-0.022103857,-0.036012567,-0.017551711
2018-10-10 03:00,0,-0.02308723,-0.036784882,-0.018006844
2018-10-10 04:00,0,-0.024909524,-0.038463688,-0.018990976
2018-10-10 05:00,0,-0.026520693,-0.040453761,-0.019689564
2018-10-10 06:00,0,-0.026839734,-0.040776755,-0.020517468
2018-10-10 07:00,0,-0.026756063,-0.04109233,-0.020306796
2018-10-10 08:00,0,-0.026828399,-0.040668107,-0.019506963
2018-10-10 09:00,0,-0.024979486,-0.039567105,-0.017574607
2018-10-10 10:00,0,-0.021838338,-0.038242962,-0.016359028
2018-10-10 11:00,0,-0.024325378,-0.038897757,-0.016499416
2018-10-10 12:00,0,-0.026148231,-0.03978408,-0.017720014
2018-10-10 13:00,0,-0.025853196,-0.040246927,-0.018511095
2018-10-10 14:00,0,-0.025951385,-0.039657039,-0.017497509
2018-10-10 15:00,0,-0.025235366,-0.039106844,-0.015457564
2018-10-10 16:00,0,-0.02390659,-0.039277101,-0.01755505
2018-10-10 17:00,0,-0.023679144,-0.039946803,-0.019893341
2018-10-10 18:00,0,-0.024373032,-0.039665569,-0.020637957
2018-10-10 19:00,0,-0.02404888,-0.038670417,-0.019661501
2018-10-10 20:00,0,-0.023397215,-0.038656507,-0.019506534
2018-10-10 21:00,0,-0.022767034,-0.038052543,-0.018714935
2018-10-10 22:00,0,-0.022881679,-0.036836891,-0.018010154
2018-10-10 23:00,0,-0.022559177,-0.036240489,-0.017497469
2018-10-11 00:00,0,-0.022365339,-0.035649999,-0.017338627
2018-10-11 01:00,0,-0.022145545,-0.035395959,-0.017406396
2018-10-11 02:00,0,-0.022423708,-0.0351597,-0.017383843
2018-10-11 03:00,0,-0.023203116,-0.036069953,-0.017914965
2018-10-11 04:00,0,-0.025016242,-0.037715685,-0.018618082
2018-10-11 05:00,0,-0.026454427,-0.039800065,-0.019606871
2018-10-11 06:00,0,-0.026621564,-0.040593301,-0.02046851
2018-10-11 07:00,0,-0.026590893,-0.041347945,-0.020603638
2018-10-11 08:00,0,-0.026705366,-0.041435127,-0.01990614
2018-10-11 09:00,0,-0.025018521,-0.040087982,-0.01790096
2018-10-11 10:00,0,-0.021650393,-0.038646298,-0.016523046
2018-10-11 11:00,0,-0.024318867,-0.039069057,-0.016639524
2018-10-11 12:00,0,-0.026048657,-0.039859617,-0.017978047
2018-10-11 13:00,0,-0.025806177,-0.039970443,-0.018649767
2018-10-11 14:00,0,-0.025960213,-0.040122484,-0.017683494
2018-10-11 15:00,0,-0.025209176,-0.039790097,-0.01597351
2018-10-11 16:00,0,-0.023930565,-0.03952319,-0.017819643
2018-10-11 17:00,0,-0.024047713,-0.039965033,-0.019864864
2018-10-11 18:00,0,-0.024269509,-0.039997539,-0.020594443
2018-10-11 19:00,0,-0.024055439,-0.038831595,-0.019562923
2018-10-11 20:00,0,-0.023411626,-0.038228399,-0.01956847
2018-10-11 21:00,0,-0.022842486,-0.037889495,-0.018683165
2018-10-11 22:00,0,-0.022847833,-0.03687591,-0.018033024
2018-10-11 23:00,0,-0.022574864,-0.036149417,-0.017597478
2018-10-12 00:00,0,-0.022447962,-0.035731211,-0.017373476
2018-10-12 01:00,0,-0.022295173,-0.03586266,-0.017359074
2018-10-12 02:00,0,-0.022409657,-0.035772051,-0.017318701
2018-10-12 03:00,0,-0.023390568,-0.036405287,-0.01778333
2018-10-12 04:00,0,-0.025017785,-0.037945381,-0.018706493
2018-10-12 05:00,0,-0.026527627,-0.040319645,-0.019658016
2018-10-12 06:00,0,-0.026696177,-0.040666511,-0.020597628
2018-10-12 07:00,0,-0.026592238,-0.041419938,-0.020313629
2018-10-12 08:00,0,-0.02671372,-0.041259006,-0.019418618
2018-10-12 09:00,0,-0.024794361,-0.039850734,-0.017605521
2018-10-12 10:00,0,-0.021353361,-0.038560169,-0.01636777
2018-10-12 11:00,0,-0.023668543,-0.039237424,-0.016581418
2018-10-12 12:00,0,-0.025481171,-0.040339586,-0.017756321
2018-10-12 13:00,0,-0.025113452,-0.04020319,-0.018340531
2018-10-12 14:00,0,-0.025250952,-0.039786646,-0.017505288
2018-10-12 15:00,0,-0.024538503,-0.039177237,-0.015699747
2018-10-12 16:00,0,-0.023196791,-0.038581056,-0.017333179
2018-10-12 17:00,0,-0.022747343,-0.039874897,-0.019205442
2018-10-12 18:00,0,-0.023640326,-0.039427617,-0.019914863
2018-10-12 19:00,0,-0.023517634,-0.038405382,-0.019352978
2018-10-12 20:00,0,-0.023051523,-0.038646648,-0.019390934
2018-10-12 21:00,0,-0.022623889,-0.03812424,-0.018811902
2018-10-12 22:00,0,-0.022661002,-0.037100009,-0.018122995
2018-10-12 23:00,0,-0.022192122,-0.036310147,-0.017494663
2018-10-13 00:00,0,-0.021781615,-0.035680817,-0.017426454
2018-10-13 01:00,0,-0.021454062,-0.034845581,-0.017282929
2018-10-13 02:00,0,-0.021484772,-0.034638766,-0.016875553
2018-10-13 03:00,0,-0.021695817,-0.034192989,-0.016370528
2018-10-13 04:00,0,-0.021849317,-0.033900053,-0.016505174
2018-10-13 05:00,0,-0.02273709,-0.034825887,-0.017797172
2018-10-13 06:00,0,-0.023337836,-0.036080533,-0.019297812
2018-10-13 07:00,0,-0.02373627,-0.037731201,-0.019335602
2018-10-13 08:00,0,-0.023892984,-0.037953649,-0.018747671
2018-10-13 09:00,0,-0.022166308,-0.036924403,-0.016984728
2018-10-13 10:00,0,-0.018781214,-0.035690313,-0.015595173
2018-10-13 11:00,0,-0.021275919,-0.036182528,-0.015391977
2018-10-13 12:00,0,-0.022884006,-0.036790211,-0.01682783
2018-10-13 13:00,0,-0.022507842,-0.03678545,-0.017462207
2018-10-13 14:00,0,-0.022751134,-0.036523426,-0.017303974
2018-10-13 15:00,0,-0.022384038,-0.036760642,-0.016108907
2018-10-13 16:00,0,-0.021642733,-0.03671837,-0.017418111
2018-10-13 17:00,0,-0.021263442,-0.037808719,-0.018767488
2018-10-13 18:00,0,-0.021952762,-0.037419249,-0.019126511
2018-10-13 19:00,0,-0.022069453,-0.036796927,-0.018725139
2018-10-13 20:00,0,-0.021813736,-0.036460495,-0.018871672
2018-10-13 21:00,0,-0.021385602,-0.036501208,-0.018406185
2018-10-13 22:00,0,-0.021486428,-0.035761344,-0.017631769
2018-10-13 23:00,0,-0.021069153,-0.035264807,-0.017121273
2018-10-14 00:00,0,-0.020857758,-0.034438892,-0.016878934
2018-10-14 01:00,0,-0.020531162,-0.034073565,-0.016733614
2018-10-14 02:00,0,-0.020401776,-0.033938235,-0.016362297
2018-10-14 03:00,0,-0.020433654,-0.033714707,-0.01558537
2018-10-14 04:00,0,-0.020214426,-0.033653511,-0.015498438
2018-10-14 05:00,0,-0.020907711,-0.033472218,-0.017059934
2018-10-14 06:00,0,-0.021301402,-0.03430374,-0.018644678
2018-10-14 07:00,0,-0.02186991,-0.03524262,-0.0192707
2018-10-14 08:00,0,-0.022222902,-0.035599075,-0.018614581
2018-10-14 09:00,0,-0.020729933,-0.034303224,-0.016979813
2018-10-14 10:00,0,-0.017521585,-0.033668261,-0.01554555
2018-10-14 11:00,0,-0.019691598,-0.033879526,-0.015487883
2018-10-14 12:00,0,-0.021432649,-0.034707632,-0.016720287
2018-10-14 13:00,0,-0.021224738,-0.035219736,-0.017758237
2018-10-14 14:00,0,-0.021669794,-0.035463729,-0.017951585
2018-10-14 15:00,0,-0.021374495,-0.035462918,-0.016914624
2018-10-14 16:00,0,-0.020887078,-0.036261814,-0.01875056
2018-10-14 17:00,0,-0.020774541,-0.037594224,-0.020061873
2018-10-14 18:00,0,-0.021821243,-0.037905982,-0.020225195
2018-10-14 19:00,0,-0.022018263,-0.037161539,-0.019489562
2018-10-14 20:00,0,-0.021941547,-0.036912828,-0.019082404
2018-10-14 21:00,0,-0.021512134,-0.036061428,-0.018259476
2018-10-14 22:00,0,-0.021669927,-0.035545192,-0.017663986
2018-10-14 23:00,0,-0.02141585,-0.034933788,-0.017137703
2018-10-15 00:00,0,-0.021246638,-0.03438545,-0.017034813
2018-10-15 01:00,0,-0.021110703,-0.033958726,-0.016834948
2018-10-15 02:00,0,-0.021498209,-0.034457673,-0.016759283
2018-10-15 03:00,0,-0.022569685,-0.035536691,-0.017485677
2018-10-15 04:00,0,-0.024454808,-0.037344568,-0.01895034
2018-10-15 05:00,0,-0.026082377,-0.039949869,-0.020037984
2018-10-15 06:00,0,-0.026434045,-0.040475278,-0.02084707
2018-10-15 07:00,0,-0.026659684,-0.041625607,-0.020596067
2018-10-15 08:00,0,-0.02701438,-0.041688573,-0.019728739
2018-10-15 09:00,0,-0.02542381,-0.040435654,-0.017771733
2018-10-15 10:00,0,-0.022005094,-0.038825722,-0.016628374
2018-10-15 11:00,0,-0.024890873,-0.03952166,-0.016426451
2018-10-15 12:00,0,-0.026665195,-0.040820023,-0.017928736
2018-10-15 13:00,0,-0.026239741,-0.041180267,-0.018347704
2018-10-15 14:00,0,-0.026269172,-0.041095766,-0.017306468
2018-10-15 15:00,0,-0.025329023,-0.040402178,-0.015631985
2018-10-15 16:00,0,-0.023916666,-0.04034116,-0.017642361
2018-10-15 17:00,0,-0.023498782,-0.041359252,-0.019881352
2018-10-15 18:00,0,-0.024031564,-0.041094794,-0.020357264
2018-10-15 19:00,0,-0.023898399,-0.039883389,-0.019601869
2018-10-15 20:00,0,-0.023273496,-0.039211306,-0.019508614
2018-10-15 21:00,0,-0.022597118,-0.038608379,-0.018751062
2018-10-15 22:00,0,-0.022839497,-0.037797321,-0.018117779
2018-10-15 23:00,0,-0.022566943,-0.037051623,-0.017555397
2018-10-16 00:00,0,-0.022160291,-0.03637658,-0.017387388
2018-10-16 01:00,0,-0.022039333,-0.036207121,-0.017257783
2018-10-16 02:00,0,-0.022290034,-0.036320446,-0.017404224
2018-10-16 03:00,0,-0.023274229,-0.036902394,-0.017843984
2018-10-16 04:00,0,-0.024861706,-0.038667967,-0.018952623
2018-10-16 05:00,0,-0.026383974,-0.040673903,-0.019918812
2018-10-16 06:00,0,-0.026547796,-0.040995951,-0.020621787
2018-10-16 07:00,0,-0.026576411,-0.041760586,-0.020294878
2018-10-16 08:00,0,-0.026585665,-0.041247638,-0.019261457
2018-10-16 09:00,0,-0.024782212,-0.040282887,-0.017375532
2018-10-16 10:00,0,-0.021484095,-0.038687767,-0.016288653
2018-10-16 11:00,0,-0.024289294,-0.039614211,-0.016261352
2018-10-16 12:00,0,-0.025966271,-0.040905825,-0.017685768
2018-10-16 13:00,0,-0.025657768,-0.041029536,-0.018239289
2018-10-16 14:00,0,-0.025762651,-0.040745259,-0.017194494
2018-10-16 15:00,0,-0.025048953,-0.040156826,-0.015569672
2018-10-16 16:00,0,-0.024017871,-0.040317561,-0.017630777
2018-10-16 17:00,0,-0.023361626,-0.041211905,-0.020119213
2018-10-16 18:00,0,-0.024140855,-0.040795306,-0.020733149
2018-10-16 19:00,0,-0.023880883,-0.039600053,-0.019867458
2018-10-16 20:00,0,-0.023365969,-0.038840324,-0.019655882
2018-10-16 21:00,0,-0.022794621,-0.038445985,-0.018981667
2018-10-16 22:00,0,-0.022817472,-0.037500286,-0.018309916
2018-10-16 23:00,0,-0.022501645,-0.036856973,-0.017882776
2018-10-17 00:00,0,-0.022257099,-0.036334509,-0.017688189
2018-10-17 01:00,0,-0.02211162,-0.03603931,-0.01773566
2018-10-17 02:00,0,-0.022374008,-0.036087582,-0.017725949
2018-10-17 03:00,0,-0.023221217,-0.037036267,-0.018202579
2018-10-17 04:00,0,-0.025081782,-0.038548166,-0.019183875
2018-10-17 05:00,0,-0.026681695,-0.040550816,-0.020133769
2018-10-17 06:00,0,-0.026987535,-0.041232213,-0.020941278
2018-10-17 07:00,0,-0.027024809,-0.041813216,-0.020649457
2018-10-17 08:00,0,-0.027086409,-0.041575906,-0.019674107
2018-10-17 09:00,0,-0.025284319,-0.040348212,-0.017621746
2018-10-17 10:00,0,-0.021853365,-0.038709421,-0.016577308
2018-10-17 11:00,0,-0.02467019,-0.03955884,-0.016870283
2018-10-17 12:00,0,-0.026479173,-0.040483413,-0.018448136
2018-10-17 13:00,0,-0.026140146,-0.040672425,-0.018991781
2018-10-17 14:00,0,-0.026120622,-0.040323398,-0.018019828
2018-10-17 15:00,0,-0.025429634,-0.039667597,-0.016538092
2018-10-17 16:00,0,-0.024183061,-0.039384298,-0.017944352
2018-10-17 17:00,0,-0.023667033,-0.040594539,-0.020090501
2018-10-17 18:00,0,-0.024303459,-0.040323329,-0.02078783
2018-10-17 19:00,0,-0.023984959,-0.039419307,-0.019811501
2018-10-17 20:00,0,-0.02355751,-0.038840926,-0.019640566
2018-10-17 21:00,0,-0.023029538,-0.038456616,-0.018847718
2018-10-17 22:00,0,-0.023011018,-0.037620151,-0.018247172
2018-10-17 23:00,0,-0.02268392,-0.036716929,-0.017792192
2018-10-18 00:00,0,-0.022482451,-0.035940021,-0.017683239
2018-10-18 01:00,0,-0.022383677,-0.035746136,-0.017752694
2018-10-18 02:00,0,-0.022593202,-0.035799862,-0.017467903
2018-10-18 03:00,0,-0.023520713,-0.036515278,-0.017990044
2018-10-18 04:00,0,-0.025104439,-0.038294475,-0.019156423
2018-10-18 05:00,0,-0.026824654,-0.04060224,-0.020124092
2018-10-18 06:00,0,-0.027109117,-0.041006507,-0.021078981
2018-10-18 07:00,0,-0.027254521,-0.041675288,-0.021169326
2018-10-18 08:00,0,-0.027230361,-0.041715196,-0.02029272
2018-10-18 09:00,0,-0.025373645,-0.040468378,-0.018042182
2018-10-18 10:00,0,-0.021831887,-0.038921622,-0.016783309
2018-10-18 11:00,0,-0.024628275,-0.039949198,-0.017059535
2018-10-18 12:00,0,-0.026292094,-0.04112521,-0.018008874
2018-10-18 13:00,0,-0.02605048,-0.041026502,-0.018638411
2018-10-18 14:00,0,-0.026160724,-0.040524254,-0.017827556
2018-10-18 15:00,0,-0.025497226,-0.040048854,-0.016739734
2018-10-18 16:00,0,-0.024231052,-0.039802489,-0.01779364
2018-10-18 17:00,0,-0.023553891,-0.040850729,-0.019834401
2018-10-18 18:00,0,-0.024212784,-0.04036552,-0.020616423
2018-10-18 19:00,0,-0.024173853,-0.039691079,-0.019781517
2018-10-18 20:00,0,-0.023543048,-0.039238124,-0.019554985
2018-10-18 21:00,0,-0.022792056,-0.038781055,-0.018776885
2018-10-18 22:00,0,-0.022794375,-0.037770962,-0.018275241
2018-10-18 23:00,0,-0.02243968,-0.03697027,-0.017906342
2018-10-19 00:00,0,-0.02214255,-0.036304889,-0.017692021
2018-10-19 01:00,0,-0.022023147,-0.036227251,-0.017784052
2018-10-19 02:00,0,-0.02216809,-0.036339577,-0.0177841
2018-10-19 03:00,0,-0.023232438,-0.036699575,-0.018241245
2018-10-19 04:00,0,-0.024862932,-0.03847596,-0.019141928
2018-10-19 05:00,0,-0.02660639,-0.040330219,-0.02015537
2018-10-19 06:00,0,-0.026782067,-0.041213366,-0.020906741
2018-10-19 07:00,0,-0.026819047,-0.041877973,-0.020722116
2018-10-19 08:00,0,-0.026895431,-0.041673792,-0.019818258
2018-10-19 09:00,0,-0.024804516,-0.040286457,-0.017689264
2018-10-19 10:00,0,-0.021361932,-0.038635222,-0.016441811
2018-10-19 11:00,0,-0.023641429,-0.038956111,-0.016648892
2018-10-19 12:00,0,-0.025367817,-0.039984475,-0.018067276
2018-10-19 13:00,0,-0.025079365,-0.039959872,-0.018591312
2018-10-19 14:00,0,-0.025214783,-0.039611141,-0.01781292
2018-10-19 15:00,0,-0.024675156,-0.039080246,-0.016213375
2018-10-19 16:00,0,-0.023620714,-0.038914005,-0.01764561
2018-10-19 17:00,0,-0.022936567,-0.03981271,-0.019527368
2018-10-19 18:00,0,-0.023450237,-0.039380818,-0.020336844
2018-10-19 19:00,0,-0.023345128,-0.038489646,-0.019948331
2018-10-19 20:00,0,-0.022889251,-0.038284288,-0.019878437
2018-10-19 21:00,0,-0.022328649,-0.038189465,-0.019129328
2018-10-19 22:00,0,-0.022354273,-0.03760301,-0.018411015
2018-10-19 23:00,0,-0.02200265,-0.036316201,-0.017878631
2018-10-20 00:00,0,-0.021671843,-0.035432533,-0.017694309
2018-10-20 01:00,0,-0.021349915,-0.034981529,-0.017490675
2018-10-20 02:00,0,-0.0213185,-0.034853441,-0.017213059
2018-10-20 03:00,0,-0.02156351,-0.034648857,-0.016581984
2018-10-20 04:00,0,-0.021712272,-0.034250127,-0.016700138
2018-10-20 05:00,0,-0.022503127,-0.034506957,-0.018024692
2018-10-20 06:00,0,-0.023120264,-0.03560107,-0.019347149
2018-10-20 07:00,0,-0.023738659,-0.037122209,-0.019809917
2018-10-20 08:00,0,-0.024098516,-0.037542166,-0.019258364
2018-10-20 09:00,0,-0.022399275,-0.036641498,-0.01782243
2018-10-20 10:00,0,-0.019158962,-0.035319447,-0.016222198
2018-10-20 11:00,0,-0.02130829,-0.035399921,-0.015914792
2018-10-20 12:00,0,-0.023087407,-0.03631889,-0.017177863
2018-10-20 13:00,0,-0.022879573,-0.036657996,-0.017947203
2018-10-20 14:00,0,-0.023043792,-0.036291051,-0.018181337
2018-10-20 15:00,0,-0.022715258,-0.035812801,-0.017001295
2018-10-20 16:00,0,-0.02183912,-0.036589633,-0.017990902
2018-10-20 17:00,0,-0.021044445,-0.037685647,-0.019153387
2018-10-20 18:00,0,-0.021701108,-0.037489353,-0.019436933
2018-10-20 19:00,0,-0.021653569,-0.036669643,-0.019167926
2018-10-20 20:00,0,-0.021547007,-0.036637462,-0.01905451
2018-10-20 21:00,0,-0.021165753,-0.036632296,-0.018584133
2018-10-20 22:00,0,-0.02126538,-0.036188466,-0.017886691
2018-10-20 23:00,0,-0.020780789,-0.035561085,-0.017406725
2018-10-21 00:00,0,-0.020521858,-0.034940317,-0.017335709
2018-10-21 01:00,0,-0.020255084,-0.034514631,-0.017157108
2018-10-21 02:00,0,-0.020182531,-0.034164231,-0.016640778
2018-10-21 03:00,0,-0.020181977,-0.033805752,-0.015843875
2018-10-21 04:00,0,-0.01976048,-0.033260847,-0.015832504
2018-10-21 05:00,0,-0.020429111,-0.033123329,-0.017209575
2018-10-21 06:00,0,-0.0211212,-0.034074731,-0.018936613
2018-10-21 07:00,0,-0.022012797,-0.035289409,-0.019650362
2018-10-21 08:00,0,-0.022792449,-0.035745296,-0.018908431
2018-10-21 09:00,0,-0.021481671,-0.034944189,-0.017257897
2018-10-21 10:00,0,-0.018117071,-0.034074069,-0.015942351
2018-10-21 11:00,0,-0.020535212,-0.034551472,-0.015653729
2018-10-21 12:00,0,-0.022145848,-0.03518932,-0.01739886
2018-10-21 13:00,0,-0.021823511,-0.03513979,-0.018570169
2018-10-21 14:00,0,-0.022004583,-0.035104676,-0.018959053
2018-10-21 15:00,0,-0.021733075,-0.035065004,-0.018210513
2018-10-21 16:00,0,-0.021161244,-0.036173477,-0.019003928
2018-10-21 17:00,0,-0.020810731,-0.037645634,-0.020043541
2018-10-21 18:00,0,-0.021688658,-0.037564262,-0.020206456
2018-10-21 19:00,0,-0.021695889,-0.037091874,-0.019561257
2018-10-21 20:00,0,-0.021808753,-0.036618599,-0.019357825
2018-10-21 21:00,0,-0.021515906,-0.036367667,-0.018602287
2018-10-21 22:00,0,-0.021736082,-0.036050312,-0.017821783
2018-10-21 23:00,0,-0.021442951,-0.035120669,-0.017343801
2018-10-22 00:00,0,-0.021300927,-0.034448472,-0.017074152
2018-10-22 01:00,0,-0.021213423,-0.034468684,-0.017039202
2018-10-22 02:00,0,-0.021560131,-0.034566279,-0.016877402
2018-10-22 03:00,0,-0.022624604,-0.034865138,-0.017511146
2018-10-22 04:00,0,-0.024324539,-0.036692428,-0.018978614
2018-10-22 05:00,0,-0.026277597,-0.039330773,-0.020097459
2018-10-22 06:00,0,-0.026680896,-0.040113381,-0.021230328
2018-10-22 07:00,0,-0.026794196,-0.041344544,-0.021237938
2018-10-22 08:00,0,-0.026715557,-0.041461413,-0.020164051
2018-10-22 09:00,0,-0.024896324,-0.040518677,-0.018108296
2018-10-22 10:00,0,-0.021390585,-0.039134394,-0.016692383
2018-10-22 11:00,0,-0.024048998,-0.039467967,-0.016885393
2018-10-22 12:00,0,-0.025789344,-0.040224042,-0.018148723
2018-10-22 13:00,0,-0.025489937,-0.040565179,-0.01880736
2018-10-22 14:00,0,-0.025590551,-0.039934272,-0.017941336
2018-10-22 15:00,0,-0.024974184,-0.039104387,-0.016598624
2018-10-22 16:00,0,-0.023987341,-0.039839624,-0.017721672
2018-10-22 17:00,0,-0.023218768,-0.040449544,-0.020059188
2018-10-22 18:00,0,-0.024049423,-0.040017039,-0.020603316
2018-10-22 19:00,0,-0.023856468,-0.039334482,-0.019712344
2018-10-22 20:00,0,-0.023308598,-0.038825538,-0.019669414
2018-10-22 21:00,0,-0.022770706,-0.038377919,-0.018886128
2018-10-22 22:00,0,-0.022945574,-0.037766335,-0.018127054
2018-10-22 23:00,0,-0.022656851,-0.036750796,-0.017543792
2018-10-23 00:00,0,-0.022410518,-0.035772063,-0.017403724
2018-10-23 01:00,0,-0.022172113,-0.035338508,-0.017412335
2018-10-23 02:00,0,-0.022313095,-0.035244604,-0.017400079
2018-10-23 03:00,0,-0.023251763,-0.035749799,-0.017848204
2018-10-23 04:00,0,-0.024834182,-0.037615106,-0.019021979
2018-10-23 05:00,0,-0.026417021,-0.039973011,-0.019960327
2018-10-23 06:00,0,-0.026780031,-0.040598354,-0.020816329
2018-10-23 07:00,0,-0.026884048,-0.041561963,-0.020631938
2018-10-23 08:00,0,-0.026936263,-0.041405967,-0.019627222
2018-10-23 09:00,0,-0.025273297,-0.040225071,-0.017748422
2018-10-23 10:00,0,-0.021702969,-0.037870006,-0.016484345
2018-10-23 11:00,0,-0.024549343,-0.038105545,-0.016449048
2018-10-23 12:00,0,-0.026433378,-0.039373565,-0.017698403
2018-10-23 13:00,0,-0.026288338,-0.039733989,-0.018237124
2018-10-23 14:00,0,-0.026433346,-0.0397129,-0.017425366
2018-10-23 15:00,0,-0.025662608,-0.039609847,-0.016623488
2018-10-23 16:00,0,-0.024263345,-0.040002188,-0.017973537
2018-10-23 17:00,0,-0.023328546,-0.040517145,-0.019916016
2018-10-23 18:00,0,-0.024041719,-0.040037495,-0.020716895
2018-10-23 19:00,0,-0.023937638,-0.038976111,-0.020016643
2018-10-23 20:00,0,-0.023679726,-0.038583523,-0.019820591
2018-10-23 21:00,0,-0.02301386,-0.038621653,-0.019022127
2018-10-23 22:00,0,-0.023061846,-0.037867094,-0.018243803
2018-10-23 23:00,0,-0.022626471,-0.037214954,-0.017852948
2018-10-24 00:00,0,-0.022364968,-0.036380699,-0.01761493
2018-10-24 01:00,0,-0.022239553,-0.03611339,-0.017504277
2018-10-24 02:00,0,-0.022490769,-0.036229503,-0.01757903
2018-10-24 03:00,0,-0.023209027,-0.036501622,-0.018066547
2018-10-24 04:00,0,-0.024890506,-0.038384603,-0.019087663
2018-10-24 05:00,0,-0.026625872,-0.040570015,-0.02016081
2018-10-24 06:00,0,-0.027092614,-0.041259593,-0.020910377
2018-10-24 07:00,0,-0.027467528,-0.042148508,-0.020774238
2018-10-24 08:00,0,-0.02795321,-0.042302941,-0.019944049
2018-10-24 09:00,0,-0.026303346,-0.041540049,-0.018124587
2018-10-24 10:00,0,-0.023096564,-0.039995864,-0.017156781
2018-10-24 11:00,0,-0.025498557,-0.04090694,-0.017339841
2018-10-24 12:00,0,-0.027343025,-0.0420057,-0.018757307
2018-10-24 13:00,0,-0.026977439,-0.042243734,-0.01944291
2018-10-24 14:00,0,-0.027035006,-0.041779493,-0.018504547
2018-10-24 15:00,0,-0.026104331,-0.04102006,-0.017518763
2018-10-24 16:00,0,-0.024476966,-0.041286971,-0.018531831
2018-10-24 17:00,0,-0.023556604,-0.041281892,-0.020605028
2018-10-24 18:00,0,-0.024309285,-0.040903111,-0.021466257
2018-10-24 19:00,0,-0.024230852,-0.039735794,-0.020544589
2018-10-24 20:00,0,-0.023837771,-0.039283627,-0.02034556
2018-10-24 21:00,0,-0.023223087,-0.039218917,-0.019585754
2018-10-24 22:00,0,-0.023156247,-0.038323919,-0.018546352
2018-10-24 23:00,0,-0.022679136,-0.037454994,-0.018132991
2018-10-25 00:00,0,-0.022331065,-0.036747527,-0.01803947
2018-10-25 01:00,0,-0.022209411,-0.036307212,-0.017912946
2018-10-25 02:00,0,-0.022504811,-0.036383815,-0.017830278
2018-10-25 03:00,0,-0.023373044,-0.037151399,-0.018284428
2018-10-25 04:00,0,-0.02476909,-0.038813819,-0.019562448
2018-10-25 05:00,0,-0.026462749,-0.040610289,-0.020631281
2018-10-25 06:00,0,-0.026650586,-0.04108417,-0.021651706
2018-10-25 07:00,0,-0.026778876,-0.041886524,-0.021371172
2018-10-25 08:00,0,-0.026921197,-0.042003208,-0.02044584
2018-10-25 09:00,0,-0.025058821,-0.041252669,-0.018694366
2018-10-25 10:00,0,-0.022031029,-0.039873885,-0.017387087
2018-10-25 11:00,0,-0.024699897,-0.040635418,-0.017098034
2018-10-25 12:00,0,-0.026297779,-0.041670449,-0.018496849
2018-10-25 13:00,0,-0.026116775,-0.042067308,-0.018931479
2018-10-25 14:00,0,-0.026091571,-0.041650755,-0.018062692
2018-10-25 15:00,0,-0.025181582,-0.040918701,-0.017099331
2018-10-25 16:00,0,-0.02362181,-0.041328474,-0.018672036
2018-10-25 17:00,0,-0.022865513,-0.041553988,-0.021011313
2018-10-25 18:00,0,-0.023642632,-0.040971263,-0.021655862
2018-10-25 19:00,0,-0.023667096,-0.039476569,-0.020838041
2018-10-25 20:00,0,-0.022979063,-0.039291085,-0.020537946
2018-10-25 21:00,0,-0.022349706,-0.039313969,-0.018671692
2018-10-25 22:00,0,-0.022223962,-0.038490892,-0.018176048
2018-10-25 23:00,0,-0.021840428,-0.037234335,-0.017791519
2018-10-26 00:00,0,-0.02145083,-0.036325913,-0.017563015
2018-10-26 01:00,0,-0.021121326,-0.03634539,-0.017570436
2018-10-26 02:00,0,-0.021009097,-0.036226276,-0.017405936
2018-10-26 03:00,0,-0.020786431,-0.036593767,-0.017807981
2018-10-26 04:00,0,-0.020355467,-0.038306684,-0.018974801
2018-10-26 05:00,0,-0.021299636,-0.0400237,-0.020030683
2018-10-26 06:00,0,-0.021905224,-0.040681126,-0.02051928
2018-10-26 07:00,0,-0.022527724,-0.04165786,-0.020180879
2018-10-26 08:00,0,-0.022766666,-0.041576656,-0.019051903
2018-10-26 09:00,0,-0.021110986,-0.040379671,-0.016990047
2018-10-26 10:00,0,-0.017764124,-0.039558338,-0.015736441
2018-10-26 11:00,0,-0.020081745,-0.03956012,-0.015248816
2018-10-26 12:00,0,-0.021467889,-0.041070726,-0.016766845
2018-10-26 13:00,0,-0.021271753,-0.040828389,-0.017338516
2018-10-26 14:00,0,-0.021476253,-0.040250519,-0.016968202
2018-10-26 15:00,0,-0.021468134,-0.039377819,-0.015988093
2018-10-26 16:00,0,-0.020932297,-0.039876341,-0.017284534
2018-10-26 17:00,0,-0.020581296,-0.039869918,-0.019526808
2018-10-26 18:00,0,-0.021334398,-0.039546199,-0.020306567
2018-10-26 19:00,0,-0.021545754,-0.038810628,-0.019667715
2018-10-26 20:00,0,-0.021543884,-0.03847034,-0.019727099
2018-10-26 21:00,0,-0.021373867,-0.038841631,-0.019024172
2018-10-26 22:00,0,-0.021238466,-0.038340733,-0.018593903
2018-10-26 23:00,0,-0.020887857,-0.036723065,-0.018047189
2018-10-27 00:00,0,-0.02056169,-0.03581887,-0.017793751
2018-10-27 01:00,0,-0.020283612,-0.035479306,-0.017662858
2018-10-27 02:00,0,-0.020328545,-0.035073151,-0.017068032
2018-10-27 03:00,0,-0.020497401,-0.035083793,-0.016431531
2018-10-27 04:00,0,-0.020620959,-0.0344339,-0.016768171
2018-10-27 05:00,0,-0.021552161,-0.034690312,-0.01813106
2018-10-27 06:00,0,-0.022378867,-0.03588612,-0.018981409
2018-10-27 07:00,0,-0.023244734,-0.037329885,-0.018564668
2018-10-27 08:00,0,-0.0239522,-0.037910769,-0.017198655
2018-10-27 09:00,0,-0.022620013,-0.037123225,-0.015173492
2018-10-27 10:00,0,-0.019521584,-0.036353902,-0.013531211
2018-10-27 11:00,0,-0.022059478,-0.036648596,-0.013382072
2018-10-27 12:00,0,-0.023611138,-0.037481625,-0.014853318
2018-10-27 13:00,0,-0.02335358,-0.037342713,-0.016008645
2018-10-27 14:00,0,-0.023529732,-0.036864084,-0.016495404
2018-10-27 15:00,0,-0.023294379,-0.036259334,-0.015949773
2018-10-27 16:00,0,-0.021652542,-0.036971271,-0.016979931
2018-10-27 17:00,0,-0.020756093,-0.037670363,-0.018512635
2018-10-27 18:00,0,-0.021385285,-0.037168793,-0.01890731
2018-10-27 19:00,0,-0.021435893,-0.036362783,-0.018436762
2018-10-27 20:00,0,-0.021420741,-0.03640601,-0.018598368
2018-10-27 21:00,0,-0.021199533,-0.036927787,-0.016957217
2018-10-27 22:00,0,-0.021108398,-0.036327467,-0.016379006
2018-10-27 23:00,0,-0.020855777,-0.035302884,-0.015930144
2018-10-28 00:00,0,-0.020618421,-0.034144429,-0.015844224
2018-10-28 01:00,0,-0.020356204,-0.033611004,-0.015457101
2018-10-28 02:00,0,-0.020214232,-0.033594402,-0.014816366
2018-10-28 03:00,0,-0.019931326,-0.032662055,-0.014024239
2018-10-28 04:00,0,-0.01963779,-0.031363818,-0.013878572
2018-10-28 05:00,0,-0.01993512,-0.030624626,-0.015021734
2018-10-28 06:00,0,-0.020958677,-0.031599414,-0.016484738
2018-10-28 07:00,0,-0.021867601,-0.033249659,-0.017064001
2018-10-28 08:00,0,-0.022643329,-0.034929188,-0.017147657
2018-10-28 09:00,0,-0.023425012,-0.03545531,-0.016534582
2018-10-28 10:00,0,-0.021947411,-0.033721603,-0.015052569
2018-10-28 11:00,0,-0.018610164,-0.03301324,-0.013661617
2018-10-28 12:00,0,-0.021038233,-0.034051453,-0.013290485
2018-10-28 13:00,0,-0.022462326,-0.034599837,-0.015168879
2018-10-28 14:00,0,-0.022200489,-0.034733579,-0.016394173
2018-10-28 15:00,0,-0.022773233,-0.034348284,-0.017690775
2018-10-28 16:00,0,-0.02276352,-0.035255439,-0.016880432
2018-10-28 17:00,0,-0.021394296,-0.035771711,-0.016268201
2018-10-28 18:00,0,-0.020620565,-0.035660385,-0.0176184
2018-10-28 19:00,0,-0.02143201,-0.035691466,-0.017894811
2018-10-28 20:00,0,-0.021756423,-0.035254897,-0.017682386
2018-10-28 21:00,0,-0.022207973,-0.03619605,-0.017363404
2018-10-28 22:00,0,-0.022025051,-0.036777324,-0.018443066
2018-10-28 23:00,0,-0.02189324,-0.035816118,-0.017651725
2018-10-29 00:00,0,-0.02151831,-0.034646496,-0.017384279
2018-10-29 01:00,0,-0.021504631,-0.034280779,-0.017079614
2018-10-29 02:00,0,-0.021263442,-0.033976494,-0.016576062
2018-10-29 03:00,0,-0.021129407,-0.033191959,-0.016424306
2018-10-29 04:00,0,-0.022060969,-0.032991718,-0.018253809
2018-10-29 05:00,0,-0.024190412,-0.034962586,-0.019687283
2018-10-29 06:00,0,-0.025872511,-0.037176123,-0.021008954
2018-10-29 07:00,0,-0.026785182,-0.039202974,-0.021369002
2018-10-29 08:00,0,-0.026911679,-0.040418751,-0.021066613
2018-10-29 09:00,0,-0.027428522,-0.040794821,-0.020285789
2018-10-29 10:00,0,-0.025825098,-0.039714691,-0.018418101
2018-10-29 11:00,0,-0.02228319,-0.038565386,-0.017434865
2018-10-29 12:00,0,-0.025336166,-0.039327201,-0.017179017
2018-10-29 13:00,0,-0.027173645,-0.039959567,-0.018854336
2018-10-29 14:00,0,-0.026992203,-0.040589278,-0.019512189
2018-10-29 15:00,0,-0.027187114,-0.040073827,-0.019527486
2018-10-29 16:00,0,-0.026705148,-0.039558473,-0.018071524
2018-10-29 17:00,0,-0.024467202,-0.039268896,-0.017882522
2018-10-29 18:00,0,-0.022983888,-0.038256145,-0.019805443
2018-10-29 19:00,0,-0.023645011,-0.037604363,-0.020558811
2018-10-29 20:00,0,-0.023739578,-0.037257713,-0.020431101
2018-10-29 21:00,0,-0.023482887,-0.038307181,-0.020173981
2018-10-29 22:00,0,-0.022971478,-0.037904055,-0.018733795
2018-10-29 23:00,0,-0.022648497,-0.037294317,-0.019065207
2018-10-30 00:00,0,-0.021972925,-0.036363737,-0.018349187
2018-10-30 01:00,0,-0.021829341,-0.035751576,-0.017350048
2018-10-30 02:00,0,-0.021606636,-0.035690523,-0.018089326
2018-10-30 03:00,0,-0.021614888,-0.035152357,-0.01924078
2018-10-30 04:00,0,-0.02233346,-0.035067026,-0.019546981
2018-10-30 05:00,0,-0.024212886,-0.035890285,-0.018944024
2018-10-30 06:00,0,-0.025748648,-0.037486429,-0.019310856
2018-10-30 07:00,0,-0.026198859,-0.039251781,-0.020183073
2018-10-30 08:00,0,-0.026162316,-0.039832483,-0.020868013
2018-10-30 09:00,0,-0.026485637,-0.039913847,-0.020019901
2018-10-30 10:00,0,-0.024945313,-0.039155029,-0.018341518
2018-10-30 11:00,0,-0.021637236,-0.037673872,-0.01809844
2018-10-30 12:00,0,-0.024795253,-0.038140487,-0.018645122
2018-10-30 13:00,0,-0.02661383,-0.039913562,-0.019984591
2018-10-30 14:00,0,-0.026585603,-0.040078949,-0.020136381
2018-10-30 15:00,0,-0.026825833,-0.03889124,-0.019478985
2018-10-30 16:00,0,-0.026530065,-0.03884402,-0.017506728
2018-10-30 17:00,0,-0.024321505,-0.038515691,-0.017323281
2018-10-30 18:00,0,-0.02327034,-0.037878307,-0.019331347
2018-10-30 19:00,0,-0.023938763,-0.037877022,-0.019597698
2018-10-30 20:00,0,-0.024039835,-0.037455723,-0.01892403
2018-10-30 21:00,0,-0.023800073,-0.038402319,-0.019903323
2018-10-30 22:00,0,-0.023150129,-0.038580356,-0.01967685
2018-10-30 23:00,0,-0.022988009,-0.038230954,-0.018462134
2018-10-31 00:00,0,-0.022584917,-0.036762853,-0.01766168
2018-10-31 01:00,0,-0.022425485,-0.036152319,-0.017707468
2018-10-31 02:00,0,-0.022252615,-0.03557574,-0.018809315
2018-10-31 03:00,0,-0.022166606,-0.035138409,-0.018785953
2018-10-31 04:00,0,-0.022716103,-0.034591192,-0.018541703
2018-10-31 05:00,0,-0.024486167,-0.03600702,-0.019135235
2018-10-31 06:00,0,-0.025963317,-0.037384291,-0.019982527
2018-10-31 07:00,0,-0.026326012,-0.038779978,-0.020238978
2018-10-31 08:00,0,-0.0261778,-0.039746953,-0.019897654
2018-10-31 09:00,0,-0.026434219,-0.039916931,-0.019725583
2018-10-31 10:00,0,-0.024608353,-0.038460742,-0.018631055
2018-10-31 11:00,0,-0.021356779,-0.037033816,-0.018220341
2018-10-31 12:00,0,-0.024305478,-0.0374526,-0.017993303
2018-10-31 13:00,0,-0.026137191,-0.038009746,-0.0189682
2018-10-31 14:00,0,-0.026054871,-0.038661156,-0.019119099
2018-10-31 15:00,0,-0.026388849,-0.038355451,-0.018631076
2018-10-31 16:00,0,-0.025932759,-0.038336744,-0.017338636
2018-10-31 17:00,0,-0.023845624,-0.038246144,-0.016938165
2018-10-31 18:00,0,-0.022679208,-0.037345093,-0.019302735
2018-10-31 19:00,0,-0.023264007,-0.0372882,-0.02022942
2018-10-31 20:00,0,-0.02324553,-0.036819979,-0.018406758
2018-10-31 21:00,0,-0.02319708,-0.038251943,-0.018366987
2018-10-31 22:00,0,-0.022786223,-0.038375415,-0.018543362
2018-10-31 23:00,0,-0.022602832,-0.037522432,-0.018170174
2018-11-01 00:00,0,-0.021872665,-0.036233239,-0.01809574
2018-11-01 01:00,0,-0.021717496,-0.035175068,-0.018323348
2018-11-01 02:00,0,-0.021329386,-0.034208579,-0.018529948
2018-11-01 03:00,0,-0.020888802,-0.033237926,-0.018671373
2018-11-01 04:00,0,-0.020507216,-0.032173367,-0.018444986
2018-11-01 05:00,0,-0.020408601,-0.031891859,-0.018583067
2018-11-01 06:00,0,-0.021161785,-0.032018341,-0.020067236
2018-11-01 07:00,0,-0.022072003,-0.032931624,-0.020496367
2018-11-01 08:00,0,-0.022540416,-0.034211836,-0.020176134
2018-11-01 09:00,0,-0.02310694,-0.035006692,-0.020034221
2018-11-01 10:00,0,-0.021805485,-0.03418065,-0.019229153
2018-11-01 11:00,0,-0.018437266,-0.033921674,-0.018550934
2018-11-01 12:00,0,-0.020795469,-0.034639721,-0.018698319
2018-11-01 13:00,0,-0.022321683,-0.035342372,-0.019050171
2018-11-01 14:00,0,-0.022206353,-0.035882695,-0.019637071
2018-11-01 15:00,0,-0.022776447,-0.035099861,-0.020380732
2018-11-01 16:00,0,-0.022690911,-0.034980513,-0.019146983
2018-11-01 17:00,0,-0.021206269,-0.035581656,-0.018982162
2018-11-01 18:00,0,-0.020630199,-0.035188369,-0.019699492
2018-11-01 19:00,0,-0.021311587,-0.035412851,-0.019741445
2018-11-01 20:00,0,-0.021841588,-0.03481838,-0.018460296
2018-11-01 21:00,0,-0.022177123,-0.036867293,-0.018468835
2018-11-01 22:00,0,-0.021835431,-0.037491617,-0.018926864
2018-11-01 23:00,0,-0.021748131,-0.03653005,-0.018136957
2018-11-02 00:00,0,-0.021060991,-0.035166667,-0.017824085
2018-11-02 01:00,0,-0.020886672,-0.034410473,-0.017605194
2018-11-02 02:00,0,-0.020603288,-0.033942653,-0.017152199
2018-11-02 03:00,0,-0.020548476,-0.033428309,-0.016622826
2018-11-02 04:00,0,-0.021057021,-0.033139277,-0.017328238
2018-11-02 05:00,0,-0.022582728,-0.03386151,-0.018617284
2018-11-02 06:00,0,-0.023919266,-0.03449411,-0.020653674
2018-11-02 07:00,0,-0.024653151,-0.035598494,-0.021142498
2018-11-02 08:00,0,-0.0248412,-0.036771409,-0.021105701
2018-11-02 09:00,0,-0.025233065,-0.037094721,-0.020277199
2018-11-02 10:00,0,-0.023367171,-0.03567264,-0.018171241
2018-11-02 11:00,0,-0.020384244,-0.034458307,-0.017389683
2018-11-02 12:00,0,-0.022894582,-0.035297687,-0.017180472
2018-11-02 13:00,0,-0.024787076,-0.036026338,-0.018756547
2018-11-02 14:00,0,-0.024783293,-0.036527735,-0.019582239
2018-11-02 15:00,0,-0.02525002,-0.036565272,-0.019569276
2018-11-02 16:00,0,-0.025012541,-0.036968873,-0.018187612
2018-11-02 17:00,0,-0.022783544,-0.037501803,-0.017647838
2018-11-02 18:00,0,-0.021580916,-0.037369537,-0.019228603
2018-11-02 19:00,0,-0.022228872,-0.037224083,-0.020373015
2018-11-02 20:00,0,-0.022509879,-0.037238787,-0.020214106
2018-11-02 21:00,0,-0.022552425,-0.038309443,-0.019958939
2018-11-02 22:00,0,-0.022274462,-0.038698413,-0.019219868
2018-11-02 23:00,0,-0.022044926,-0.037646203,-0.01814564
2018-11-03 00:00,0,-0.021543433,-0.036273799,-0.017758639
2018-11-03 01:00,0,-0.02133238,-0.035648051,-0.017531131
2018-11-03 02:00,0,-0.020977659,-0.034990921,-0.016852174
2018-11-03 03:00,0,-0.020740527,-0.034246862,-0.016090628
2018-11-03 04:00,0,-0.020633731,-0.033361207,-0.016050035
2018-11-03 05:00,0,-0.02106127,-0.032903188,-0.017036087
2018-11-03 06:00,0,-0.02193676,-0.033110722,-0.018765492
2018-11-03 07:00,0,-0.022904374,-0.034222828,-0.019327826
2018-11-03 08:00,0,-0.023534794,-0.035647781,-0.019536848
2018-11-03 09:00,0,-0.024018743,-0.036115455,-0.01864504
2018-11-03 10:00,0,-0.02256274,-0.034707869,-0.016841521
2018-11-03 11:00,0,-0.019556098,-0.033938946,-0.015535432
2018-11-03 12:00,0,-0.022022366,-0.034611106,-0.015308173
2018-11-03 13:00,0,-0.023554346,-0.035397558,-0.016870093
2018-11-03 14:00,0,-0.023205933,-0.035809133,-0.017800847
2018-11-03 15:00,0,-0.023695782,-0.035634549,-0.019158286
2018-11-03 16:00,0,-0.023543168,-0.036566636,-0.018207235
2018-11-03 17:00,0,-0.021724232,-0.037157596,-0.017242512
2018-11-03 18:00,0,-0.020696563,-0.036715502,-0.01850814
2018-11-03 19:00,0,-0.021555191,-0.03614348,-0.019443146
2018-11-03 20:00,0,-0.021769901,-0.036001311,-0.019429005
2018-11-03 21:00,0,-0.021946042,-0.0371107,-0.019661934
2018-11-03 22:00,0,-0.021440386,-0.037657413,-0.018612524
2018-11-03 23:00,0,-0.021241249,-0.036860199,-0.017742726
2018-11-04 00:00,0,-0.020689382,-0.036060633,-0.017401687
2018-11-04 01:00,0,-0.020467688,-0.035183992,-0.017131247
2018-11-04 02:00,0,-0.020080099,-0.03459406,-0.016462405
2018-11-04 03:00,0,-0.019753989,-0.033672372,-0.015587013
2018-11-04 04:00,0,-0.019389835,-0.032294884,-0.015178083
2018-11-04 05:00,0,-0.019495875,-0.031835457,-0.016081493
2018-11-04 06:00,0,-0.020305075,-0.032305815,-0.018147267
2018-11-04 07:00,0,-0.021290003,-0.033177342,-0.019152848
2018-11-04 08:00,0,-0.022088513,-0.034418453,-0.019623651
2018-11-04 09:00,0,-0.022877306,-0.035214053,-0.018668295
2018-11-04 10:00,0,-0.021482105,-0.034180674,-0.01713276
2018-11-04 11:00,0,-0.018240293,-0.033323671,-0.0157986
2018-11-04 12:00,0,-0.020654303,-0.034012875,-0.015138747
2018-11-04 13:00,0,-0.022225019,-0.034706652,-0.01681854
2018-11-04 14:00,0,-0.022028096,-0.035131926,-0.018017075
2018-11-04 15:00,0,-0.022454899,-0.035133971,-0.019929386
2018-11-04 16:00,0,-0.022597433,-0.035666643,-0.019178083
2018-11-04 17:00,0,-0.021363244,-0.036240077,-0.018604025
2018-11-04 18:00,0,-0.020462825,-0.036285088,-0.019658668
2018-11-04 19:00,0,-0.021281174,-0.036250858,-0.020135542
2018-11-04 20:00,0,-0.021651176,-0.035909232,-0.020007423
2018-11-04 21:00,0,-0.021903321,-0.036407209,-0.019702181
2018-11-04 22:00,0,-0.021668667,-0.037088792,-0.018557328
2018-11-04 23:00,0,-0.021540554,-0.036527031,-0.017718311
2018-11-05 00:00,0,-0.021163164,-0.035298383,-0.017288103
2018-11-05 01:00,0,-0.02111074,-0.034961193,-0.016960917
2018-11-05 02:00,0,-0.020799441,-0.034313358,-0.016375986
2018-11-05 03:00,0,-0.020918533,-0.033963481,-0.015940829
2018-11-05 04:00,0,-0.021849134,-0.033806622,-0.0176988
2018-11-05 05:00,0,-0.024114732,-0.036950038,-0.019220664
2018-11-05 06:00,0,-0.025882962,-0.039526036,-0.020842022
2018-11-05 07:00,0,-0.02658417,-0.040359381,-0.021329868
2018-11-05 08:00,0,-0.026625161,-0.040631236,-0.021138281
2018-11-05 09:00,0,-0.026958068,-0.040490864,-0.020018055
2018-11-05 10:00,0,-0.025343993,-0.039137469,-0.017852039
2018-11-05 11:00,0,-0.022137484,-0.037934123,-0.016919661
2018-11-05 12:00,0,-0.024964128,-0.038754447,-0.016774118
2018-11-05 13:00,0,-0.026742908,-0.039454376,-0.01831103
2018-11-05 14:00,0,-0.02654264,-0.039930456,-0.01896113
2018-11-05 15:00,0,-0.026931703,-0.039733927,-0.019355987
2018-11-05 16:00,0,-0.026615169,-0.04025363,-0.018090124
2018-11-05 17:00,0,-0.024491837,-0.040513149,-0.017910578
2018-11-05 18:00,0,-0.02324532,-0.039212021,-0.019939039
2018-11-05 19:00,0,-0.023996033,-0.039120411,-0.020874637
2018-11-05 20:00,0,-0.024094396,-0.038627989,-0.020628695
2018-11-05 21:00,0,-0.023703829,-0.039091018,-0.020591266
2018-11-05 22:00,0,-0.023065716,-0.039229702,-0.019170382
2018-11-05 23:00,0,-0.02287217,-0.038385013,-0.018168075
2018-11-06 00:00,0,-0.022288057,-0.037036018,-0.017835007
2018-11-06 01:00,0,-0.022142921,-0.036161341,-0.017622276
2018-11-06 02:00,0,-0.021831283,-0.035946956,-0.016944226
2018-11-06 03:00,0,-0.021798695,-0.03557801,-0.016445987
2018-11-06 04:00,0,-0.022550056,-0.035697299,-0.01746715
2018-11-06 05:00,0,-0.024679375,-0.037549593,-0.019003505
2018-11-06 06:00,0,-0.026160576,-0.039860521,-0.020826618
2018-11-06 07:00,0,-0.026486935,-0.040591574,-0.021523636
2018-11-06 08:00,0,-0.026446904,-0.040824582,-0.021598578
2018-11-06 09:00,0,-0.02669491,-0.040685846,-0.020667502
2018-11-06 10:00,0,-0.025015786,-0.03979318,-0.018779261
2018-11-06 11:00,0,-0.021662733,-0.038190845,-0.017460464
2018-11-06 12:00,0,-0.024570586,-0.03929442,-0.017378456
2018-11-06 13:00,0,-0.026427737,-0.040169236,-0.018920713
2018-11-06 14:00,0,-0.026504449,-0.040657863,-0.019758834
2018-11-06 15:00,0,-0.026796182,-0.04025893,-0.019912622
2018-11-06 16:00,0,-0.026669971,-0.040738024,-0.018474097
2018-11-06 17:00,0,-0.024416068,-0.040799527,-0.018350652
2018-11-06 18:00,0,-0.023020675,-0.039606369,-0.019943524
2018-11-06 19:00,0,-0.023828959,-0.039575364,-0.021170544
2018-11-06 20:00,0,-0.023935937,-0.038984953,-0.020873449
2018-11-06 21:00,0,-0.023577888,-0.039386157,-0.020615373
2018-11-06 22:00,0,-0.022986393,-0.039389249,-0.019317419
2018-11-06 23:00,0,-0.022796388,-0.03843564,-0.018284058
2018-11-07 00:00,0,-0.022226762,-0.036843089,-0.017847996
2018-11-07 01:00,0,-0.021971693,-0.036210825,-0.017604796
2018-11-07 02:00,0,-0.021734119,-0.036248342,-0.017013092
2018-11-07 03:00,0,-0.021760848,-0.035406242,-0.016439346
2018-11-07 04:00,0,-0.022608664,-0.035706952,-0.017505819
2018-11-07 05:00,0,-0.024662692,-0.03710376,-0.019114601
2018-11-07 06:00,0,-0.026179127,-0.039343878,-0.020561503
2018-11-07 07:00,0,-0.026528297,-0.039900687,-0.021395793
2018-11-07 08:00,0,-0.026483421,-0.040781169,-0.021118959
2018-11-07 09:00,0,-0.026779473,-0.041181188,-0.020048271
2018-11-07 10:00,0,-0.025005594,-0.040307266,-0.018097467
2018-11-07 11:00,0,-0.021821369,-0.039000081,-0.017200608
2018-11-07 12:00,0,-0.024546485,-0.040035961,-0.016982813
2018-11-07 13:00,0,-0.026431113,-0.041375699,-0.018906391
2018-11-07 14:00,0,-0.02635378,-0.041655645,-0.019610873
2018-11-07 15:00,0,-0.027015395,-0.040991053,-0.019993785
2018-11-07 16:00,0,-0.026766647,-0.040966755,-0.018538007
2018-11-07 17:00,0,-0.024475618,-0.04088511,-0.017944897
2018-11-07 18:00,0,-0.023171652,-0.03978894,-0.020128741
2018-11-07 19:00,0,-0.023843936,-0.039676674,-0.021114858
2018-11-07 20:00,0,-0.023873376,-0.039041788,-0.020959907
2018-11-07 21:00,0,-0.023572258,-0.039405827,-0.020705464
2018-11-07 22:00,0,-0.022903446,-0.039596846,-0.019292426
2018-11-07 23:00,0,-0.022740306,-0.038523698,-0.018265089
2018-11-08 00:00,0,-0.022182194,-0.036811223,-0.017833959
2018-11-08 01:00,0,-0.022027074,-0.036237093,-0.017523679
2018-11-08 02:00,0,-0.021715115,-0.036162898,-0.016920036
2018-11-08 03:00,0,-0.021756386,-0.036051769,-0.016239667
2018-11-08 04:00,0,-0.022312841,-0.03616476,-0.017348246
2018-11-08 05:00,0,-0.02456815,-0.038234631,-0.018962656
2018-11-08 06:00,0,-0.026260596,-0.039955837,-0.020584851
2018-11-08 07:00,0,-0.027158615,-0.040486581,-0.021149579
2018-11-08 08:00,0,-0.027213942,-0.040841292,-0.02111843
2018-11-08 09:00,0,-0.027459751,-0.04065859,-0.020211495
2018-11-08 10:00,0,-0.025683931,-0.039383572,-0.018319023
2018-11-08 11:00,0,-0.022421493,-0.037757687,-0.017411423
2018-11-08 12:00,0,-0.025016701,-0.038682674,-0.017187215
2018-11-08 13:00,0,-0.02675359,-0.039835072,-0.018763034
2018-11-08 14:00,0,-0.026695165,-0.040283479,-0.019602575
2018-11-08 15:00,0,-0.027223879,-0.040304168,-0.019942309
2018-11-08 16:00,0,-0.026665484,-0.040873971,-0.018379298
2018-11-08 17:00,0,-0.024432287,-0.041517351,-0.018060319
2018-11-08 18:00,0,-0.023261457,-0.040525067,-0.019886686
2018-11-08 19:00,0,-0.023920888,-0.04022332,-0.021034157
2018-11-08 20:00,0,-0.023898936,-0.040005413,-0.020814528
2018-11-08 21:00,0,-0.023658142,-0.040189093,-0.020742013
2018-11-08 22:00,0,-0.023131389,-0.040322293,-0.019518895
2018-11-08 23:00,0,-0.022847966,-0.038827669,-0.0184846
2018-11-09 00:00,0,-0.022199903,-0.037658302,-0.01802398
2018-11-09 01:00,0,-0.022013363,-0.037010041,-0.017719613
2018-11-09 02:00,0,-0.021678845,-0.036391823,-0.017102047
2018-11-09 03:00,0,-0.021830462,-0.036346203,-0.016616687
2018-11-09 04:00,0,-0.022572001,-0.036316413,-0.017630237
2018-11-09 05:00,0,-0.024507978,-0.037940716,-0.019124629
2018-11-09 06:00,0,-0.0261246,-0.039977736,-0.020517379
2018-11-09 07:00,0,-0.026955496,-0.040481343,-0.0209971
2018-11-09 08:00,0,-0.026859767,-0.041316832,-0.020508794
2018-11-09 09:00,0,-0.027298915,-0.041134654,-0.019443014
2018-11-09 10:00,0,-0.025640482,-0.040141697,-0.017503369
2018-11-09 11:00,0,-0.022101691,-0.038666653,-0.016406299
2018-11-09 12:00,0,-0.024731131,-0.039644133,-0.016522971
2018-11-09 13:00,0,-0.02625815,-0.040499766,-0.018019728
2018-11-09 14:00,0,-0.025981961,-0.04047322,-0.018751065
2018-11-09 15:00,0,-0.026518684,-0.039724859,-0.019248496
2018-11-09 16:00,0,-0.02617406,-0.039783214,-0.017942412
2018-11-09 17:00,0,-0.023602759,-0.039496561,-0.017979726
2018-11-09 18:00,0,-0.022381654,-0.038468081,-0.019464965
2018-11-09 19:00,0,-0.02312391,-0.03827728,-0.020706847
2018-11-09 20:00,0,-0.023234491,-0.037868874,-0.020770347
2018-11-09 21:00,0,-0.023233181,-0.038715209,-0.020736284
2018-11-09 22:00,0,-0.022758412,-0.038823586,-0.019768854
2018-11-09 23:00,0,-0.02255981,-0.038243283,-0.018723308
2018-11-10 00:00,0,-0.021995682,-0.036673728,-0.018110601
2018-11-10 01:00,0,-0.021675731,-0.035827193,-0.017863098
2018-11-10 02:00,0,-0.021344016,-0.035160476,-0.017126857
2018-11-10 03:00,0,-0.021039651,-0.034543634,-0.016226376
2018-11-10 04:00,0,-0.020914149,-0.033539196,-0.016074707
2018-11-10 05:00,0,-0.02143293,-0.033179007,-0.017150115
2018-11-10 06:00,0,-0.022570127,-0.03417785,-0.019137808
2018-11-10 07:00,0,-0.023373031,-0.035713583,-0.019947589
2018-11-10 08:00,0,-0.024069757,-0.037463414,-0.019897398
2018-11-10 09:00,0,-0.024485683,-0.038317513,-0.018802564
2018-11-10 10:00,0,-0.022834607,-0.037714561,-0.017077991
2018-11-10 11:00,0,-0.019487649,-0.036417851,-0.015762187
2018-11-10 12:00,0,-0.021793393,-0.03774115,-0.015439153
2018-11-10 13:00,0,-0.023243299,-0.038665341,-0.016729409
2018-11-10 14:00,0,-0.02326027,-0.03889813,-0.017788224
2018-11-10 15:00,0,-0.023900985,-0.038162317,-0.019713319
2018-11-10 16:00,0,-0.023727869,-0.038522625,-0.018605656
2018-11-10 17:00,0,-0.021857382,-0.03822747,-0.017871601
2018-11-10 18:00,0,-0.020787896,-0.037153102,-0.018933286
2018-11-10 19:00,0,-0.021447918,-0.036764947,-0.019699042
2018-11-10 20:00,0,-0.02170351,-0.036193734,-0.020032205
2018-11-10 21:00,0,-0.021996195,-0.036788417,-0.020214025
2018-11-10 22:00,0,-0.021646369,-0.037220839,-0.019405114
2018-11-10 23:00,0,-0.021521036,-0.036262793,-0.018511568
2018-11-11 00:00,0,-0.020974703,-0.035378603,-0.018090581
2018-11-11 01:00,0,-0.020698033,-0.034671801,-0.017702923
2018-11-11 02:00,0,-0.020401879,-0.034079109,-0.017023629
2018-11-11 03:00,0,-0.020005364,-0.033587376,-0.015959049
2018-11-11 04:00,0,-0.019585939,-0.032589222,-0.015587835
2018-11-11 05:00,0,-0.019613165,-0.031985687,-0.016525024
2018-11-11 06:00,0,-0.020455666,-0.032518508,-0.018535693
2018-11-11 07:00,0,-0.021361459,-0.033919486,-0.019545585
2018-11-11 08:00,0,-0.021927915,-0.0353008,-0.019643264
2018-11-11 09:00,0,-0.022560161,-0.036036393,-0.0186417
2018-11-11 10:00,0,-0.021082471,-0.035704121,-0.016969543
2018-11-11 11:00,0,-0.017768942,-0.0353514,-0.015664915
2018-11-11 12:00,0,-0.020057845,-0.035879493,-0.015351146
2018-11-11 13:00,0,-0.021546401,-0.036920574,-0.017045529
2018-11-11 14:00,0,-0.021485469,-0.036998127,-0.018383872
2018-11-11 15:00,0,-0.022294312,-0.036605485,-0.020186938
2018-11-11 16:00,0,-0.022480576,-0.037800471,-0.01951827
2018-11-11 17:00,0,-0.021097615,-0.038487227,-0.018839267
2018-11-11 18:00,0,-0.020498375,-0.037728837,-0.020156194
2018-11-11 19:00,0,-0.021275453,-0.037801618,-0.020541606
2018-11-11 20:00,0,-0.021674625,-0.036924542,-0.020359273
2018-11-11 21:00,0,-0.022098725,-0.037533393,-0.020115162
2018-11-11 22:00,0,-0.021895627,-0.037616148,-0.018885667
2018-11-11 23:00,0,-0.021790918,-0.036448293,-0.017844768
2018-11-12 00:00,0,-0.021280265,-0.035513336,-0.017610204
2018-11-12 01:00,0,-0.021196131,-0.034861242,-0.017231932
2018-11-12 02:00,0,-0.021002654,-0.034365022,-0.016669954
2018-11-12 03:00,0,-0.021274239,-0.03425277,-0.016053384
2018-11-12 04:00,0,-0.02206931,-0.034642205,-0.017784588
2018-11-12 05:00,0,-0.024445698,-0.037297851,-0.019795672
2018-11-12 06:00,0,-0.026246336,-0.040052316,-0.0216937
2018-11-12 07:00,0,-0.02701161,-0.041479891,-0.022160488
2018-11-12 08:00,0,-0.026968738,-0.042213329,-0.021872202
2018-11-12 09:00,0,-0.027284677,-0.042192214,-0.020684832
2018-11-12 10:00,0,-0.02554175,-0.040936706,-0.01832952
2018-11-12 11:00,0,-0.022093152,-0.03963798,-0.017281134
2018-11-12 12:00,0,-0.025239518,-0.04030425,-0.017211126
2018-11-12 13:00,0,-0.027058398,-0.041148847,-0.018743527
2018-11-12 14:00,0,-0.027017175,-0.041503852,-0.019538778
2018-11-12 15:00,0,-0.027289375,-0.040950005,-0.020085364
2018-11-12 16:00,0,-0.026588701,-0.041253864,-0.018719631
2018-11-12 17:00,0,-0.023969335,-0.040982907,-0.018466589
2018-11-12 18:00,0,-0.02312685,-0.039835855,-0.020451715
2018-11-12 19:00,0,-0.023611753,-0.039419398,-0.021316249
2018-11-12 20:00,0,-0.023757922,-0.038805588,-0.021109587
2018-11-12 21:00,0,-0.023538193,-0.039274273,-0.020953353
2018-11-12 22:00,0,-0.022954392,-0.039291717,-0.019739935
2018-11-12 23:00,0,-0.022844469,-0.037760804,-0.01872946
2018-11-13 00:00,0,-0.022257538,-0.036187932,-0.018272448
2018-11-13 01:00,0,-0.022131175,-0.035982362,-0.018111493
2018-11-13 02:00,0,-0.021945279,-0.035266588,-0.017379054
2018-11-13 03:00,0,-0.021934487,-0.0347548,-0.016745809
2018-11-13 04:00,0,-0.022610364,-0.03501107,-0.017912791
2018-11-13 05:00,0,-0.02477066,-0.036986211,-0.019768311
2018-11-13 06:00,0,-0.026437482,-0.039214288,-0.02163225
2018-11-13 07:00,0,-0.027082433,-0.03995456,-0.022111576
2018-11-13 08:00,0,-0.027138766,-0.040625293,-0.022041771
2018-11-13 09:00,0,-0.027573711,-0.04030811,-0.021257451
2018-11-13 10:00,0,-0.025951958,-0.038790817,-0.019138438
2018-11-13 11:00,0,-0.022519327,-0.037491118,-0.018077104
2018-11-13 12:00,0,-0.025496403,-0.038550973,-0.017783096
2018-11-13 13:00,0,-0.027123735,-0.039975565,-0.019398981
2018-11-13 14:00,0,-0.027112049,-0.040614721,-0.020096438
2018-11-13 15:00,0,-0.027596969,-0.040274621,-0.020535264
2018-11-13 16:00,0,-0.026773022,-0.041028982,-0.019118191
2018-11-13 17:00,0,-0.024323926,-0.04080758,-0.018639499
2018-11-13 18:00,0,-0.023078701,-0.039788182,-0.020541466
2018-11-13 19:00,0,-0.023889567,-0.039574234,-0.021566936
2018-11-13 20:00,0,-0.023986929,-0.039169444,-0.021421233
2018-11-13 21:00,0,-0.023683546,-0.039603372,-0.021085457
2018-11-13 22:00,0,-0.023192716,-0.039894821,-0.019827976
2018-11-13 23:00,0,-0.023007679,-0.038451377,-0.018872685
2018-11-14 00:00,0,-0.022435076,-0.036963736,-0.018399109
2018-11-14 01:00,0,-0.02226757,-0.036393984,-0.018095059
2018-11-14 02:00,0,-0.02200707,-0.035747924,-0.017470109
2018-11-14 03:00,0,-0.022038479,-0.035599767,-0.01687528
2018-11-14 04:00,0,-0.022767951,-0.035540262,-0.018011886
2018-11-14 05:00,0,-0.024695986,-0.037589834,-0.01970543
2018-11-14 06:00,0,-0.026367534,-0.03974007,-0.021522226
2018-11-14 07:00,0,-0.026661831,-0.040267051,-0.022099039
2018-11-14 08:00,0,-0.026570125,-0.040859548,-0.022199813
2018-11-14 09:00,0,-0.026837169,-0.040875293,-0.02126642
2018-11-14 10:00,0,-0.025114058,-0.039375961,-0.019488029
2018-11-14 11:00,0,-0.021879231,-0.037974114,-0.018669433
2018-11-14 12:00,0,-0.024429834,-0.038621227,-0.018343087
2018-11-14 13:00,0,-0.026267058,-0.039523243,-0.020085373
2018-11-14 14:00,0,-0.026462493,-0.040236034,-0.020948935
2018-11-14 15:00,0,-0.027232055,-0.04001493,-0.021165087
2018-11-14 16:00,0,-0.026784708,-0.040747627,-0.019375446
2018-11-14 17:00,0,-0.02441787,-0.040735764,-0.018889054
2018-11-14 18:00,0,-0.023412693,-0.039885842,-0.020797134
2018-11-14 19:00,0,-0.024001138,-0.039667164,-0.021806974
2018-11-14 20:00,0,-0.024077093,-0.039221153,-0.021561455
2018-11-14 21:00,0,-0.023910995,-0.039819418,-0.021282609
2018-11-14 22:00,0,-0.023316782,-0.039830761,-0.019960623
2018-11-14 23:00,0,-0.023088175,-0.03842374,-0.018974562
2018-11-15 00:00,0,-0.022522869,-0.037209896,-0.018615155
2018-11-15 01:00,0,-0.022249665,-0.036457408,-0.018216154
2018-11-15 02:00,0,-0.022116914,-0.0360015,-0.017593551
2018-11-15 03:00,0,-0.022061151,-0.035565365,-0.016607308
2018-11-15 04:00,0,-0.02264028,-0.035467434,-0.017783159
2018-11-15 05:00,0,-0.024590181,-0.037160711,-0.01957563
2018-11-15 06:00,0,-0.026225592,-0.039224789,-0.021298465
2018-11-15 07:00,0,-0.026916481,-0.039690315,-0.022089956
2018-11-15 08:00,0,-0.026877305,-0.040178539,-0.022044326
2018-11-15 09:00,0,-0.027135725,-0.040060152,-0.021343982
2018-11-15 10:00,0,-0.025241069,-0.038836355,-0.019214363
2018-11-15 11:00,0,-0.021848102,-0.03739076,-0.017962734
2018-11-15 12:00,0,-0.02461743,-0.038360711,-0.018075375
2018-11-15 13:00,0,-0.026438404,-0.039291078,-0.019823962
2018-11-15 14:00,0,-0.026334578,-0.039866569,-0.020602154
2018-11-15 15:00,0,-0.027088519,-0.040128106,-0.0210296
2018-11-15 16:00,0,-0.026738644,-0.040638891,-0.019348689
2018-11-15 17:00,0,-0.024435141,-0.040630074,-0.018585433
2018-11-15 18:00,0,-0.023033951,-0.039690984,-0.02071239
2018-11-15 19:00,0,-0.023946646,-0.039518424,-0.022065879
2018-11-15 20:00,0,-0.024105209,-0.039046878,-0.021878549
2018-11-15 21:00,0,-0.023976431,-0.039896017,-0.021757517
2018-11-15 22:00,0,-0.023390212,-0.039838291,-0.020083344
2018-11-15 23:00,0,-0.023043484,-0.038544776,-0.018882321
2018-11-16 00:00,0,-0.022457898,-0.037300983,-0.018453762
2018-11-16 01:00,0,-0.022193487,-0.036456132,-0.018154475
2018-11-16 02:00,0,-0.02192566,-0.03575705,-0.017604982
2018-11-16 03:00,0,-0.021829409,-0.035470569,-0.016798341
2018-11-16 04:00,0,-0.022405267,-0.035526904,-0.017808008
2018-11-16 05:00,0,-0.024452493,-0.036949691,-0.019583721
2018-11-16 06:00,0,-0.026079874,-0.039158516,-0.021382529
2018-11-16 07:00,0,-0.02689076,-0.039650423,-0.022128787
2018-11-16 08:00,0,-0.026832001,-0.040746402,-0.022298961
2018-11-16 09:00,0,-0.026973779,-0.040607673,-0.021502627
2018-11-16 10:00,0,-0.024982009,-0.03941894,-0.01969172
2018-11-16 11:00,0,-0.021637096,-0.038065461,-0.01869923
2018-11-16 12:00,0,-0.02405623,-0.039111903,-0.018612001
2018-11-16 13:00,0,-0.025799624,-0.039444171,-0.020489525
2018-11-16 14:00,0,-0.025794829,-0.040111613,-0.021247679
2018-11-16 15:00,0,-0.026611577,-0.040063454,-0.021236357
2018-11-16 16:00,0,-0.026232137,-0.040345344,-0.01938292
2018-11-16 17:00,0,-0.024138907,-0.039466156,-0.018756518
2018-11-16 18:00,0,-0.022777105,-0.038496879,-0.020827838
2018-11-16 19:00,0,-0.023572083,-0.038571287,-0.021846123
2018-11-16 20:00,0,-0.023981019,-0.038320155,-0.022024016
2018-11-16 21:00,0,-0.024137368,-0.039696201,-0.022104279
2018-11-16 22:00,0,-0.023787842,-0.039827741,-0.020775876
2018-11-16 23:00,0,-0.023466245,-0.038469554,-0.019635187
2018-11-17 00:00,0,-0.022750881,-0.037236446,-0.019013323
2018-11-17 01:00,0,-0.022585593,-0.036176158,-0.018626653
2018-11-17 02:00,0,-0.022169757,-0.035317604,-0.017913607
2018-11-17 03:00,0,-0.021857353,-0.034404971,-0.016551328
2018-11-17 04:00,0,-0.021375809,-0.032930858,-0.016183662
2018-11-17 05:00,0,-0.021663177,-0.032297603,-0.017301711
2018-11-17 06:00,0,-0.022745776,-0.03291102,-0.019852065
2018-11-17 07:00,0,-0.02358301,-0.033887624,-0.021156386
2018-11-17 08:00,0,-0.023968881,-0.03551105,-0.021700921
2018-11-17 09:00,0,-0.024180422,-0.035847427,-0.021262789
2018-11-17 10:00,0,-0.022325783,-0.034808279,-0.019738522
2018-11-17 11:00,0,-0.019104794,-0.033795079,-0.01838905
2018-11-17 12:00,0,-0.021520169,-0.033980916,-0.018046552
2018-11-17 13:00,0,-0.023094101,-0.034302663,-0.019553643
2018-11-17 14:00,0,-0.023299313,-0.034886677,-0.020690328
2018-11-17 15:00,0,-0.024243855,-0.035064077,-0.021115019
2018-11-17 16:00,0,-0.024149455,-0.03586506,-0.019043222
2018-11-17 17:00,0,-0.022447758,-0.036219389,-0.018345918
2018-11-17 18:00,0,-0.021505552,-0.035688569,-0.019589811
2018-11-17 19:00,0,-0.022245375,-0.035353211,-0.020196792
2018-11-17 20:00,0,-0.02264362,-0.035326931,-0.021124853
2018-11-17 21:00,0,-0.023076793,-0.036065085,-0.021348092
2018-11-17 22:00,0,-0.022795375,-0.036782887,-0.020483653
2018-11-17 23:00,0,-0.022628749,-0.035604719,-0.019446199
2018-11-18 00:00,0,-0.021964834,-0.03442479,-0.01888073
2018-11-18 01:00,0,-0.021903632,-0.033307028,-0.018395794
2018-11-18 02:00,0,-0.021545238,-0.032776222,-0.017615125
2018-11-18 03:00,0,-0.021264642,-0.031978511,-0.01621147
2018-11-18 04:00,0,-0.02058338,-0.030710742,-0.015489082
2018-11-18 05:00,0,-0.020579885,-0.030044433,-0.016333319
2018-11-18 06:00,0,-0.021374749,-0.030813122,-0.01894977
2018-11-18 07:00,0,-0.022105791,-0.031930129,-0.020536836
2018-11-18 08:00,0,-0.022757126,-0.03344033,-0.02160622
2018-11-18 09:00,0,-0.023374967,-0.033880731,-0.021287846
2018-11-18 10:00,0,-0.021967217,-0.033124665,-0.019615899
2018-11-18 11:00,0,-0.018716887,-0.032167603,-0.018486076
2018-11-18 12:00,0,-0.021122407,-0.032374259,-0.018067657
2018-11-18 13:00,0,-0.02262314,-0.033434545,-0.019721829
2018-11-18 14:00,0,-0.022717332,-0.033852063,-0.021099249
2018-11-18 15:00,0,-0.02353674,-0.033438979,-0.022211265
2018-11-18 16:00,0,-0.023471961,-0.034589304,-0.020487375
2018-11-18 17:00,0,-0.02205828,-0.035316745,-0.020010473
2018-11-18 18:00,0,-0.021286311,-0.035069318,-0.021221791
2018-11-18 19:00,0,-0.02230117,-0.03527457,-0.021688428
2018-11-18 20:00,0,-0.022671018,-0.034836761,-0.021941996
2018-11-18 21:00,0,-0.023131939,-0.035853394,-0.021341055
2018-11-18 22:00,0,-0.023149093,-0.03623232,-0.020444879
2018-11-18 23:00,0,-0.023354696,-0.035615412,-0.019423625
2018-11-19 00:00,0,-0.02284136,-0.034814482,-0.018927257
2018-11-19 01:00,0,-0.022782327,-0.034212679,-0.0183019
2018-11-19 02:00,0,-0.022528897,-0.033428912,-0.017589595
2018-11-19 03:00,0,-0.02263105,-0.032636514,-0.016601769
2018-11-19 04:00,0,-0.023192935,-0.032290077,-0.018313615
2018-11-19 05:00,0,-0.025331904,-0.035249972,-0.020315263
2018-11-19 06:00,0,-0.027356439,-0.038143325,-0.022547758
2018-11-19 07:00,0,-0.028299086,-0.038695905,-0.0236974
2018-11-19 08:00,0,-0.028576189,-0.039407177,-0.02390345
2018-11-19 09:00,0,-0.029123514,-0.039770117,-0.023029203
2018-11-19 10:00,0,-0.02722617,-0.038371398,-0.02125904
2018-11-19 11:00,0,-0.024129425,-0.037059239,-0.019854062
2018-11-19 12:00,0,-0.026941366,-0.038562196,-0.01957277
2018-11-19 13:00,0,-0.02866863,-0.039253914,-0.021054239
2018-11-19 14:00,0,-0.028583381,-0.039538614,-0.021914353
2018-11-19 15:00,0,-0.02888887,-0.038888525,-0.021963332
2018-11-19 16:00,0,-0.027956032,-0.038954378,-0.019815147
2018-11-19 17:00,0,-0.025427132,-0.0383706,-0.020059397
2018-11-19 18:00,0,-0.024127012,-0.037344427,-0.021789423
2018-11-19 19:00,0,-0.024869687,-0.036973783,-0.022787762
2018-11-19 20:00,0,-0.0250652,-0.036648159,-0.022836887
2018-11-19 21:00,0,-0.0249061,-0.037561587,-0.022333102
2018-11-19 22:00,0,-0.024541232,-0.037716664,-0.02149444
2018-11-19 23:00,0,-0.024304018,-0.036960223,-0.020217187
2018-11-20 00:00,0,-0.023780505,-0.035662593,-0.01974828
2018-11-20 01:00,0,-0.023523858,-0.034997203,-0.019338105
2018-11-20 02:00,0,-0.023187514,-0.034401037,-0.018717398
2018-11-20 03:00,0,-0.023103814,-0.033946176,-0.017809745
2018-11-20 04:00,0,-0.023370204,-0.033151718,-0.018828443
2018-11-20 05:00,0,-0.025260085,-0.034693644,-0.020693847
2018-11-20 06:00,0,-0.027123975,-0.037260059,-0.022887944
2018-11-20 07:00,0,-0.027959924,-0.038222283,-0.024028875
2018-11-20 08:00,0,-0.027979486,-0.038989691,-0.024210935
2018-11-20 09:00,0,-0.028372706,-0.039164281,-0.023491894
2018-11-20 10:00,0,-0.026387611,-0.038346562,-0.021337089
2018-11-20 11:00,0,-0.02305698,-0.037273817,-0.020285073
2018-11-20 12:00,0,-0.025747742,-0.038038168,-0.02010901
2018-11-20 13:00,0,-0.02744494,-0.038964801,-0.021684969
2018-11-20 14:00,0,-0.02735132,-0.039768627,-0.022154508
2018-11-20 15:00,0,-0.027940858,-0.03945539,-0.021877721
2018-11-20 16:00,0,-0.027282696,-0.039420421,-0.019639687
2018-11-20 17:00,0,-0.024830517,-0.038878566,-0.019484449
2018-11-20 18:00,0,-0.023585525,-0.038254542,-0.02140605
2018-11-20 19:00,0,-0.024325594,-0.038058042,-0.022569918
2018-11-20 20:00,0,-0.024496724,-0.037493056,-0.022612557
2018-11-20 21:00,0,-0.024273131,-0.038718834,-0.022442118
2018-11-20 22:00,0,-0.023779184,-0.038832367,-0.021040014
2018-11-20 23:00,0,-0.023933552,-0.037971246,-0.01984361
2018-11-21 00:00,0,-0.023307522,-0.036525457,-0.019249303
2018-11-21 01:00,0,-0.023072237,-0.035896145,-0.0188573
2018-11-21 02:00,0,-0.022725681,-0.035207845,-0.018279327
2018-11-21 03:00,0,-0.022664049,-0.034461089,-0.017438017
2018-11-21 04:00,0,-0.023040088,-0.033852022,-0.018553626
2018-11-21 05:00,0,-0.024948846,-0.035303493,-0.020478743
2018-11-21 06:00,0,-0.026936109,-0.037706129,-0.022533178
2018-11-21 07:00,0,-0.027629947,-0.038503429,-0.023739448
2018-11-21 08:00,0,-0.027670033,-0.038961242,-0.024260603
2018-11-21 09:00,0,-0.027970414,-0.03872116,-0.023620221
2018-11-21 10:00,0,-0.026137062,-0.037588715,-0.022040715
2018-11-21 11:00,0,-0.023007197,-0.036358825,-0.020506506
2018-11-21 12:00,0,-0.025857052,-0.037779124,-0.020380719
2018-11-21 13:00,0,-0.027524799,-0.03912515,-0.021929896
2018-11-21 14:00,0,-0.027356408,-0.039710576,-0.022699155
2018-11-21 15:00,0,-0.027908145,-0.03914816,-0.022277001
2018-11-21 16:00,0,-0.026866531,-0.039223438,-0.020231361
2018-11-21 17:00,0,-0.024448419,-0.038878762,-0.019945974
2018-11-21 18:00,0,-0.02313561,-0.038004508,-0.021576536
2018-11-21 19:00,0,-0.023885354,-0.037740563,-0.022802629
2018-11-21 20:00,0,-0.024284643,-0.037482874,-0.02295527
2018-11-21 21:00,0,-0.024300294,-0.038490368,-0.022871573
2018-11-21 22:00,0,-0.023769022,-0.038888434,-0.021467882
2018-11-21 23:00,0,-0.023691093,-0.037877841,-0.020253813
2018-11-22 00:00,0,-0.023096745,-0.036889716,-0.019952963
2018-11-22 01:00,0,-0.022805176,-0.036048654,-0.019593312
2018-11-22 02:00,0,-0.022649647,-0.035442042,-0.018925182
2018-11-22 03:00,0,-0.022556295,-0.035052311,-0.017909504
2018-11-22 04:00,0,-0.022865266,-0.034331212,-0.018959166
2018-11-22 05:00,0,-0.024849633,-0.035828489,-0.02086396
2018-11-22 06:00,0,-0.026834701,-0.038182846,-0.022882438
2018-11-22 07:00,0,-0.02757405,-0.038639192,-0.02392972
2018-11-22 08:00,0,-0.027776897,-0.038959833,-0.024218393
2018-11-22 09:00,0,-0.028078774,-0.03856787,-0.023483698
2018-11-22 10:00,0,-0.026336209,-0.037369184,-0.021408086
2018-11-22 11:00,0,-0.022959806,-0.035929667,-0.02031876
2018-11-22 12:00,0,-0.025743015,-0.037272828,-0.020402407
2018-11-22 13:00,0,-0.027622513,-0.038362038,-0.022196629
2018-11-22 14:00,0,-0.027529584,-0.039227782,-0.022576631
2018-11-22 15:00,0,-0.027942304,-0.039132283,-0.022362913
2018-11-22 16:00,0,-0.02696315,-0.039612726,-0.02044052
2018-11-22 17:00,0,-0.024481641,-0.039170407,-0.019851542
2018-11-22 18:00,0,-0.023385787,-0.038415797,-0.021734569
2018-11-22 19:00,0,-0.024221264,-0.03850287,-0.02303004
2018-11-22 20:00,0,-0.024341544,-0.038062858,-0.023152323
2018-11-22 21:00,0,-0.024345061,-0.039065749,-0.022754416
2018-11-22 22:00,0,-0.023929175,-0.039483558,-0.021324436
2018-11-22 23:00,0,-0.023911468,-0.038771881,-0.020141508
2018-11-23 00:00,0,-0.023329218,-0.037807121,-0.019635033
2018-11-23 01:00,0,-0.023125944,-0.037020063,-0.019280179
2018-11-23 02:00,0,-0.022849158,-0.036316015,-0.018567647
2018-11-23 03:00,0,-0.022742405,-0.035961153,-0.017605437
2018-11-23 04:00,0,-0.02312697,-0.034738426,-0.0185693
2018-11-23 05:00,0,-0.024712793,-0.036253097,-0.020307803
2018-11-23 06:00,0,-0.02668647,-0.038585377,-0.022558583
2018-11-23 07:00,0,-0.027465959,-0.039113717,-0.023364317
2018-11-23 08:00,0,-0.027648,-0.03952392,-0.023499527
2018-11-23 09:00,0,-0.028154884,-0.039083024,-0.022442804
2018-11-23 10:00,0,-0.026393775,-0.037912917,-0.020536002
2018-11-23 11:00,0,-0.022838559,-0.03643938,-0.019106544
2018-11-23 12:00,0,-0.025465541,-0.037229728,-0.019253658
2018-11-23 13:00,0,-0.027086631,-0.037880872,-0.02046625
2018-11-23 14:00,0,-0.026909464,-0.038483779,-0.021390388
2018-11-23 15:00,0,-0.027442909,-0.038270425,-0.021378416
2018-11-23 16:00,0,-0.026479688,-0.038474936,-0.01942882
2018-11-23 17:00,0,-0.023926308,-0.03801808,-0.01894614
2018-11-23 18:00,0,-0.022585083,-0.037154291,-0.020839779
2018-11-23 19:00,0,-0.02343164,-0.036876446,-0.02210622
2018-11-23 20:00,0,-0.023983064,-0.036958485,-0.022295374
2018-11-23 21:00,0,-0.024312816,-0.038451457,-0.022606329
2018-11-23 22:00,0,-0.023991299,-0.038972518,-0.021573639
2018-11-23 23:00,0,-0.023624543,-0.038190965,-0.020254133
2018-11-24 00:00,0,-0.022850269,-0.036791383,-0.0197287
2018-11-24 01:00,0,-0.022479242,-0.035834424,-0.019261664
2018-11-24 02:00,0,-0.022041977,-0.035001947,-0.018603507
2018-11-24 03:00,0,-0.02178889,-0.034096885,-0.017228637
2018-11-24 04:00,0,-0.021490252,-0.032704939,-0.016909901
2018-11-24 05:00,0,-0.021864152,-0.032018622,-0.01776281
2018-11-24 06:00,0,-0.022877562,-0.033106498,-0.020270163
2018-11-24 07:00,0,-0.023807482,-0.03460721,-0.021783466
2018-11-24 08:00,0,-0.024498683,-0.036579672,-0.022334733
2018-11-24 09:00,0,-0.025071403,-0.037084978,-0.021509905
2018-11-24 10:00,0,-0.023498362,-0.036536392,-0.019756679
2018-11-24 11:00,0,-0.020455183,-0.035930139,-0.018222798
2018-11-24 12:00,0,-0.022784148,-0.036371855,-0.017808197
2018-11-24 13:00,0,-0.02438303,-0.036833228,-0.019097438
2018-11-24 14:00,0,-0.024258222,-0.037233595,-0.020339825
2018-11-24 15:00,0,-0.024727679,-0.037055237,-0.021394254
2018-11-24 16:00,0,-0.024239903,-0.037284586,-0.01971922
2018-11-24 17:00,0,-0.022146693,-0.036886056,-0.0188772
2018-11-24 18:00,0,-0.021010942,-0.036176711,-0.020283139
2018-11-24 19:00,0,-0.021873232,-0.035907577,-0.02106395
2018-11-24 20:00,0,-0.02213114,-0.035833164,-0.021500524
2018-11-24 21:00,0,-0.022562283,-0.036864274,-0.021888334
2018-11-24 22:00,0,-0.022406475,-0.03771679,-0.02121822
2018-11-24 23:00,0,-0.02196067,-0.0371334,-0.020186469
2018-11-25 00:00,0,-0.021568555,-0.036000695,-0.019608772
2018-11-25 01:00,0,-0.021402758,-0.034882966,-0.019179045
2018-11-25 02:00,0,-0.020946258,-0.034258863,-0.018509233
2018-11-25 03:00,0,-0.020533941,-0.033365759,-0.017082038
2018-11-25 04:00,0,-0.020060292,-0.031741703,-0.016310396
2018-11-25 05:00,0,-0.020061469,-0.030734561,-0.017168284
2018-11-25 06:00,0,-0.021113249,-0.031483267,-0.019406952
2018-11-25 07:00,0,-0.022053372,-0.032849607,-0.020964229
2018-11-25 08:00,0,-0.022907381,-0.034737159,-0.021770929
2018-11-25 09:00,0,-0.023669688,-0.035657631,-0.020896534
2018-11-25 10:00,0,-0.022203691,-0.035376332,-0.019195013
2018-11-25 11:00,0,-0.019335428,-0.035166108,-0.018004311
2018-11-25 12:00,0,-0.021782152,-0.035403863,-0.017476309
2018-11-25 13:00,0,-0.023414482,-0.036248949,-0.019235548
2018-11-25 14:00,0,-0.023217807,-0.036613971,-0.0208275
2018-11-25 15:00,0,-0.02367942,-0.036434946,-0.022200746
2018-11-25 16:00,0,-0.023214021,-0.036575955,-0.020590541
2018-11-25 17:00,0,-0.021503486,-0.036666688,-0.020098176
2018-11-25 18:00,0,-0.020988372,-0.036146033,-0.021225882
2018-11-25 19:00,0,-0.021913668,-0.036436164,-0.021637634
2018-11-25 20:00,0,-0.022406537,-0.036357254,-0.02202057
2018-11-25 21:00,0,-0.02296807,-0.0370013,-0.021595714
2018-11-25 22:00,0,-0.023033988,-0.037536859,-0.020868238
2018-11-25 23:00,0,-0.022887468,-0.03705093,-0.019774895
2018-11-26 00:00,0,-0.022438432,-0.035916516,-0.019438368
2018-11-26 01:00,0,-0.022301744,-0.035300303,-0.018935366
2018-11-26 02:00,0,-0.022108343,-0.034600399,-0.018292687
2018-11-26 03:00,0,-0.022095817,-0.033773086,-0.017610429
2018-11-26 04:00,0,-0.02270547,-0.03346647,-0.019338449
2018-11-26 05:00,0,-0.024902036,-0.036104053,-0.02142088
2018-11-26 06:00,0,-0.02701024,-0.039081721,-0.023537601
2018-11-26 07:00,0,-0.028170096,-0.039962013,-0.024455728
2018-11-26 08:00,0,-0.028465428,-0.041023959,-0.024585623
2018-11-26 09:00,0,-0.029032869,-0.041065483,-0.023642639
2018-11-26 10:00,0,-0.027215503,-0.039985776,-0.021669206
2018-11-26 11:00,0,-0.023970745,-0.038848985,-0.020419359
2018-11-26 12:00,0,-0.026990996,-0.039986512,-0.020439993
2018-11-26 13:00,0,-0.028759451,-0.040783803,-0.021738879
2018-11-26 14:00,0,-0.028574922,-0.041236521,-0.022371602
2018-11-26 15:00,0,-0.028895638,-0.040912158,-0.022101644
2018-11-26 16:00,0,-0.027839894,-0.040491597,-0.019894103
2018-11-26 17:00,0,-0.025483419,-0.040132559,-0.019782601
2018-11-26 18:00,0,-0.024124883,-0.039288761,-0.021471221
2018-11-26 19:00,0,-0.024759705,-0.038768842,-0.022478709
2018-11-26 20:00,0,-0.025303016,-0.038318561,-0.022405785
2018-11-26 21:00,0,-0.025444143,-0.039134375,-0.022437258
2018-11-26 22:00,0,-0.024880574,-0.039409258,-0.021189231
2018-11-26 23:00,0,-0.024536285,-0.038751291,-0.01999567
2018-11-27 00:00,0,-0.023976295,-0.037426434,-0.019450673
2018-11-27 01:00,0,-0.023688045,-0.036602913,-0.019219562
2018-11-27 02:00,0,-0.023508253,-0.03602495,-0.01863958
2018-11-27 03:00,0,-0.023479224,-0.035562898,-0.01807487
2018-11-27 04:00,0,-0.023863511,-0.035074426,-0.018815872
2018-11-27 05:00,0,-0.025547991,-0.036653174,-0.020569078
2018-11-27 06:00,0,-0.027384428,-0.03868018,-0.022644917
2018-11-27 07:00,0,-0.028174754,-0.03958035,-0.023327236
2018-11-27 08:00,0,-0.028438818,-0.040217454,-0.023617529
2018-11-27 09:00,0,-0.028867684,-0.040272005,-0.022883138
2018-11-27 10:00,0,-0.02720927,-0.039382742,-0.021108522
2018-11-27 11:00,0,-0.024036252,-0.038255273,-0.020108012
2018-11-27 12:00,0,-0.026937434,-0.039225239,-0.020021157
2018-11-27 13:00,0,-0.028744433,-0.039888501,-0.021484522
2018-11-27 14:00,0,-0.028528586,-0.040252026,-0.022471342
2018-11-27 15:00,0,-0.02900898,-0.040064168,-0.022307538
2018-11-27 16:00,0,-0.027940964,-0.040276064,-0.019811853
2018-11-27 17:00,0,-0.025539904,-0.039456215,-0.019517906
2018-11-27 18:00,0,-0.024336119,-0.038515909,-0.021392843
2018-11-27 19:00,0,-0.025414777,-0.038215498,-0.02264072
2018-11-27 20:00,0,-0.02576042,-0.037637802,-0.022637261
2018-11-27 21:00,0,-0.025745901,-0.038708743,-0.022422626
2018-11-27 22:00,0,-0.025288889,-0.038923504,-0.020674095
2018-11-27 23:00,0,-0.02502669,-0.03815394,-0.019701417
2018-11-28 00:00,0,-0.024401427,-0.036921191,-0.019211101
2018-11-28 01:00,0,-0.024187733,-0.036042353,-0.01893701
2018-11-28 02:00,0,-0.024037511,-0.035476248,-0.01844945
2018-11-28 03:00,0,-0.023942443,-0.035070715,-0.017692052
2018-11-28 04:00,0,-0.024212199,-0.034848967,-0.018672398
2018-11-28 05:00,0,-0.025806334,-0.036504945,-0.020753076
2018-11-28 06:00,0,-0.027706654,-0.038594866,-0.0230913
2018-11-28 07:00,0,-0.028028887,-0.039382517,-0.024192912
2018-11-28 08:00,0,-0.028084285,-0.040314617,-0.024850954
2018-11-28 09:00,0,-0.028251879,-0.040455371,-0.024302383
2018-11-28 10:00,0,-0.026264373,-0.039503242,-0.02241205
2018-11-28 11:00,0,-0.022959181,-0.03812687,-0.021255909
2018-11-28 12:00,0,-0.025841667,-0.039430427,-0.021452757
2018-11-28 13:00,0,-0.027600048,-0.040469025,-0.022960549
2018-11-28 14:00,0,-0.027951474,-0.041071084,-0.023658941
2018-11-28 15:00,0,-0.028756622,-0.040556541,-0.023323235
2018-11-28 16:00,0,-0.028248762,-0.040256473,-0.021704981
2018-11-28 17:00,0,-0.025993353,-0.039568133,-0.021378801
2018-11-28 18:00,0,-0.024659343,-0.038709079,-0.023101598
2018-11-28 19:00,0,-0.025521234,-0.038206644,-0.024340802
2018-11-28 20:00,0,-0.025976242,-0.037624301,-0.024466597
2018-11-28 21:00,0,-0.025975705,-0.038630028,-0.024400317
2018-11-28 22:00,0,-0.02549805,-0.03876073,-0.022334112
2018-11-28 23:00,0,-0.025034581,-0.038395504,-0.021168787
2018-11-29 00:00,0,-0.024420344,-0.037215227,-0.020746594
2018-11-29 01:00,0,-0.024195744,-0.036251813,-0.020399676
2018-11-29 02:00,0,-0.023921641,-0.035418472,-0.019825825
2018-11-29 03:00,0,-0.023871431,-0.034826808,-0.018693021
2018-11-29 04:00,0,-0.024152,-0.034773844,-0.019675501
2018-11-29 05:00,0,-0.025902487,-0.036222571,-0.021553297
2018-11-29 06:00,0,-0.027854899,-0.038679488,-0.023734229
2018-11-29 07:00,0,-0.028414737,-0.039487646,-0.024973475
2018-11-29 08:00,0,-0.028123512,-0.040389233,-0.025208895
2018-11-29 09:00,0,-0.028237825,-0.040803781,-0.02437479
2018-11-29 10:00,0,-0.026161729,-0.03958554,-0.022447774
2018-11-29 11:00,0,-0.023049414,-0.038340791,-0.021602035
2018-11-29 12:00,0,-0.025991229,-0.039418311,-0.021213118
2018-11-29 13:00,0,-0.027806454,-0.040085437,-0.022980504
2018-11-29 14:00,0,-0.027815851,-0.040147249,-0.02382051
2018-11-29 15:00,0,-0.028558571,-0.040302571,-0.023790499
2018-11-29 16:00,0,-0.027784354,-0.040277981,-0.021787592
2018-11-29 17:00,0,-0.025268547,-0.039632891,-0.021331385
2018-11-29 18:00,0,-0.02430152,-0.03880054,-0.02336105
2018-11-29 19:00,0,-0.025006584,-0.038844199,-0.024778883
2018-11-29 20:00,0,-0.025154794,-0.038418287,-0.024798582
2018-11-29 21:00,0,-0.025263647,-0.039141716,-0.024672764
2018-11-29 22:00,0,-0.024821636,-0.039501946,-0.02279718
2018-11-29 23:00,0,-0.024537446,-0.038503802,-0.021763016
2018-11-30 00:00,0,-0.023851021,-0.03721017,-0.021219683
2018-11-30 01:00,0,-0.023656147,-0.036388047,-0.020894981
2018-11-30 02:00,0,-0.023313136,-0.035807936,-0.020353424
2018-11-30 03:00,0,-0.023212732,-0.035370475,-0.019101492
2018-11-30 04:00,0,-0.023428647,-0.035264528,-0.019776725
2018-11-30 05:00,0,-0.025169887,-0.03694518,-0.02189504
2018-11-30 06:00,0,-0.026928468,-0.038754835,-0.024020372
2018-11-30 07:00,0,-0.027625214,-0.039589487,-0.025095982
2018-11-30 08:00,0,-0.027739602,-0.040305702,-0.02513012
2018-11-30 09:00,0,-0.028210218,-0.04028383,-0.024124096
2018-11-30 10:00,0,-0.026305008,-0.038792541,-0.022153571
2018-11-30 11:00,0,-0.023023886,-0.037538584,-0.020851137
2018-11-30 12:00,0,-0.025709589,-0.038473933,-0.020482279
2018-11-30 13:00,0,-0.02736894,-0.039223037,-0.022053734
2018-11-30 14:00,0,-0.027282101,-0.039618701,-0.023069182
2018-11-30 15:00,0,-0.027811768,-0.039352548,-0.023207153
2018-11-30 16:00,0,-0.026990088,-0.039490809,-0.021455469
2018-11-30 17:00,0,-0.024500335,-0.038829179,-0.020602654
2018-11-30 18:00,0,-0.023024319,-0.037746621,-0.022563636
2018-11-30 19:00,0,-0.023959295,-0.037778657,-0.023886787
2018-11-30 20:00,0,-0.024206966,-0.037371992,-0.024025636
2018-11-30 21:00,0,-0.024468564,-0.038669636,-0.024321442
2018-11-30 22:00,0,-0.024232147,-0.039077892,-0.023292939
2018-11-30 23:00,0,-0.023991958,-0.038051427,-0.02207062
2018-12-01 00:00,0,-0.023204068,-0.036960025,-0.021428253
2018-12-01 01:00,0,-0.022816338,-0.035822484,-0.021113618
2018-12-01 02:00,0,-0.022331892,-0.034880454,-0.020477485
2018-12-01 03:00,0,-0.021926357,-0.034311757,-0.018842582
2018-12-01 04:00,0,-0.02148566,-0.033466487,-0.01816309
2018-12-01 05:00,0,-0.021803184,-0.032938773,-0.019530832
2018-12-01 06:00,0,-0.023063366,-0.033728864,-0.021890199
2018-12-01 07:00,0,-0.024065291,-0.035074459,-0.023377108
2018-12-01 08:00,0,-0.024844111,-0.036206241,-0.023715749
2018-12-01 09:00,0,-0.025327781,-0.037107379,-0.022675434
2018-12-01 10:00,0,-0.023720358,-0.036294533,-0.020793498
2018-12-01 11:00,0,-0.0206296,-0.035689548,-0.019216024
2018-12-01 12:00,0,-0.023096198,-0.036435129,-0.018783166
2018-12-01 13:00,0,-0.024638062,-0.03727309,-0.020341471
2018-12-01 14:00,0,-0.02452778,-0.037786136,-0.021569078
2018-12-01 15:00,0,-0.025114026,-0.037738419,-0.022805954
2018-12-01 16:00,0,-0.024670758,-0.037423629,-0.021133606
2018-12-01 17:00,0,-0.02261881,-0.036657056,-0.020399251
2018-12-01 18:00,0,-0.021694843,-0.035872179,-0.021590085
2018-12-01 19:00,0,-0.022478111,-0.035964243,-0.022576373
2018-12-01 20:00,0,-0.022875568,-0.035697415,-0.023057106
2018-12-01 21:00,0,-0.023248997,-0.036796404,-0.02329166
2018-12-01 22:00,0,-0.022914624,-0.037411422,-0.022727051
2018-12-01 23:00,0,-0.022733541,-0.037229334,-0.021683022
2018-12-02 00:00,0,-0.022184086,-0.036093646,-0.021194507
2018-12-02 01:00,0,-0.022005599,-0.035279,-0.020857004
2018-12-02 02:00,0,-0.021174785,-0.034578507,-0.020087807
2018-12-02 03:00,0,-0.021145578,-0.03393533,-0.018551984
2018-12-02 04:00,0,-0.020542845,-0.03281986,-0.0177898
2018-12-02 05:00,0,-0.02039437,-0.032459852,-0.018818298
2018-12-02 06:00,0,-0.021318578,-0.03290555,-0.02106813
2018-12-02 07:00,0,-0.02238535,-0.03407792,-0.022705483
2018-12-02 08:00,0,-0.023220768,-0.035727656,-0.023227663
2018-12-02 09:00,0,-0.02406192,-0.036754541,-0.022372874
2018-12-02 10:00,0,-0.022810313,-0.036009268,-0.020423292
2018-12-02 11:00,0,-0.019633792,-0.035716216,-0.018851186
2018-12-02 12:00,0,-0.022001014,-0.036259234,-0.018535095
2018-12-02 13:00,0,-0.023531557,-0.036818802,-0.020150713
2018-12-02 14:00,0,-0.023394115,-0.037055388,-0.021975796
2018-12-02 15:00,0,-0.02392407,-0.037361951,-0.02367386
2018-12-02 16:00,0,-0.023522159,-0.037453888,-0.022068687
2018-12-02 17:00,0,-0.021881965,-0.037239272,-0.021684587
2018-12-02 18:00,0,-0.021254968,-0.037390411,-0.02292454
2018-12-02 19:00,0,-0.022170739,-0.037071454,-0.023551392
2018-12-02 20:00,0,-0.022576297,-0.036735692,-0.02371044
2018-12-02 21:00,0,-0.023211707,-0.03738948,-0.023549349
2018-12-02 22:00,0,-0.022852536,-0.037690351,-0.022495528
2018-12-02 23:00,0,-0.023095242,-0.037019139,-0.021421566
2018-12-03 00:00,0,-0.022612573,-0.035962371,-0.021021683
2018-12-03 01:00,0,-0.022422822,-0.034989936,-0.020605915
2018-12-03 02:00,0,-0.022167407,-0.034452942,-0.020022314
2018-12-03 03:00,0,-0.022214016,-0.034098217,-0.019225699
2018-12-03 04:00,0,-0.022756839,-0.034262813,-0.020967044
2018-12-03 05:00,0,-0.024940673,-0.037045699,-0.023138496
2018-12-03 06:00,0,-0.02705333,-0.039850483,-0.025327101
2018-12-03 07:00,0,-0.027771181,-0.040994847,-0.026344267
2018-12-03 08:00,0,-0.027895964,-0.041906608,-0.026209212
2018-12-03 09:00,0,-0.028284934,-0.041885512,-0.025002177
2018-12-03 10:00,0,-0.026497222,-0.040448923,-0.022764462
2018-12-03 11:00,0,-0.023237799,-0.039434704,-0.021450072
2018-12-03 12:00,0,-0.025858137,-0.040422204,-0.021085171
2018-12-03 13:00,0,-0.027659167,-0.041774167,-0.022902556
2018-12-03 14:00,0,-0.027727961,-0.041834832,-0.023656618
2018-12-03 15:00,0,-0.028333129,-0.041343923,-0.023318274
2018-12-03 16:00,0,-0.027323021,-0.041408867,-0.021286147
2018-12-03 17:00,0,-0.024963033,-0.040849749,-0.021163143
2018-12-03 18:00,0,-0.023822525,-0.03966114,-0.023161897
2018-12-03 19:00,0,-0.024302495,-0.039277387,-0.024575967
2018-12-03 20:00,0,-0.024478935,-0.038788101,-0.02473925
2018-12-03 21:00,0,-0.024514283,-0.039531009,-0.024595296
2018-12-03 22:00,0,-0.024068536,-0.040116781,-0.023486355
2018-12-03 23:00,0,-0.023786668,-0.038998948,-0.022367159
2018-12-04 00:00,0,-0.023164057,-0.037697381,-0.021874085
2018-12-04 01:00,0,-0.022835789,-0.036896567,-0.021464482
2018-12-04 02:00,0,-0.022403051,-0.03571868,-0.020893363
2018-12-04 03:00,0,-0.022370288,-0.035585778,-0.019920978
2018-12-04 04:00,0,-0.022925742,-0.036712546,-0.020904613
2018-12-04 05:00,0,-0.024961072,-0.038339658,-0.022965903
2018-12-04 06:00,0,-0.026877254,-0.040792819,-0.024879856
2018-12-04 07:00,0,-0.027377551,-0.041451881,-0.025762538
2018-12-04 08:00,0,-0.02735507,-0.041708603,-0.025767619
2018-12-04 09:00,0,-0.027731899,-0.041158659,-0.02458137
2018-12-04 10:00,0,-0.026095414,-0.039657653,-0.02233283
2018-12-04 11:00,0,-0.022832913,-0.038456717,-0.021260976
2018-12-04 12:00,0,-0.02593574,-0.039394022,-0.021062748
2018-12-04 13:00,0,-0.027898301,-0.04028671,-0.022767825
2018-12-04 14:00,0,-0.027806532,-0.041481296,-0.023588259
2018-12-04 15:00,0,-0.028185611,-0.041579601,-0.02363018
2018-12-04 16:00,0,-0.027310684,-0.04221871,-0.021416442
2018-12-04 17:00,0,-0.024910862,-0.041597633,-0.020773943
2018-12-04 18:00,0,-0.023645261,-0.040639911,-0.023043693
2018-12-04 19:00,0,-0.024314144,-0.040250294,-0.024257192
2018-12-04 20:00,0,-0.024667992,-0.039542885,-0.024336552
2018-12-04 21:00,0,-0.024610476,-0.040455729,-0.023897487
2018-12-04 22:00,0,-0.024111267,-0.040704291,-0.022802308
2018-12-04 23:00,0,-0.023756179,-0.039337665,-0.021642343
2018-12-05 00:00,0,-0.023164862,-0.038157869,-0.021002981
2018-12-05 01:00,0,-0.022947276,-0.037125953,-0.020703768
2018-12-05 02:00,0,-0.022715314,-0.036600708,-0.020174878
2018-12-05 03:00,0,-0.022635325,-0.03635396,-0.019014499
2018-12-05 04:00,0,-0.023121426,-0.036250013,-0.019920815
2018-12-05 05:00,0,-0.025152672,-0.03781634,-0.021660733
2018-12-05 06:00,0,-0.027056207,-0.040064049,-0.023630176
2018-12-05 07:00,0,-0.027547872,-0.040996717,-0.024420564
2018-12-05 08:00,0,-0.027507888,-0.041279978,-0.024477356
2018-12-05 09:00,0,-0.027784023,-0.041402391,-0.023578401
2018-12-05 10:00,0,-0.025962083,-0.04028316,-0.021684945
2018-12-05 11:00,0,-0.022822839,-0.039079045,-0.020543267
2018-12-05 12:00,0,-0.025610532,-0.040364912,-0.020637174
2018-12-05 13:00,0,-0.02750667,-0.040857403,-0.022218791
2018-12-05 14:00,0,-0.027517087,-0.041370102,-0.02340033
2018-12-05 15:00,0,-0.028122359,-0.041155122,-0.023145276
2018-12-05 16:00,0,-0.027261266,-0.040996276,-0.021261639
2018-12-05 17:00,0,-0.024755835,-0.040024397,-0.02087858
2018-12-05 18:00,0,-0.023658455,-0.039217663,-0.022624122
2018-12-05 19:00,0,-0.024532492,-0.039033626,-0.02391573
2018-12-05 20:00,0,-0.02464296,-0.038741719,-0.024214116
2018-12-05 21:00,0,-0.024592606,-0.039542694,-0.024018539
2018-12-05 22:00,0,-0.024047249,-0.039669442,-0.022627218
2018-12-05 23:00,0,-0.023876034,-0.039065606,-0.021164551
2018-12-06 00:00,0,-0.023221643,-0.037602554,-0.020774006
2018-12-06 01:00,0,-0.023034625,-0.037030708,-0.020440793
2018-12-06 02:00,0,-0.022698045,-0.036371585,-0.019811576
2018-12-06 03:00,0,-0.022567066,-0.035589803,-0.018858158
2018-12-06 04:00,0,-0.023169015,-0.035988101,-0.019866598
2018-12-06 05:00,0,-0.025129492,-0.037597618,-0.021747927
2018-12-06 06:00,0,-0.027132425,-0.039995649,-0.023670387
2018-12-06 07:00,0,-0.027723216,-0.040668324,-0.024740978
2018-12-06 08:00,0,-0.027714118,-0.041529284,-0.02459868
2018-12-06 09:00,0,-0.028198124,-0.041433244,-0.023564209
2018-12-06 10:00,0,-0.026682103,-0.040346246,-0.021286538
2018-12-06 11:00,0,-0.023453342,-0.038984188,-0.020307132
2018-12-06 12:00,0,-0.026410553,-0.03987078,-0.019997039
2018-12-06 13:00,0,-0.028229552,-0.040653385,-0.021746828
2018-12-06 14:00,0,-0.028059021,-0.041195752,-0.022868495
2018-12-06 15:00,0,-0.028423261,-0.040946685,-0.023183359
2018-12-06 16:00,0,-0.027332744,-0.041074537,-0.021474061
2018-12-06 17:00,0,-0.024633551,-0.040179091,-0.020669331
2018-12-06 18:00,0,-0.023634105,-0.039582927,-0.022254137
2018-12-06 19:00,0,-0.024349791,-0.039238749,-0.02357011
2018-12-06 20:00,0,-0.024530168,-0.038880032,-0.024036099
2018-12-06 21:00,0,-0.024500368,-0.039493403,-0.024180561
2018-12-06 22:00,0,-0.023884848,-0.039746247,-0.022845364
2018-12-06 23:00,0,-0.023712768,-0.038636853,-0.021657277
2018-12-07 00:00,0,-0.023100768,-0.037351516,-0.02114179
2018-12-07 01:00,0,-0.022735267,-0.036233112,-0.020752938
2018-12-07 02:00,0,-0.022448544,-0.035816801,-0.020246317
2018-12-07 03:00,0,-0.022398073,-0.035309182,-0.01927325
2018-12-07 04:00,0,-0.022898503,-0.035384188,-0.020210185
2018-12-07 05:00,0,-0.024904247,-0.037258723,-0.022272258
2018-12-07 06:00,0,-0.026840542,-0.039472456,-0.024068215
2018-12-07 07:00,0,-0.027541679,-0.040790794,-0.024883008
2018-12-07 08:00,0,-0.027601834,-0.041408853,-0.024786816
2018-12-07 09:00,0,-0.027873499,-0.041363805,-0.023701549
2018-12-07 10:00,0,-0.02567086,-0.040541836,-0.021363134
2018-12-07 11:00,0,-0.022250949,-0.039330036,-0.020085001
2018-12-07 12:00,0,-0.024910448,-0.040135234,-0.020203216
2018-12-07 13:00,0,-0.026464761,-0.04120622,-0.021727902
2018-12-07 14:00,0,-0.026340435,-0.041491494,-0.02256826
2018-12-07 15:00,0,-0.02719032,-0.041486545,-0.022764685
2018-12-07 16:00,0,-0.026449463,-0.041216625,-0.020671332
2018-12-07 17:00,0,-0.024021665,-0.039826089,-0.020434736
2018-12-07 18:00,0,-0.022743656,-0.039071993,-0.022261975
2018-12-07 19:00,0,-0.023493772,-0.038686478,-0.023726617
2018-12-07 20:00,0,-0.023824735,-0.038456432,-0.023997147
2018-12-07 21:00,0,-0.023911581,-0.039587741,-0.024026938
2018-12-07 22:00,0,-0.023435672,-0.040113446,-0.022996577
2018-12-07 23:00,0,-0.023060538,-0.03913979,-0.021958473
2018-12-08 00:00,0,-0.022461598,-0.037529863,-0.021371831
2018-12-08 01:00,0,-0.021931623,-0.036563373,-0.021011299
2018-12-08 02:00,0,-0.021546541,-0.03592622,-0.020332043
2018-12-08 03:00,0,-0.021163506,-0.035173097,-0.018998491
2018-12-08 04:00,0,-0.02065478,-0.033980184,-0.018767801
2018-12-08 05:00,0,-0.020892922,-0.033520821,-0.01988444
2018-12-08 06:00,0,-0.022111793,-0.034487667,-0.022177255
2018-12-08 07:00,0,-0.023370282,-0.035935663,-0.023394967
2018-12-08 08:00,0,-0.024302579,-0.037611864,-0.023722753
2018-12-08 09:00,0,-0.025010797,-0.037981611,-0.022675032
2018-12-08 10:00,0,-0.023308904,-0.037116465,-0.021018399
2018-12-08 11:00,0,-0.020052883,-0.036331857,-0.019621951
2018-12-08 12:00,0,-0.022563516,-0.036934341,-0.019431139
2018-12-08 13:00,0,-0.023990137,-0.03782203,-0.020868122
2018-12-08 14:00,0,-0.023916278,-0.038201644,-0.021976045
2018-12-08 15:00,0,-0.024623307,-0.038480179,-0.022932778
2018-12-08 16:00,0,-0.02431052,-0.038518431,-0.02109514
2018-12-08 17:00,0,-0.022491013,-0.038050427,-0.020187595
2018-12-08 18:00,0,-0.021455604,-0.037426064,-0.021433167
2018-12-08 19:00,0,-0.022305731,-0.037115035,-0.022237261
2018-12-08 20:00,0,-0.022627466,-0.036649641,-0.022745471
2018-12-08 21:00,0,-0.02282431,-0.037432315,-0.022972269
2018-12-08 22:00,0,-0.022473793,-0.037860184,-0.022162465
2018-12-08 23:00,0,-0.022179467,-0.037020493,-0.021302489
2018-12-09 00:00,0,-0.021546428,-0.035796211,-0.02074691
2018-12-09 01:00,0,-0.021423547,-0.034920967,-0.020241372
2018-12-09 02:00,0,-0.020960806,-0.03418154,-0.019605743
2018-12-09 03:00,0,-0.020639114,-0.033259793,-0.018056752
2018-12-09 04:00,0,-0.019995973,-0.032222617,-0.017394721
2018-12-09 05:00,0,-0.020022026,-0.031760283,-0.018078457
2018-12-09 06:00,0,-0.02109927,-0.032159314,-0.020421702
2018-12-09 07:00,0,-0.02208111,-0.033743938,-0.02213889
2018-12-09 08:00,0,-0.023080132,-0.035414141,-0.022706318
2018-12-09 09:00,0,-0.024058363,-0.036733581,-0.022202435
2018-12-09 10:00,0,-0.022485653,-0.036020673,-0.020624864
2018-12-09 11:00,0,-0.019531743,-0.035888721,-0.019429891
2018-12-09 12:00,0,-0.022018966,-0.036253706,-0.018780403
2018-12-09 13:00,0,-0.023601198,-0.036895831,-0.020553191
2018-12-09 14:00,0,-0.02342832,-0.036953729,-0.021830195
2018-12-09 15:00,0,-0.023925095,-0.03689785,-0.023105189
2018-12-09 16:00,0,-0.023664279,-0.037321809,-0.021585593
2018-12-09 17:00,0,-0.022096143,-0.037422108,-0.021223423
2018-12-09 18:00,0,-0.021346366,-0.037631011,-0.022630912
2018-12-09 19:00,0,-0.022331548,-0.03759943,-0.023084949
2018-12-09 20:00,0,-0.022692948,-0.037375322,-0.023357029
2018-12-09 21:00,0,-0.023172999,-0.037932301,-0.023150542
2018-12-09 22:00,0,-0.022900991,-0.038425563,-0.02178177
2018-12-09 23:00,0,-0.022786401,-0.037156918,-0.020697645
2018-12-10 00:00,0,-0.022287035,-0.036058498,-0.020297434
2018-12-10 01:00,0,-0.022103464,-0.035779053,-0.019786142
2018-12-10 02:00,0,-0.021966286,-0.034897413,-0.019030936
2018-12-10 03:00,0,-0.021883388,-0.034291696,-0.018202523
2018-12-10 04:00,0,-0.022615325,-0.033983947,-0.019964604
2018-12-10 05:00,0,-0.02493407,-0.036939409,-0.02228095
2018-12-10 06:00,0,-0.027022517,-0.039657567,-0.0245287
2018-12-10 07:00,0,-0.027680207,-0.040808652,-0.025777322
2018-12-10 08:00,0,-0.028036725,-0.041137606,-0.026085499
2018-12-10 09:00,0,-0.028459066,-0.041077694,-0.02501234
2018-12-10 10:00,0,-0.026798403,-0.039906898,-0.02298806
2018-12-10 11:00,0,-0.023669721,-0.03867921,-0.021353738
2018-12-10 12:00,0,-0.026602209,-0.039854342,-0.021361666
2018-12-10 13:00,0,-0.028394436,-0.040642258,-0.022831343
2018-12-10 14:00,0,-0.028474793,-0.041468798,-0.023644946
2018-12-10 15:00,0,-0.028818359,-0.041504379,-0.022932506
2018-12-10 16:00,0,-0.027934543,-0.041847557,-0.02096852
2018-12-10 17:00,0,-0.025529885,-0.041328101,-0.02076369
2018-12-10 18:00,0,-0.024378161,-0.040598594,-0.022379288
2018-12-10 19:00,0,-0.02509741,-0.039840575,-0.023675941
2018-12-10 20:00,0,-0.025285851,-0.039568271,-0.023887505
2018-12-10 21:00,0,-0.025214059,-0.04034013,-0.023802483
2018-12-10 22:00,0,-0.024769938,-0.040836098,-0.02229513
2018-12-10 23:00,0,-0.024460223,-0.039417664,-0.021086132
2018-12-11 00:00,0,-0.023847428,-0.037975171,-0.020600817
2018-12-11 01:00,0,-0.023595579,-0.037271895,-0.020238911
2018-12-11 02:00,0,-0.023304436,-0.036627532,-0.019747464
2018-12-11 03:00,0,-0.023303956,-0.036188683,-0.018614523
2018-12-11 04:00,0,-0.023671711,-0.035504963,-0.019708011
2018-12-11 05:00,0,-0.025678701,-0.037091509,-0.021693037
2018-12-11 06:00,0,-0.027841464,-0.039565642,-0.023725568
2018-12-11 07:00,0,-0.028560175,-0.040959535,-0.024651638
2018-12-11 08:00,0,-0.028675981,-0.041406529,-0.024271693
2018-12-11 09:00,0,-0.029130655,-0.041160311,-0.023300745
2018-12-11 10:00,0,-0.027360791,-0.039859633,-0.021404962
2018-12-11 11:00,0,-0.024175528,-0.038376504,-0.020290786
2018-12-11 12:00,0,-0.026866624,-0.039336144,-0.020095173
2018-12-11 13:00,0,-0.02879915,-0.040365364,-0.021851902
2018-12-11 14:00,0,-0.02869588,-0.040862687,-0.022695998
2018-12-11 15:00,0,-0.029166691,-0.041050548,-0.022689049
2018-12-11 16:00,0,-0.028282534,-0.041341739,-0.020763038
2018-12-11 17:00,0,-0.026047694,-0.041056683,-0.020606456
2018-12-11 18:00,0,-0.024800597,-0.040067811,-0.022703606
2018-12-11 19:00,0,-0.02565675,-0.039620157,-0.023921776
2018-12-11 20:00,0,-0.025786798,-0.039219693,-0.02405372
2018-12-11 21:00,0,-0.025690543,-0.040391216,-0.023930622
2018-12-11 22:00,0,-0.025200505,-0.040647429,-0.022383506
2018-12-11 23:00,0,-0.024914941,-0.03900908,-0.021153833
2018-12-12 00:00,0,-0.024292401,-0.037579474,-0.020637558
2018-12-12 01:00,0,-0.024010954,-0.036820127,-0.020336061
2018-12-12 02:00,0,-0.023689602,-0.036138619,-0.01978346
2018-12-12 03:00,0,-0.023624307,-0.035644161,-0.018733298
2018-12-12 04:00,0,-0.023960261,-0.035055382,-0.019698828
2018-12-12 05:00,0,-0.025800156,-0.036580647,-0.021656373
2018-12-12 06:00,0,-0.027999146,-0.038924945,-0.023618354
2018-12-12 07:00,0,-0.028794209,-0.040298378,-0.024443037
2018-12-12 08:00,0,-0.028955277,-0.040642337,-0.024306247
2018-12-12 09:00,0,-0.029275229,-0.040198257,-0.023261829
2018-12-12 10:00,0,-0.027358827,-0.038845713,-0.021169223
2018-12-12 11:00,0,-0.024131815,-0.037499147,-0.020387439
2018-12-12 12:00,0,-0.026970553,-0.03838956,-0.020277101
2018-12-12 13:00,0,-0.02876376,-0.039390289,-0.021971261
2018-12-12 14:00,0,-0.028738217,-0.040233719,-0.022981914
2018-12-12 15:00,0,-0.029247177,-0.04031406,-0.022671242
2018-12-12 16:00,0,-0.028540093,-0.040554196,-0.020994876
2018-12-12 17:00,0,-0.026037242,-0.039856882,-0.020552489
2018-12-12 18:00,0,-0.024795707,-0.038959243,-0.022806868
2018-12-12 19:00,0,-0.025706924,-0.038876543,-0.023789468
2018-12-12 20:00,0,-0.025876307,-0.038398184,-0.023994548
2018-12-12 21:00,0,-0.025886135,-0.039640493,-0.0239953
2018-12-12 22:00,0,-0.025318931,-0.040296814,-0.022513588
2018-12-12 23:00,0,-0.024940553,-0.038539093,-0.021262131
2018-12-13 00:00,0,-0.024327784,-0.037353184,-0.020788889
2018-12-13 01:00,0,-0.024096184,-0.036359051,-0.020467109
2018-12-13 02:00,0,-0.02378283,-0.035516038,-0.019990032
2018-12-13 03:00,0,-0.023726432,-0.034974543,-0.018857189
2018-12-13 04:00,0,-0.024134174,-0.03397656,-0.0197937
2018-12-13 05:00,0,-0.025968831,-0.035183805,-0.021760421
2018-12-13 06:00,0,-0.028076596,-0.037872929,-0.023625122
2018-12-13 07:00,0,-0.028684267,-0.038911076,-0.024373075
2018-12-13 08:00,0,-0.028904118,-0.039190177,-0.024032353
2018-12-13 09:00,0,-0.029526969,-0.038861686,-0.022911386
2018-12-13 10:00,0,-0.027553015,-0.037419473,-0.020806177
2018-12-13 11:00,0,-0.024500106,-0.035781168,-0.019333137
2018-12-13 12:00,0,-0.027199826,-0.036996297,-0.019141865
2018-12-13 13:00,0,-0.028986193,-0.038002392,-0.020755148
2018-12-13 14:00,0,-0.028852099,-0.039030866,-0.021970549
2018-12-13 15:00,0,-0.029401941,-0.039352036,-0.022532164
2018-12-13 16:00,0,-0.028397038,-0.03975222,-0.020753351
2018-12-13 17:00,0,-0.02593666,-0.039144187,-0.020289537
2018-12-13 18:00,0,-0.024722031,-0.038256553,-0.022450457
2018-12-13 19:00,0,-0.025444504,-0.038321757,-0.023812473
2018-12-13 20:00,0,-0.02565321,-0.037951711,-0.024120995
2018-12-13 21:00,0,-0.025724664,-0.038753045,-0.023696136
2018-12-13 22:00,0,-0.025265731,-0.039263004,-0.022403172
2018-12-13 23:00,0,-0.025037744,-0.038051933,-0.021322049
2018-12-14 00:00,0,-0.02455352,-0.037303853,-0.020843147
2018-12-14 01:00,0,-0.024248594,-0.036335414,-0.020499984
2018-12-14 02:00,0,-0.023845388,-0.035240844,-0.019944955
2018-12-14 03:00,0,-0.023732892,-0.034468325,-0.01888822
2018-12-14 04:00,0,-0.023976586,-0.033292219,-0.019827271
2018-12-14 05:00,0,-0.02576413,-0.034398591,-0.021795543
2018-12-14 06:00,0,-0.027918201,-0.036546099,-0.023674694
2018-12-14 07:00,0,-0.028617979,-0.037860749,-0.024699583
2018-12-14 08:00,0,-0.0289347,-0.038737088,-0.024784751
2018-12-14 09:00,0,-0.029322575,-0.03897577,-0.024081165
2018-12-14 10:00,0,-0.02739355,-0.038008815,-0.02210318
2018-12-14 11:00,0,-0.024096389,-0.036926612,-0.020987733
2018-12-14 12:00,0,-0.0264209,-0.037936083,-0.021005763
2018-12-14 13:00,0,-0.027972567,-0.038510975,-0.022617753
2018-12-14 14:00,0,-0.027764451,-0.038769587,-0.023329207
2018-12-14 15:00,0,-0.028345013,-0.038545034,-0.022881335
2018-12-14 16:00,0,-0.027499284,-0.038149999,-0.020385312
2018-12-14 17:00,0,-0.025069838,-0.037148273,-0.020210741
2018-12-14 18:00,0,-0.023686071,-0.036301605,-0.021749481
2018-12-14 19:00,0,-0.024362845,-0.03610165,-0.02308958
2018-12-14 20:00,0,-0.024666022,-0.036031118,-0.023396645
2018-12-14 21:00,0,-0.025042704,-0.037492194,-0.023476939
2018-12-14 22:00,0,-0.024810555,-0.038287835,-0.022742961
2018-12-14 23:00,0,-0.024407641,-0.037556636,-0.021536029
2018-12-15 00:00,0,-0.023860769,-0.036315912,-0.021041137
2018-12-15 01:00,0,-0.023496842,-0.035114436,-0.020564606
2018-12-15 02:00,0,-0.023011497,-0.034217375,-0.019877679
2018-12-15 03:00,0,-0.022616673,-0.033340057,-0.018484212
2018-12-15 04:00,0,-0.022010181,-0.031587607,-0.018160072
2018-12-15 05:00,0,-0.022317995,-0.030716236,-0.01916766
2018-12-15 06:00,0,-0.023627731,-0.031802281,-0.021663633
2018-12-15 07:00,0,-0.024659427,-0.033360838,-0.02285356
2018-12-15 08:00,0,-0.025583221,-0.035071346,-0.023500934
2018-12-15 09:00,0,-0.026215627,-0.035972726,-0.023169021
2018-12-15 10:00,0,-0.024491529,-0.035129834,-0.021596312
2018-12-15 11:00,0,-0.021387447,-0.034440334,-0.020147526
2018-12-15 12:00,0,-0.02395737,-0.034997344,-0.019510391
2018-12-15 13:00,0,-0.025520195,-0.035634497,-0.02124978
2018-12-15 14:00,0,-0.025437179,-0.035940888,-0.022213417
2018-12-15 15:00,0,-0.025862312,-0.03626707,-0.02267378
2018-12-15 16:00,0,-0.025413523,-0.036218721,-0.020814428
2018-12-15 17:00,0,-0.023391716,-0.035736713,-0.019922829
2018-12-15 18:00,0,-0.022206619,-0.035255663,-0.02097346
2018-12-15 19:00,0,-0.023355605,-0.035526277,-0.021994874
2018-12-15 20:00,0,-0.023527255,-0.035757622,-0.022459664
2018-12-15 21:00,0,-0.023843519,-0.037338773,-0.022778239
2018-12-15 22:00,0,-0.023663066,-0.038542719,-0.021827793
2018-12-15 23:00,0,-0.023421103,-0.037943193,-0.020902386
2018-12-16 00:00,0,-0.022905966,-0.036635476,-0.020226675
2018-12-16 01:00,0,-0.022669812,-0.035958207,-0.019802561
2018-12-16 02:00,0,-0.022117525,-0.03504211,-0.01891032
2018-12-16 03:00,0,-0.021661999,-0.033890983,-0.017392467
2018-12-16 04:00,0,-0.020908659,-0.031626048,-0.016746496
2018-12-16 05:00,0,-0.020783418,-0.030460559,-0.017633215
2018-12-16 06:00,0,-0.021935343,-0.030891777,-0.019930367
2018-12-16 07:00,0,-0.022926781,-0.032253934,-0.02190225
2018-12-16 08:00,0,-0.023759864,-0.033966387,-0.023017884
2018-12-16 09:00,0,-0.024602274,-0.035398169,-0.022804112
2018-12-16 10:00,0,-0.023104274,-0.034768069,-0.021618109
2018-12-16 11:00,0,-0.020035625,-0.034462891,-0.020541402
2018-12-16 12:00,0,-0.022745316,-0.034990181,-0.020401261
2018-12-16 13:00,0,-0.024200446,-0.035382722,-0.021914233
2018-12-16 14:00,0,-0.024120013,-0.035763463,-0.022837525
2018-12-16 15:00,0,-0.024594365,-0.035654747,-0.023978012
2018-12-16 16:00,0,-0.024040668,-0.035819449,-0.021966509
2018-12-16 17:00,0,-0.022490079,-0.03590771,-0.021241307
2018-12-16 18:00,0,-0.021831216,-0.035667268,-0.022620146
2018-12-16 19:00,0,-0.022750242,-0.035515663,-0.023151255
2018-12-16 20:00,0,-0.023149749,-0.035269635,-0.023187186
2018-12-16 21:00,0,-0.023481545,-0.03619281,-0.023388622
2018-12-16 22:00,0,-0.023378079,-0.03707736,-0.021634692
2018-12-16 23:00,0,-0.023487481,-0.036860245,-0.020497478
2018-12-17 00:00,0,-0.023066248,-0.035533317,-0.020044979
2018-12-17 01:00,0,-0.022905078,-0.035092925,-0.019568234
2018-12-17 02:00,0,-0.022677352,-0.034124061,-0.018926491
2018-12-17 03:00,0,-0.022640043,-0.033365233,-0.017980212
2018-12-17 04:00,0,-0.023182209,-0.032768113,-0.019481158
2018-12-17 05:00,0,-0.02535746,-0.035279397,-0.021612114
2018-12-17 06:00,0,-0.02747399,-0.03827645,-0.024095399
2018-12-17 07:00,0,-0.028356542,-0.039925031,-0.025322171
2018-12-17 08:00,0,-0.028640832,-0.040235705,-0.025716682
2018-12-17 09:00,0,-0.028943719,-0.040048043,-0.024744262
2018-12-17 10:00,0,-0.026940641,-0.038388769,-0.022933037
2018-12-17 11:00,0,-0.023794926,-0.037163228,-0.021578202
2018-12-17 12:00,0,-0.026721526,-0.038290783,-0.021484606
2018-12-17 13:00,0,-0.028384868,-0.039138732,-0.02301882
2018-12-17 14:00,0,-0.028237884,-0.039675091,-0.023762815
2018-12-17 15:00,0,-0.028572526,-0.039728098,-0.023015139
2018-12-17 16:00,0,-0.027624747,-0.039884607,-0.020811993
2018-12-17 17:00,0,-0.025181836,-0.03922133,-0.020502141
2018-12-17 18:00,0,-0.023913725,-0.038373922,-0.022279959
2018-12-17 19:00,0,-0.02477252,-0.037592968,-0.023485548
2018-12-17 20:00,0,-0.025020845,-0.037104496,-0.023642409
2018-12-17 21:00,0,-0.024986941,-0.038359495,-0.023517937
2018-12-17 22:00,0,-0.024462611,-0.03855985,-0.022247844
2018-12-17 23:00,0,-0.024337329,-0.038052504,-0.020994192
2018-12-18 00:00,0,-0.023755292,-0.036918084,-0.020521637
2018-12-18 01:00,0,-0.023462865,-0.036054149,-0.020018579
2018-12-18 02:00,0,-0.023104425,-0.035180029,-0.019521619
2018-12-18 03:00,0,-0.022963349,-0.034461076,-0.018456485
2018-12-18 04:00,0,-0.023512325,-0.034085858,-0.019599896
2018-12-18 05:00,0,-0.025404745,-0.035346157,-0.021614846
2018-12-18 06:00,0,-0.027497547,-0.037368296,-0.023755989
2018-12-18 07:00,0,-0.028234082,-0.038642034,-0.02471055
2018-12-18 08:00,0,-0.028272543,-0.039349997,-0.025231681
2018-12-18 09:00,0,-0.028403371,-0.039501165,-0.024632567
2018-12-18 10:00,0,-0.026453998,-0.038224522,-0.022690331
2018-12-18 11:00,0,-0.022981929,-0.036926713,-0.021719003
2018-12-18 12:00,0,-0.025865755,-0.037909594,-0.021570174
2018-12-18 13:00,0,-0.027628178,-0.038693737,-0.023179738
2018-12-18 14:00,0,-0.02761776,-0.038862153,-0.023723977
2018-12-18 15:00,0,-0.028358466,-0.038654858,-0.023584525
2018-12-18 16:00,0,-0.027619125,-0.039069081,-0.02102684
2018-12-18 17:00,0,-0.025121832,-0.038227267,-0.02094667
2018-12-18 18:00,0,-0.024192235,-0.037684301,-0.022987312
2018-12-18 19:00,0,-0.024803121,-0.037148283,-0.02446585
2018-12-18 20:00,0,-0.024973038,-0.03699959,-0.024519833
2018-12-18 21:00,0,-0.024971278,-0.038372516,-0.024355609
2018-12-18 22:00,0,-0.024623194,-0.03874353,-0.022849595
2018-12-18 23:00,0,-0.024394647,-0.038405974,-0.02169651
2018-12-19 00:00,0,-0.023723478,-0.037073854,-0.021164732
2018-12-19 01:00,0,-0.023455297,-0.035945472,-0.020725797
2018-12-19 02:00,0,-0.023227736,-0.035290097,-0.020205689
2018-12-19 03:00,0,-0.023002309,-0.03490919,-0.018927794
2018-12-19 04:00,0,-0.023311146,-0.034380244,-0.019708719
2018-12-19 05:00,0,-0.025163301,-0.035687861,-0.021636743
2018-12-19 06:00,0,-0.027196971,-0.037914604,-0.02360286
2018-12-19 07:00,0,-0.027702646,-0.039558053,-0.024761798
2018-12-19 08:00,0,-0.027969254,-0.040076201,-0.024989908
2018-12-19 09:00,0,-0.028383559,-0.039628706,-0.024120338
2018-12-19 10:00,0,-0.026301438,-0.038576491,-0.022218342
2018-12-19 11:00,0,-0.02316966,-0.037565698,-0.020828463
2018-12-19 12:00,0,-0.026159222,-0.038654243,-0.020704761
2018-12-19 13:00,0,-0.027758681,-0.039750781,-0.022181661
2018-12-19 14:00,0,-0.027671905,-0.040222033,-0.023187255
2018-12-19 15:00,0,-0.028073131,-0.040014506,-0.023043909
2018-12-19 16:00,0,-0.027048543,-0.039928272,-0.021294349
2018-12-19 17:00,0,-0.024703128,-0.039240898,-0.02081823
2018-12-19 18:00,0,-0.023602134,-0.038460926,-0.023126982
2018-12-19 19:00,0,-0.024611788,-0.038241159,-0.024592301
2018-12-19 20:00,0,-0.024859868,-0.038059805,-0.024705797
2018-12-19 21:00,0,-0.024935075,-0.038992693,-0.024535169
2018-12-19 22:00,0,-0.024437229,-0.039495154,-0.023236774
2018-12-19 23:00,0,-0.024070442,-0.038784464,-0.022066354
2018-12-20 00:00,0,-0.023494284,-0.037443818,-0.021500244
2018-12-20 01:00,0,-0.023091742,-0.03662393,-0.021183074
2018-12-20 02:00,0,-0.022773503,-0.035903797,-0.020526473
2018-12-20 03:00,0,-0.022574873,-0.035372938,-0.019350275
2018-12-20 04:00,0,-0.022782131,-0.034731463,-0.020130271
2018-12-20 05:00,0,-0.024470421,-0.035983044,-0.022147359
2018-12-20 06:00,0,-0.02671461,-0.037853424,-0.024182616
2018-12-20 07:00,0,-0.027429791,-0.039456376,-0.025371754
2018-12-20 08:00,0,-0.02773814,-0.039921641,-0.025520187
2018-12-20 09:00,0,-0.02803246,-0.039779751,-0.024482435
2018-12-20 10:00,0,-0.026065935,-0.038490987,-0.022672021
2018-12-20 11:00,0,-0.022784276,-0.037293047,-0.021389627
2018-12-20 12:00,0,-0.025438774,-0.03849035,-0.020979937
2018-12-20 13:00,0,-0.027049576,-0.039501566,-0.022466874
2018-12-20 14:00,0,-0.026961784,-0.03988993,-0.023320138
2018-12-20 15:00,0,-0.027456794,-0.039667367,-0.023314409
2018-12-20 16:00,0,-0.026600502,-0.039646172,-0.021106106
2018-12-20 17:00,0,-0.024144602,-0.03925801,-0.021129259
2018-12-20 18:00,0,-0.023114038,-0.037970379,-0.023200623
2018-12-20 19:00,0,-0.023942467,-0.038147186,-0.024659832
2018-12-20 20:00,0,-0.024209865,-0.037654495,-0.02489619
2018-12-20 21:00,0,-0.024263904,-0.038850293,-0.024786369
2018-12-20 22:00,0,-0.02409944,-0.039022195,-0.02327789
2018-12-20 23:00,0,-0.023796451,-0.038502497,-0.022056386
2018-12-21 00:00,0,-0.023217755,-0.037330117,-0.021537954
2018-12-21 01:00,0,-0.022888025,-0.03620872,-0.021014368
2018-12-21 02:00,0,-0.022639704,-0.035764755,-0.020409899
2018-12-21 03:00,0,-0.022427673,-0.035493036,-0.019276353
2018-12-21 04:00,0,-0.022660849,-0.035349812,-0.019948487
2018-12-21 05:00,0,-0.024076414,-0.036539813,-0.022027459
2018-12-21 06:00,0,-0.025961024,-0.038574073,-0.024033546
2018-12-21 07:00,0,-0.026604742,-0.040086641,-0.024906635
2018-12-21 08:00,0,-0.02679718,-0.040446067,-0.025090442
2018-12-21 09:00,0,-0.026968808,-0.040334426,-0.023955462
2018-12-21 10:00,0,-0.024957937,-0.038995063,-0.021863389
2018-12-21 11:00,0,-0.021645221,-0.037575404,-0.020563974
2018-12-21 12:00,0,-0.024307618,-0.038246521,-0.020110528
2018-12-21 13:00,0,-0.026053072,-0.039143479,-0.021609986
2018-12-21 14:00,0,-0.025941781,-0.039470681,-0.022534488
2018-12-21 15:00,0,-0.026400683,-0.039150843,-0.022628891
2018-12-21 16:00,0,-0.025453268,-0.039177421,-0.020498764
2018-12-21 17:00,0,-0.022876734,-0.038039846,-0.019858641
2018-12-21 18:00,0,-0.021755557,-0.037203638,-0.021793651
2018-12-21 19:00,0,-0.022514735,-0.03721338,-0.023356949
2018-12-21 20:00,0,-0.022997887,-0.036973862,-0.023431541
2018-12-21 21:00,0,-0.023155121,-0.038257913,-0.023629921
2018-12-21 22:00,0,-0.022786935,-0.038787168,-0.023162775
2018-12-21 23:00,0,-0.022895446,-0.038023275,-0.021970628
2018-12-22 00:00,0,-0.022136012,-0.03662021,-0.021286891
2018-12-22 01:00,0,-0.021743247,-0.035140608,-0.020750333
2018-12-22 02:00,0,-0.021291845,-0.034385764,-0.020096703
2018-12-22 03:00,0,-0.020880981,-0.033613373,-0.018504938
2018-12-22 04:00,0,-0.020537349,-0.032801327,-0.018075993
2018-12-22 05:00,0,-0.020843336,-0.03266188,-0.018974724
2018-12-22 06:00,0,-0.02226432,-0.033593751,-0.021008528
2018-12-22 07:00,0,-0.023344921,-0.035544196,-0.022577804
2018-12-22 08:00,0,-0.024209303,-0.036747446,-0.022841932
2018-12-22 09:00,0,-0.02470469,-0.036846225,-0.021618076
2018-12-22 10:00,0,-0.023175654,-0.035584495,-0.0195502
2018-12-22 11:00,0,-0.020158254,-0.034831786,-0.01796737
2018-12-22 12:00,0,-0.02280957,-0.035599538,-0.017648926
2018-12-22 13:00,0,-0.02435468,-0.036426458,-0.019412205
2018-12-22 14:00,0,-0.02423467,-0.03686478,-0.02065994
2018-12-22 15:00,0,-0.024812759,-0.036887381,-0.021708965
2018-12-22 16:00,0,-0.024327602,-0.037457933,-0.020240089
2018-12-22 17:00,0,-0.022437761,-0.037251003,-0.019541716
2018-12-22 18:00,0,-0.021145079,-0.036810929,-0.020530516
2018-12-22 19:00,0,-0.022021296,-0.036527397,-0.021639626
2018-12-22 20:00,0,-0.022126312,-0.036137216,-0.022141486
2018-12-22 21:00,0,-0.022514421,-0.037207916,-0.022198471
2018-12-22 22:00,0,-0.022165153,-0.037892421,-0.02139194
2018-12-22 23:00,0,-0.021859359,-0.037150206,-0.020401141
2018-12-23 00:00,0,-0.021244056,-0.0358657,-0.019705172
2018-12-23 01:00,0,-0.020928122,-0.035212687,-0.019259361
2018-12-23 02:00,0,-0.020702444,-0.034477867,-0.018510199
2018-12-23 03:00,0,-0.020226936,-0.033573401,-0.016887093
2018-12-23 04:00,0,-0.019820593,-0.032519723,-0.016084948
2018-12-23 05:00,0,-0.019791093,-0.032179599,-0.016922235
2018-12-23 06:00,0,-0.02092116,-0.032676585,-0.019085116
2018-12-23 07:00,0,-0.022034169,-0.034140037,-0.020399262
2018-12-23 08:00,0,-0.022950686,-0.035898391,-0.020195302
2018-12-23 09:00,0,-0.023811035,-0.037329747,-0.018961273
2018-12-23 10:00,0,-0.022267646,-0.036789218,-0.017301134
2018-12-23 11:00,0,-0.019279993,-0.036439139,-0.016060694
2018-12-23 12:00,0,-0.021705951,-0.037139124,-0.015929522
2018-12-23 13:00,0,-0.023120321,-0.037725138,-0.018608411
2018-12-23 14:00,0,-0.023092962,-0.037278848,-0.019941679
2018-12-23 15:00,0,-0.023646499,-0.03723293,-0.02117824
2018-12-23 16:00,0,-0.023111791,-0.036997744,-0.019384855
2018-12-23 17:00,0,-0.021309459,-0.036283057,-0.018400477
2018-12-23 18:00,0,-0.02064917,-0.036334353,-0.019970804
2018-12-23 19:00,0,-0.021710787,-0.035678745,-0.020821732
2018-12-23 20:00,0,-0.02198421,-0.036087449,-0.021186477
2018-12-23 21:00,0,-0.022301686,-0.036934926,-0.021352626
2018-12-23 22:00,0,-0.021981491,-0.038135907,-0.021281531
2018-12-23 23:00,0,-0.021638089,-0.036828686,-0.020104984
2018-12-24 00:00,0,-0.020947553,-0.035474335,-0.019619026
2018-12-24 01:00,0,-0.020738365,-0.034952417,-0.019079506
2018-12-24 02:00,0,-0.020182624,-0.034044205,-0.018179729
2018-12-24 03:00,0,-0.019976572,-0.032997356,-0.016798861
2018-12-24 04:00,0,-0.019898437,-0.032291063,-0.016998507
2018-12-24 05:00,0,-0.020537971,-0.033251649,-0.018067761
2018-12-24 06:00,0,-0.022188089,-0.034307953,-0.020445596
2018-12-24 07:00,0,-0.023333334,-0.036049554,-0.022038003
2018-12-24 08:00,0,-0.02399843,-0.037270189,-0.022806533
2018-12-24 09:00,0,-0.024382121,-0.037823854,-0.022055163
2018-12-24 10:00,0,-0.022455461,-0.036415927,-0.020380597
2018-12-24 11:00,0,-0.019296656,-0.035568197,-0.01926378
2018-12-24 12:00,0,-0.021627229,-0.036339912,-0.019087891
2018-12-24 13:00,0,-0.02305634,-0.036946134,-0.020704455
2018-12-24 14:00,0,-0.022872646,-0.037611235,-0.022115191
2018-12-24 15:00,0,-0.023373746,-0.0373308,-0.022557794
2018-12-24 16:00,0,-0.022447897,-0.036946999,-0.019441051
2018-12-24 17:00,0,-0.019959044,-0.035528244,-0.017160603
2018-12-24 18:00,0,-0.018921203,-0.034776094,-0.017919026
2018-12-24 19:00,0,-0.020194657,-0.034955625,-0.018937379
2018-12-24 20:00,0,-0.02113481,-0.035459827,-0.01988545
2018-12-24 21:00,0,-0.022013474,-0.036766246,-0.0207416
2018-12-24 22:00,0,-0.021906987,-0.038031823,-0.019686031
2018-12-24 23:00,0,-0.021547295,-0.03654622,-0.018575698
2018-12-25 00:00,0,-0.020900963,-0.035310072,-0.017930248
2018-12-25 01:00,0,-0.020558535,-0.034260114,-0.017469397
2018-12-25 02:00,0,-0.020106287,-0.033239784,-0.01674945
2018-12-25 03:00,0,-0.019690696,-0.032253448,-0.015232515
2018-12-25 04:00,0,-0.019098117,-0.030581447,-0.014748567
2018-12-25 05:00,0,-0.019101098,-0.029663117,-0.01557147
2018-12-25 06:00,0,-0.020331504,-0.029410328,-0.017959193
2018-12-25 07:00,0,-0.02140921,-0.030417957,-0.019835303
2018-12-25 08:00,0,-0.022353591,-0.031419547,-0.021050713
2018-12-25 09:00,0,-0.023122632,-0.03186615,-0.02073268
2018-12-25 10:00,0,-0.021758052,-0.030957394,-0.018882243
2018-12-25 11:00,0,-0.018612091,-0.030299614,-0.017020257
2018-12-25 12:00,0,-0.020822128,-0.030821004,-0.016399464
2018-12-25 13:00,0,-0.022318962,-0.031675228,-0.018076
2018-12-25 14:00,0,-0.022131045,-0.032319775,-0.019262601
2018-12-25 15:00,0,-0.022735308,-0.032579662,-0.02012507
2018-12-25 16:00,0,-0.022346761,-0.033014486,-0.017944499
2018-12-25 17:00,0,-0.020761289,-0.032836273,-0.017381048
2018-12-25 18:00,0,-0.020260491,-0.032882943,-0.018912907
2018-12-25 19:00,0,-0.021135384,-0.033455134,-0.020323658
2018-12-25 20:00,0,-0.021575201,-0.033821069,-0.021323398
2018-12-25 21:00,0,-0.022145281,-0.035778152,-0.021829897
2018-12-25 22:00,0,-0.021956294,-0.036848307,-0.020756867
2018-12-25 23:00,0,-0.021692749,-0.035657654,-0.019709888
2018-12-26 00:00,0,-0.02113968,-0.034458438,-0.019140799
2018-12-26 01:00,0,-0.020949479,-0.033585337,-0.018656402
2018-12-26 02:00,0,-0.020537711,-0.032675301,-0.017874616
2018-12-26 03:00,0,-0.020169624,-0.031948788,-0.016266862
2018-12-26 04:00,0,-0.019665968,-0.030959188,-0.015762971
2018-12-26 05:00,0,-0.019643562,-0.031127271,-0.016664003
2018-12-26 06:00,0,-0.020738802,-0.031880807,-0.018771136
2018-12-26 07:00,0,-0.021657743,-0.033493029,-0.020256917
2018-12-26 08:00,0,-0.022444008,-0.034612131,-0.020956841
2018-12-26 09:00,0,-0.022845068,-0.034867437,-0.020426115
2018-12-26 10:00,0,-0.021061363,-0.033811603,-0.018773391
2018-12-26 11:00,0,-0.017747336,-0.033239902,-0.017182484
2018-12-26 12:00,0,-0.020214904,-0.034195704,-0.016727285
2018-12-26 13:00,0,-0.021766967,-0.034862712,-0.018462871
2018-12-26 14:00,0,-0.021838135,-0.035471348,-0.019814093
2018-12-26 15:00,0,-0.022633656,-0.035617426,-0.020919355
2018-12-26 16:00,0,-0.022517772,-0.036133484,-0.019327554
2018-12-26 17:00,0,-0.02106852,-0.035958674,-0.018819847
2018-12-26 18:00,0,-0.020431626,-0.035153668,-0.02039289
2018-12-26 19:00,0,-0.021253714,-0.034982235,-0.021387049
2018-12-26 20:00,0,-0.021680489,-0.035040867,-0.021891969
2018-12-26 21:00,0,-0.022078549,-0.036937839,-0.021985747
2018-12-26 22:00,0,-0.021923982,-0.037839827,-0.020828617
2018-12-26 23:00,0,-0.021804203,-0.036799581,-0.019776186
2018-12-27 00:00,0,-0.021164967,-0.035298243,-0.019193571
2018-12-27 01:00,0,-0.020890958,-0.034221161,-0.018700303
2018-12-27 02:00,0,-0.020582072,-0.033476506,-0.018083313
2018-12-27 03:00,0,-0.020431753,-0.032847109,-0.016739296
2018-12-27 04:00,0,-0.020424864,-0.031457708,-0.016657067
2018-12-27 05:00,0,-0.021245996,-0.031350451,-0.018248921
2018-12-27 06:00,0,-0.022781152,-0.032241277,-0.020659951
2018-12-27 07:00,0,-0.023827088,-0.03389854,-0.022053673
2018-12-27 08:00,0,-0.024405579,-0.035045994,-0.022538273
2018-12-27 09:00,0,-0.024762799,-0.035417046,-0.021711494
2018-12-27 10:00,0,-0.023027141,-0.034346148,-0.019766668
2018-12-27 11:00,0,-0.019592483,-0.033688161,-0.018457083
2018-12-27 12:00,0,-0.022137381,-0.034509102,-0.018046105
2018-12-27 13:00,0,-0.023914584,-0.035538005,-0.019734058
2018-12-27 14:00,0,-0.02387027,-0.035952591,-0.020769438
2018-12-27 15:00,0,-0.024618952,-0.035856518,-0.020777382
2018-12-27 16:00,0,-0.024163844,-0.036188608,-0.01868343
2018-12-27 17:00,0,-0.021886385,-0.035626997,-0.01829061
2018-12-27 18:00,0,-0.020813655,-0.03501342,-0.020474436
2018-12-27 19:00,0,-0.021831322,-0.034759708,-0.021791457
2018-12-27 20:00,0,-0.022199758,-0.034949721,-0.022388832
2018-12-27 21:00,0,-0.022507453,-0.036567897,-0.022613758
2018-12-27 22:00,0,-0.022286437,-0.037489316,-0.020954715
2018-12-27 23:00,0,-0.02206598,-0.036862617,-0.019849448
2018-12-28 00:00,0,-0.021428691,-0.035628009,-0.019195473
2018-12-28 01:00,0,-0.021107896,-0.03435799,-0.018708232
2018-12-28 02:00,0,-0.020723408,-0.033788899,-0.018082415
2018-12-28 03:00,0,-0.020505404,-0.033122007,-0.016564382
2018-12-28 04:00,0,-0.020395823,-0.031832367,-0.016481981
2018-12-28 05:00,0,-0.021284193,-0.031876268,-0.018000651
2018-12-28 06:00,0,-0.022852539,-0.032636986,-0.020242314
2018-12-28 07:00,0,-0.023800667,-0.034251185,-0.021393871
2018-12-28 08:00,0,-0.024535018,-0.035447834,-0.021632945
2018-12-28 09:00,0,-0.024987338,-0.035749267,-0.020743368
2018-12-28 10:00,0,-0.023066779,-0.034928148,-0.018861235
2018-12-28 11:00,0,-0.019899665,-0.034150342,-0.017383058
2018-12-28 12:00,0,-0.02250048,-0.035254915,-0.016765718
2018-12-28 13:00,0,-0.024014099,-0.035958833,-0.018441115
2018-12-28 14:00,0,-0.023977416,-0.03639327,-0.019723212
2018-12-28 15:00,0,-0.024674537,-0.036294941,-0.02047369
2018-12-28 16:00,0,-0.024227328,-0.036066704,-0.018181272
2018-12-28 17:00,0,-0.022063172,-0.035856964,-0.017330999
2018-12-28 18:00,0,-0.020971498,-0.034870938,-0.019532806
2018-12-28 19:00,0,-0.021759929,-0.034754469,-0.021039223
2018-12-28 20:00,0,-0.02228645,-0.034908842,-0.021588493
2018-12-28 21:00,0,-0.022654057,-0.03645297,-0.021903141
2018-12-28 22:00,0,-0.022350995,-0.037443481,-0.020853889
2018-12-28 23:00,0,-0.022037885,-0.037540867,-0.019801487
2018-12-29 00:00,0,-0.021486893,-0.036104381,-0.019227122
2018-12-29 01:00,0,-0.021150882,-0.034974215,-0.018742233
2018-12-29 02:00,0,-0.020765265,-0.034045682,-0.017949371
2018-12-29 03:00,0,-0.020481862,-0.033036409,-0.016399085
2018-12-29 04:00,0,-0.020130684,-0.031285756,-0.015628994
2018-12-29 05:00,0,-0.020340638,-0.030284814,-0.016324251
2018-12-29 06:00,0,-0.021650207,-0.03051177,-0.018659331
2018-12-29 07:00,0,-0.02286401,-0.032257383,-0.020364687
2018-12-29 08:00,0,-0.023803173,-0.033564597,-0.021469115
2018-12-29 09:00,0,-0.024357818,-0.034677537,-0.021212772
2018-12-29 10:00,0,-0.022757154,-0.033732903,-0.019689891
2018-12-29 11:00,0,-0.019776743,-0.03302733,-0.018213512
2018-12-29 12:00,0,-0.022234662,-0.033940053,-0.01770858
2018-12-29 13:00,0,-0.023943755,-0.034903654,-0.018951171
2018-12-29 14:00,0,-0.023896905,-0.034882428,-0.019747851
2018-12-29 15:00,0,-0.024375504,-0.034918063,-0.020231807
2018-12-29 16:00,0,-0.024165043,-0.035157452,-0.018441642
2018-12-29 17:00,0,-0.022177078,-0.034788962,-0.017773496
2018-12-29 18:00,0,-0.021146832,-0.033814647,-0.019666422
2018-12-29 19:00,0,-0.021914234,-0.033379673,-0.020521274
2018-12-29 20:00,0,-0.022070342,-0.033365343,-0.021203887
2018-12-29 21:00,0,-0.022430501,-0.034804106,-0.021594427
2018-12-29 22:00,0,-0.021996338,-0.03597181,-0.0209745
2018-12-29 23:00,0,-0.021688335,-0.035868936,-0.01989519
2018-12-30 00:00,0,-0.021139468,-0.034897505,-0.019296861
2018-12-30 01:00,0,-0.020950224,-0.034344036,-0.018868123
2018-12-30 02:00,0,-0.020523981,-0.033631923,-0.018096715
2018-12-30 03:00,0,-0.020125602,-0.032643267,-0.016554027
2018-12-30 04:00,0,-0.01958341,-0.031212117,-0.015814896
2018-12-30 05:00,0,-0.01944965,-0.030754393,-0.016551604
2018-12-30 06:00,0,-0.020567199,-0.031066713,-0.018794134
2018-12-30 07:00,0,-0.021639958,-0.032278026,-0.02051874
2018-12-30 08:00,0,-0.022734694,-0.03347105,-0.021348683
2018-12-30 09:00,0,-0.023617497,-0.034226367,-0.020880112
2018-12-30 10:00,0,-0.022194832,-0.033637358,-0.01936586
2018-12-30 11:00,0,-0.019323039,-0.033539257,-0.017860659
2018-12-30 12:00,0,-0.021515321,-0.034314248,-0.017847404
2018-12-30 13:00,0,-0.023326644,-0.034908283,-0.019350002
2018-12-30 14:00,0,-0.023076733,-0.035396132,-0.02046767
2018-12-30 15:00,0,-0.023484057,-0.035031499,-0.021340301
2018-12-30 16:00,0,-0.022981348,-0.035068717,-0.019420788
2018-12-30 17:00,0,-0.021333141,-0.034884002,-0.018807005
2018-12-30 18:00,0,-0.020642959,-0.034895723,-0.020483464
2018-12-30 19:00,0,-0.021429496,-0.034803121,-0.021232444
2018-12-30 20:00,0,-0.021741673,-0.034656989,-0.021841465
2018-12-30 21:00,0,-0.022221935,-0.035847017,-0.022126441
2018-12-30 22:00,0,-0.021854689,-0.036469672,-0.020759594
2018-12-30 23:00,0,-0.021608023,-0.036065734,-0.019583901
2018-12-31 00:00,0,-0.021014204,-0.034631917,-0.019010005
2018-12-31 01:00,0,-0.020773547,-0.033959864,-0.018401416
2018-12-31 02:00,0,-0.020325832,-0.033152945,-0.017452097
2018-12-31 03:00,0,-0.020020256,-0.032281361,-0.015983054
2018-12-31 04:00,0,-0.019830455,-0.031288291,-0.016242266
2018-12-31 05:00,0,-0.020362825,-0.032306484,-0.017441991
2018-12-31 06:00,0,-0.021674387,-0.033185522,-0.01978728
2018-12-31 07:00,0,-0.022673758,-0.034978659,-0.02136704
2018-12-31 08:00,0,-0.023415533,-0.036002595,-0.02236612
2018-12-31 09:00,0,-0.023866675,-0.03666659,-0.021837804
2018-12-31 10:00,0,-0.02197553,-0.035497338,-0.020354253
2018-12-31 11:00,0,-0.018990404,-0.034838722,-0.018990026
2018-12-31 12:00,0,-0.021759618,-0.035895746,-0.018832079
2018-12-31 13:00,0,-0.023378226,-0.036614662,-0.020901684
2018-12-31 14:00,0,-0.023150319,-0.037024838,-0.022484186
2018-12-31 15:00,0,-0.023538511,-0.036361226,-0.023360759
2018-12-31 16:00,0,-0.022811306,-0.035752981,-0.020520089
2018-12-31 17:00,0,-0.0206665,-0.034864586,-0.018084039
2018-12-31 18:00,0,-0.019657807,-0.033894486,-0.018687349
2018-12-31 19:00,0,-0.020673197,-0.033679779,-0.019244555
2018-12-31 20:00,0,-0.021312421,-0.034073995,-0.019803016
2018-12-31 21:00,0,-0.021983911,-0.035574571,-0.020799622
2018-12-31 22:00,0,-0.021943261,-0.036715909,-0.021144347
2018-12-31 23:00,0,-0.022013626,-0.036680344,-0.020335802
